FID,IID,PC1,PC2,PC3,PC4,PC5,PC6,PC7,PC8,PC9,PC10,Sex
HG02922,HG02922,-0.5980623,0.04595905,-0.01355694,-0.009248969,-0.01579537,0.01145919,-0.04819591,0.09098485,0.02290638,-0.0230417,female
HG02923,HG02923,-0.595188,0.05343455,0.006782353,-0.006947626,0.002441223,0.01083293,-0.03518144,0.08992183,0.01766179,0.04621886,male
HG02938,HG02938,-0.5676628,0.05108221,-0.007776059,0.01351977,-0.006237966,0.01263321,-0.01293254,0.07800052,-0.01777909,0.01318918,male
HG02941,HG02941,-0.5831132,0.07142608,-0.02039809,-0.004553383,0.009606449,-0.001919501,-0.02810339,0.09864117,0.02517971,0.004715879,male
HG02943,HG02943,-0.5693131,0.05507923,-0.006099218,-0.00734707,-0.01294006,-0.02226114,-0.03933401,0.08286239,-0.01455286,0.01502954,female
HG02944,HG02944,-0.5876403,0.04641103,-0.007311665,-0.008519546,-0.01773452,-0.00870626,-0.0419523,0.06553358,0.01728897,0.02191644,male
HG02946,HG02946,-0.5965554,0.04681683,0.0006852791,0.009462368,-0.007089289,0.003529947,-0.06564605,0.1023756,0.0004213577,-0.01457973,female
HG02947,HG02947,-0.6019507,0.06648754,-0.006564604,-0.01142011,0.0001276392,-0.02024409,-0.02895204,0.05618202,-0.001954871,0.002053725,male
HG02952,HG02952,-0.5990819,0.05713442,-0.00274029,0.01719977,-0.002875883,-0.009582434,-0.04108272,0.07471214,-0.001443782,-0.02174599,female
HG02953,HG02953,-0.5826366,0.04762665,0.009829888,-0.001848841,0.01167538,-0.009617425,-0.04116892,0.09778631,0.04107939,-0.03169785,male
HG02968,HG02968,-0.5749476,0.05055133,0.01344259,0.006991966,-7.491897e-05,-0.0002750146,-0.01782737,0.04610169,0.005614378,0.0192222,male
HG02970,HG02970,-0.5751737,0.05058348,-0.003740549,-0.01656455,0.01439553,-0.009972547,-0.05083284,0.0436886,-7.008315e-05,-0.0006162665,female
HG02971,HG02971,-0.5996126,0.04567734,-0.007885432,0.008254054,0.01285363,-0.001266288,-0.03407608,0.1028845,0.0008597265,-0.02235743,male
HG02973,HG02973,-0.5884179,0.03499169,-0.006567337,-0.01151742,0.005401184,0.02366165,-0.02161337,0.06635859,0.001583413,-0.002153489,male
HG02974,HG02974,-0.5972695,0.06007565,0.00169241,-0.00127424,-0.0005024424,0.02175024,-0.002784943,0.07233538,-0.01061597,0.005103077,female
HG02976,HG02976,-0.583339,0.0683962,-0.01716772,0.02282448,0.03014138,-0.007272146,-0.02927362,0.0747141,0.01471028,0.0273746,female
HG02977,HG02977,-0.5788543,0.0407951,0.002919987,-0.00144308,-0.003470929,-0.03926483,-0.04231161,0.09066862,0.01619271,-0.03099065,male
HG02979,HG02979,-0.5948856,0.06189548,-0.01248181,0.01872519,-0.03256881,0.002018736,-0.02232214,0.0663817,0.008269743,0.0133178,female
HG02981,HG02981,-0.5971693,0.0549001,-0.01173202,0.02069729,-0.005101703,-0.02255579,-0.04376221,0.0775687,-0.04009543,0.02799668,male
HG03099,HG03099,-0.5968021,0.0627143,-0.01725972,-0.00125588,-0.006078034,-0.001256892,-0.02294163,0.05772519,0.005073467,0.007774005,female
HG03100,HG03100,-0.569629,0.0644871,-0.006594188,-0.007471034,0.003241892,-0.02288596,-0.05245492,0.04654842,0.02650856,0.02642833,male
HG03103,HG03103,-0.576611,0.05828477,-0.0125431,0.00524108,-0.00575243,0.002700698,-0.03400658,0.08249315,0.01951619,-0.01236815,male
HG03105,HG03105,-0.5753317,0.05198564,0.01653346,-0.01928278,0.005816756,0.008438835,-0.05504076,0.06081404,2.978738e-06,0.0393359,female
HG03108,HG03108,-0.5744054,0.0618967,-0.008302874,-0.001687577,-0.005818983,0.02670868,0.000333926,0.08863532,-0.01374664,0.02497047,female
HG03109,HG03109,-0.5763008,0.05109271,0.005919445,0.002421337,-0.01312576,-0.0009976508,-0.01061833,0.06651945,-0.0283177,0.01001958,male
HG03111,HG03111,-0.5975159,0.05716447,-0.007590477,-0.001184345,-0.01624689,-0.02662814,-0.0631285,0.0573463,0.00335034,-0.007951917,female
HG03112,HG03112,-0.586416,0.05458117,0.02435662,0.01595703,-0.006537337,0.0007902771,-0.0442625,0.07457153,0.008240553,-0.01425302,male
HG03114,HG03114,-0.5923545,0.04886719,-0.01730587,-0.009565467,-0.008763432,-0.01399949,-0.03807719,0.06008352,-0.007211122,0.01755353,female
HG03115,HG03115,-0.5760194,0.06218394,-0.008044299,-0.006519944,-0.0003127274,-0.009643989,-0.01572244,0.07762231,0.01424537,-0.004616959,male
HG03117,HG03117,-0.5861349,0.04694793,-0.02112653,0.01381177,-0.01136452,-0.03061435,-0.04423087,0.05389935,0.04480784,0.01554054,female
HG03118,HG03118,-0.5520338,0.06242302,-0.01191388,0.0142742,0.01040029,0.01478082,-0.02011189,0.1040055,-0.00328375,-0.02000995,male
HG03120,HG03120,-0.5636217,0.05370554,-0.008948799,0.009306692,-0.005556482,-0.002714301,-0.01296538,0.04966757,0.01340166,0.006025687,male
HG03121,HG03121,-0.577801,0.07916524,-0.003927727,0.009018853,-0.01570443,0.001153759,-0.04598853,0.05722381,0.04627591,0.03440132,female
HG03123,HG03123,-0.5880016,0.06329593,-0.006070153,0.007865468,-0.0132491,-0.0341729,-0.05982917,0.0741717,-0.03122954,-0.005399356,female
HG03124,HG03124,-0.5834841,0.04680647,-0.00251813,0.007991923,0.003429314,-0.006118423,-0.05911258,0.04431545,0.0494842,-0.02546268,male
HG03126,HG03126,-0.5933813,0.06361079,0.007882775,0.004639384,0.007502299,0.001547478,-0.05491264,0.09892065,-0.006626363,0.006103792,female
HG03127,HG03127,-0.5901209,0.03834748,0.001688114,0.006752992,-0.01222873,0.01079845,-0.05656743,0.0899386,0.01272781,-0.01252729,male
HG03129,HG03129,-0.5997056,0.0442164,2.239997e-05,0.004533559,-0.02109551,0.01577836,-0.04339731,0.08584528,0.007224171,-0.01378259,female
HG03130,HG03130,-0.5928008,0.06267603,-0.01779131,-0.01708334,0.003972696,0.01067577,-0.04544881,0.09744662,0.02025038,-0.01356543,male
HG03132,HG03132,-0.5665517,0.06605863,-0.007995764,-0.006802623,0.004085917,-0.01994429,-0.04158323,0.08363825,-0.05360857,0.005998474,female
HG03133,HG03133,-0.576861,0.06291069,0.01242624,0.008111349,0.007824512,-0.009163563,-0.01790544,0.0773281,0.02723663,-0.01978899,male
HG03135,HG03135,-0.5832384,0.06157153,0.004666024,0.006621718,0.02179952,0.00807933,-0.04143066,0.06128049,0.01511516,0.006277692,female
HG03136,HG03136,-0.57992,0.06246128,0.008739671,0.002477908,-0.0320971,-0.008565888,-0.020137,0.07629057,-0.007718348,0.02611647,male
HG03139,HG03139,-0.5813163,0.05955214,-0.008763387,-0.00602635,-0.01156723,-0.02991999,-0.04435379,0.05882433,0.02859618,-0.02217743,male
HG03157,HG03157,-0.5738306,0.06655286,-0.007297595,0.008464535,0.006887887,-0.01132247,-0.01611374,0.0475507,0.02442382,-0.01735221,male
HG03159,HG03159,-0.5943601,0.07318762,-0.009662404,-0.001458109,0.00194265,-0.005835821,-0.04150115,0.08101012,0.0005542661,0.001684826,female
HG03160,HG03160,-0.5789621,0.06198781,-0.007988609,-0.01107279,-0.001189937,-0.02320219,-0.02725477,0.09391567,3.868224e-05,-0.02177039,male
HG03162,HG03162,-0.5779966,0.0542369,-0.01244428,-0.01610278,0.00314873,-0.01014471,-0.04519515,0.1002614,0.02727606,-0.003043777,female
HG03163,HG03163,-0.6046316,0.05842058,-0.004640585,-0.01078987,0.0001607318,-0.0151055,-0.04289019,0.07147754,0.02911426,-0.002618716,male
HG03166,HG03166,-0.5912966,0.04237763,-0.006528637,-0.006048852,0.01565127,-0.01002732,-0.05182891,0.08237702,0.001073647,0.01115048,male
HG03168,HG03168,-0.5737062,0.06292264,-0.008489703,-0.007697586,0.00378693,0.01418977,-0.01057014,0.06730946,-0.02003545,0.0007681553,female
HG03169,HG03169,-0.5958149,0.06248803,-0.004129909,-0.00391386,-0.0002369623,-0.008635308,-0.0362804,0.1087019,0.01676979,0.004041705,male
HG03172,HG03172,-0.584838,0.04315519,-0.005589503,0.00257479,-0.008689227,0.005874551,-0.03802664,0.06171952,0.02242867,0.02396326,male
HG03175,HG03175,-0.6091174,0.07089941,-0.004359953,-0.001334477,-0.02283335,-0.02211817,-0.05392677,0.06940732,0.04338976,0.04568426,male
HG03189,HG03189,-0.5783705,0.05764905,0.01569621,-0.02132147,0.004450962,0.002800215,-0.03435972,0.08905415,0.008306626,0.04650581,female
HG03190,HG03190,-0.6047664,0.07416875,0.01925094,0.01150973,-0.01899321,0.003518404,-0.06389697,0.09536176,-0.001080644,-0.01437481,male
HG03193,HG03193,-0.6005701,0.06456008,-0.0006974412,-0.001128944,-0.003508934,-0.01615471,-0.01169159,0.08887314,0.01755893,-0.01816726,male
HG03195,HG03195,-0.5696305,0.06304831,-5.01402e-05,0.005484227,0.009376169,-0.01081034,-0.06765356,0.06210701,0.004968498,0.01875355,female
HG03196,HG03196,-0.5788531,0.05571563,0.004300326,0.00816181,0.004380439,-0.003484751,-0.03071571,0.08599155,-0.02871673,0.02838946,male
HG03198,HG03198,-0.5690012,0.04282708,0.003601989,-0.01300501,0.000745013,-0.008833363,-0.0288716,0.08501245,-0.01706943,-0.01465537,female
HG03199,HG03199,-0.5791798,0.04110912,0.004416192,-0.006313451,-0.004218054,-0.01035317,-0.06819357,0.08754714,-0.01395452,0.02619792,male
HG03202,HG03202,-0.5883203,0.06152851,-0.02355352,-0.01206353,-0.01092341,-0.008078777,-0.03573747,0.02945722,0.002370934,-0.004554839,male
HG03265,HG03265,-0.596026,0.06083948,-0.0142852,-0.01122527,0.008349398,-0.01572089,-0.03471744,0.06222576,0.006531435,-0.023672,male
HG03267,HG03267,-0.580963,0.0628855,0.01285628,-0.006450567,0.02197088,-0.01658551,-0.07269149,0.09673587,0.01247613,0.00892618,female
HG03268,HG03268,-0.573264,0.04726074,-0.01085278,-0.006891936,-0.006386803,0.009752804,-0.03813231,0.08897946,0.02238505,-0.02890818,male
HG03270,HG03270,-0.5947399,0.05436905,-0.01961086,0.01869465,-0.01301889,0.006805326,-0.02840116,0.0541612,0.0004364304,-0.0007317411,female
HG03271,HG03271,-0.5738538,0.05239556,0.0008495988,0.02284446,0.01320846,-0.007242997,-0.04873,0.08400137,-0.01662551,0.01863869,male
HG03279,HG03279,-0.5877449,0.05553367,0.02072016,0.0004126938,-0.0100802,-0.001748504,-0.03656467,0.0520049,0.02468322,0.0297005,female
HG03280,HG03280,-0.5989543,0.04748081,-0.005989292,0.01148806,0.008535412,0.0178832,-0.05327557,0.06925582,0.02609141,-0.01218143,male
HG03291,HG03291,-0.5880128,0.06573002,-0.008816048,-0.004958468,-0.005400935,-0.01343079,-0.009182023,0.06247076,0.02093089,-0.001407582,female
HG03294,HG03294,-0.5713226,0.05113119,-0.02055705,-0.002212571,-0.008394183,-0.006625762,-0.03598667,0.05054786,0.045522,0.01987397,female
HG03295,HG03295,-0.5613321,0.04674461,0.01717073,-0.02472225,0.0002368603,-0.01473656,-0.00824344,0.08035341,0.007029871,-0.01545581,male
HG03297,HG03297,-0.5965055,0.06542807,0.00188902,-0.01421612,-0.019317,-2.106839e-05,-0.02549584,0.06085093,-0.00689605,-0.03049092,female
HG03298,HG03298,-0.5788331,0.05160096,0.006385781,-0.01060235,-0.006888786,-0.02358176,-0.05492556,0.08343007,-3.137753e-06,0.01160548,male
HG03300,HG03300,-0.5830932,0.05643207,-0.012819,0.003788385,-0.01106607,-0.003645186,-0.06023127,0.07687379,-0.004684104,0.01411255,female
HG03301,HG03301,-0.5894953,0.03320984,0.0007178358,-0.002747321,0.01616286,-0.01056827,-0.06051551,0.08992374,0.01511037,0.01217305,male
HG03303,HG03303,-0.5913352,0.05510274,-0.01147852,-0.002413483,-0.01967836,-0.002347398,-0.02301995,0.05571283,0.01147489,0.004124458,female
HG03304,HG03304,-0.5787674,0.06314181,-0.01227783,0.006533195,-0.00776859,-0.03006397,-0.02957715,0.06964314,0.0269686,0.002644874,male
HG03311,HG03311,-0.598885,0.06795666,-0.01514558,-0.007062512,0.01017783,-0.0382388,-0.04088072,0.07898973,0.01434149,-0.008830733,male
HG03313,HG03313,-0.5969303,0.05664189,-0.003797833,-0.01152084,-0.01292208,-0.004420545,-0.01828519,0.1030456,0.01899975,0.01039887,male
HG03342,HG03342,-0.5810026,0.05785644,-0.01714158,0.01190218,-0.004136793,0.003138781,-0.03017518,0.04185937,-0.01285091,0.008415697,female
HG03343,HG03343,-0.583004,0.05602328,-0.008761214,0.01338204,0.01455587,-0.0230671,-0.03821352,0.07013236,0.02802033,-0.03967038,male
HG03351,HG03351,-0.587362,0.05532841,-0.005898602,-0.008738512,0.02437733,-0.01572377,-0.009885715,0.05921153,0.03074133,0.05854471,female
HG03352,HG03352,-0.5825341,0.05237819,-0.002754015,-0.003576676,0.01111992,-0.02794007,-0.04908269,0.07555438,0.007068097,0.003149959,male
HG03354,HG03354,-0.5861808,0.0438154,-0.01371811,0.01064037,-0.00545607,-0.0241597,-0.06806314,0.08230994,-4.156857e-05,-0.02738457,female
HG03363,HG03363,-0.5736519,0.05731328,-0.007082648,0.0007085224,0.007737509,-0.009515233,-0.04912359,0.04021442,0.001334414,-0.01274372,female
HG03366,HG03366,-0.6122014,0.02929079,-0.005739518,0.01450118,0.002916306,-0.01980611,-0.0385976,0.07439376,-0.01805441,-0.008856841,female
HG03367,HG03367,-0.5827646,0.06519663,0.00486773,0.01470945,-0.01006511,-0.009067271,-0.02245467,0.1075908,-0.004984286,-0.004030216,male
HG03369,HG03369,-0.5628959,0.03802283,-0.01206888,0.01273681,-0.005036018,-0.01528028,-0.03764891,0.03289043,0.002629422,-0.00687806,female
HG03370,HG03370,-0.5737488,0.07146976,0.01194218,-0.008175011,0.02207052,-0.006805496,-0.0376235,0.07780921,0.008749622,0.006975664,male
HG03372,HG03372,-0.5585456,0.05518687,0.01717827,-0.009280925,0.01151483,-0.02223041,-0.04884238,0.06072965,0.05650498,0.04181258,female
HG03499,HG03499,-0.5735104,0.04932496,0.01136497,0.001532539,-0.02566412,-0.007688921,-0.003896198,0.06999481,-0.01326157,-0.002207598,female
HG03511,HG03511,-0.5527518,0.04224007,-0.01174066,-0.0006088474,0.006453606,0.001572003,-0.05021536,0.06994342,-0.0100157,-0.00807487,female
HG03514,HG03514,-0.5726028,0.07302616,0.00536886,-0.0116014,-0.004478256,0.002341796,-0.02011151,0.05185278,0.004064797,0.01026857,female
HG03515,HG03515,-0.5526478,0.03211332,-0.003290802,0.01673652,-0.001782227,0.005183906,-0.05664409,0.07965754,-0.004258268,-0.007639066,male
HG03517,HG03517,-0.6012834,0.06151595,-0.003189752,-0.001286738,-0.02932497,0.002436166,-0.01930431,0.08860907,0.02568403,-0.01958647,female
HG03518,HG03518,-0.5802208,0.04857874,-0.017694,-0.005417896,-0.007668547,0.01050858,-0.03264384,0.04513032,0.003236544,0.02803169,male
HG03520,HG03520,-0.6122549,0.03999165,0.01907016,0.002645227,0.01516131,0.002379299,-0.03333764,0.0373862,0.01990321,-0.01749334,female
HG03521,HG03521,-0.5887222,0.05383096,-0.01242281,-0.00484652,0.00596051,-0.01797265,-0.05112277,0.0891818,0.02542901,-0.01664601,male
HG02461,HG02461,-0.5555141,0.03798122,0.001339764,0.0065912,-0.002455585,0.03425126,0.08841098,-0.0936542,-0.009788586,-0.06727777,male
HG02462,HG02462,-0.545947,0.03257926,0.01957635,-0.007975641,0.004993886,0.04824628,0.1054605,-0.07769278,0.02802065,-0.0202901,female
HG02464,HG02464,-0.5648652,0.04134848,-0.01370072,0.002130554,0.007904284,0.06271359,0.08472344,-0.07490835,-0.02376424,-0.03553642,male
HG02465,HG02465,-0.5814486,0.05069417,-0.008385173,-0.007902233,-0.006749765,0.06124754,0.1209062,-0.02508004,0.01100395,-0.05188856,female
HG02561,HG02561,-0.5449839,0.03212635,-0.01116439,0.01001674,0.01293301,0.03847768,0.1196625,-0.06131059,0.01532389,0.03166672,male
HG02562,HG02562,-0.5305069,0.0507767,-8.14838e-05,0.002818282,0.02236539,0.03068199,0.07758515,-0.06116403,-0.004783465,0.009292266,female
HG02568,HG02568,-0.5363436,0.0348635,-0.007841297,-0.001602241,0.0177637,0.02895399,0.1037148,-0.08273481,0.02607012,-0.02428959,female
HG02570,HG02570,-0.5613835,0.03223152,0.004665062,0.01633983,-0.006487748,0.06760145,0.0923576,-0.04290134,0.003585402,0.00935433,male
HG02571,HG02571,-0.5597836,0.04877739,-0.006178083,-0.001341776,0.0187256,0.06707083,0.09113965,-0.06984027,0.01066659,-0.01933527,female
HG02573,HG02573,-0.5703347,0.03308252,0.001789784,-0.01394,0.007038768,0.05276829,0.1092252,-0.08995896,0.004549326,-0.03484714,male
HG02574,HG02574,-0.5230056,0.02752411,0.004951406,0.001069616,-0.009195422,0.05353092,0.09705749,-0.04636958,0.02934949,-0.0292272,female
HG02582,HG02582,-0.5630644,0.04815068,-0.01809784,-0.01222751,0.0140656,0.05277075,0.1160118,-0.05828809,-0.001904292,-0.03714877,male
HG02583,HG02583,-0.5958836,0.03973246,0.002815061,-0.0009416425,0.00513812,0.0468132,0.1124769,-0.05962956,0.01226811,0.01820298,female
HG02585,HG02585,-0.5729423,0.04981148,0.005981773,-0.002603282,-0.01563833,0.06769566,0.125511,-0.1207334,-0.02341539,0.02081824,male
HG02586,HG02586,-0.5420022,0.02595025,-0.01116582,-0.009275098,0.003308652,0.04874661,0.1235428,-0.08705796,-0.01034447,-0.02230268,female
HG02588,HG02588,-0.5609018,0.0231041,-0.003494811,0.002270461,0.005889964,0.05581906,0.1040183,-0.03674823,-0.0003766135,0.008504312,male
HG02589,HG02589,-0.5513027,0.0386882,-0.01326306,0.007863496,0.01294632,0.04317842,0.08188224,-0.09772834,-0.02129006,0.002533333,female
HG02594,HG02594,-0.5543305,0.05229018,-0.00226037,-0.01546592,-0.007248969,0.04055051,0.07819687,-0.080882,-0.01971448,-0.01118073,male
HG02595,HG02595,-0.582084,0.03651442,0.005127652,0.009712529,0.003867366,0.0543625,0.09682353,-0.06353542,-0.002603141,0.0440334,female
HG02610,HG02610,-0.5688184,0.04363219,0.003114682,0.002932331,-0.01191148,0.06208357,0.08060753,-0.08345487,-0.02024999,-0.01788754,male
HG02611,HG02611,-0.5747965,0.04664291,-0.01175064,-0.01012366,0.0115777,0.07768606,0.1103636,-0.1345288,0.007568925,-0.03948718,female
HG02613,HG02613,-0.5547623,0.03781522,0.00338462,-0.01342934,-0.001608085,0.04087852,0.1104827,-0.017027,0.02567114,0.01854356,male
HG02614,HG02614,-0.5179361,0.02492689,-0.007451503,-0.02411396,-0.0003215564,0.06572787,0.07609589,-0.02430614,-0.001860857,-0.003721116,female
HG02620,HG02620,-0.5640399,0.05709696,0.006176816,-0.01064734,0.01122025,0.04494624,0.131603,-0.05510187,-0.004562415,0.01821486,male
HG02621,HG02621,-0.5522276,0.0494756,-0.007174607,-0.01084314,0.01860293,0.04102506,0.07863167,-0.08149668,0.03832833,0.0006406639,female
HG02623,HG02623,-0.5548439,0.03917152,0.01182272,-0.005331726,0.006148751,0.05096503,0.1137264,-0.1203124,-0.003562417,-0.0194854,male
HG02624,HG02624,-0.5825769,0.05499829,0.003222953,0.00395062,-0.01185746,0.07352064,0.1302124,-0.08456679,0.01061456,-0.05114892,female
HG02628,HG02628,-0.5619454,0.05119748,0.01116792,0.01167174,-0.01443743,0.09744046,0.1156641,-0.07612567,0.01207695,-8.334296e-05,male
HG02629,HG02629,-0.5595698,0.05404623,-0.01160127,-0.006766297,-0.009320767,0.06058924,0.08288027,-0.066787,0.0005000963,-0.03001981,female
HG02634,HG02634,-0.5618926,0.03335629,-0.001662092,-0.004109455,-0.001098429,0.05033303,0.1154859,-0.06154985,0.01235559,0.005819562,male
HG02635,HG02635,-0.560036,0.06246133,0.0147713,-0.003608955,0.006266379,0.05305001,0.09482147,-0.0330214,-0.003927947,0.01560008,female
HG02642,HG02642,-0.5735675,0.0261221,-0.008647947,-0.01246305,-0.001027488,0.04703084,0.1007343,-0.07134056,-0.009119869,0.0263727,male
HG02643,HG02643,-0.5575432,0.03122005,0.007195131,-0.01607099,-0.004726697,0.07206849,0.08870821,-0.06585041,-0.02676791,-0.02326251,female
HG02645,HG02645,-0.56024,0.03544712,0.00152558,0.007919649,-0.009037293,0.03284761,0.1323983,-0.1003448,0.0154719,-0.01809966,male
HG02646,HG02646,-0.5910911,0.04787301,0.01256596,-0.01399539,0.01047801,0.08957369,0.1306988,-0.1025107,-0.0206991,-0.009717005,female
HG02666,HG02666,-0.5617891,0.04740677,0.009200241,-0.003059774,0.007951547,0.06534072,0.1318525,-0.06229506,0.005608142,-0.009070757,male
HG02667,HG02667,-0.5518461,0.04596964,0.002858259,-0.01387167,0.001897654,0.04800935,0.1162918,-0.08414574,-0.04173584,-0.004104649,female
HG02675,HG02675,-0.5418629,0.03382053,-0.0006191837,0.007429324,0.00756617,0.0430325,0.1293252,-0.05312305,0.006159802,0.003787808,male
HG02676,HG02676,-0.5412173,0.0543908,0.007886776,-0.001757012,0.01519197,0.05074578,0.08973658,-0.08423655,-0.008626368,-0.005693631,female
HG02678,HG02678,-0.5474242,0.03854586,-0.009531964,-0.0169386,0.00284314,0.05671542,0.09649035,-0.04752259,0.02729008,0.01056427,male
HG02679,HG02679,-0.5742557,0.03212101,0.007425129,-4.625383e-06,-0.00561217,0.06101664,0.09512553,-0.02771723,0.006717558,-0.004555846,female
HG02702,HG02702,-0.5587253,0.04768601,-0.004396087,-0.01151175,0.00182126,0.04561584,0.1155377,-0.04833268,-0.02522291,0.004807358,male
HG02703,HG02703,-0.5514477,0.03932283,-0.002692513,-0.009402299,-0.0147768,0.03887552,0.09703561,-0.06935005,0.005733547,-0.000474433,female
HG02715,HG02715,-0.5753214,0.05161762,0.005753596,0.009775024,-0.004582124,0.0735137,0.09455619,-0.05611647,0.01920232,-0.01142495,male
HG02716,HG02716,-0.5593175,0.05721971,0.00768652,0.003282738,0.0009395909,0.03007978,0.116344,-0.06057494,0.001529099,-0.01268369,female
HG02721,HG02721,-0.5446717,0.02856926,-0.004161313,0.001413614,-0.01921349,0.07902486,0.1137875,-0.06488555,0.04051748,-0.04490591,male
HG02722,HG02722,-0.5526851,0.04498623,0.001042962,-0.01237786,0.01644041,0.06234224,0.105335,-0.05182219,0.005815925,0.03238038,female
HG02756,HG02756,-0.5520026,0.03985988,-0.006800116,0.02016861,-0.0005089487,0.04493155,0.1271815,-0.1137101,0.03551181,-0.02398565,male
HG02757,HG02757,-0.5449862,0.042899,-0.001671327,-0.009016705,0.01993063,0.04356777,0.07335347,-0.0643285,-0.01671536,-0.03070257,female
HG02759,HG02759,-0.5762623,0.04411658,-0.01532483,-0.01325088,0.01343099,0.01898282,0.08926179,-0.06065908,0.01350713,-0.02432585,male
HG02760,HG02760,-0.5708698,0.05936283,0.02724006,-0.01764628,0.00146057,0.02557171,0.09275744,-0.01443987,-0.004719883,0.005193005,female
HG02763,HG02763,-0.5699678,0.04829526,0.0170975,-0.005445954,-0.004562736,0.06452615,0.09117288,-0.05819431,0.0112213,0.01568218,female
HG02768,HG02768,-0.5555044,0.05280138,-0.007198035,-0.01629136,-0.01660478,0.07679935,0.07932222,-0.07412588,0.02070382,0.05128169,male
HG02769,HG02769,-0.5603356,0.06749247,-0.01927903,-0.01982811,0.009763002,0.04669364,0.07965355,-0.05053992,-0.04642731,0.01508818,female
HG02771,HG02771,-0.5369242,0.04284326,0.01092646,-0.01229415,0.006352068,0.03610655,0.05880642,-0.05517478,-0.04835058,-0.002317357,male
HG02772,HG02772,-0.5743479,0.06995209,0.005433128,0.01331909,-0.01942276,0.07683983,0.08985862,-0.0697567,0.006347974,0.01442555,female
HG02798,HG02798,-0.5689856,0.05305517,-0.008230853,-0.00419954,-0.001210438,0.05673499,0.1141758,-0.07648393,0.0172727,-0.007387836,male
HG02799,HG02799,-0.5485673,0.04120893,-0.01526672,-0.01164687,-0.009649862,0.06252806,0.07336398,-0.0539485,0.02048396,0.01228726,female
HG02804,HG02804,-0.5652185,0.05450358,0.01554074,-0.009043673,-0.003390396,0.07814639,0.1171944,-0.07298833,-0.04698916,-0.04888677,male
HG02805,HG02805,-0.5923379,0.0713835,0.0132954,0.005911047,0.002985308,0.07723237,0.1068546,-0.0457048,-0.01629803,0.009018568,female
HG02807,HG02807,-0.5214379,0.02945632,-0.004774889,-0.0008025942,0.01398708,0.0569557,0.07927222,-0.09033587,-0.002302887,0.0112275,male
HG02808,HG02808,-0.5470948,0.02441046,0.01766493,-0.004838663,-0.01139051,0.06174047,0.1147863,-0.08119484,-0.007242291,-0.00313459,female
HG02810,HG02810,-0.5182414,0.01902317,0.004326272,-0.01498972,-0.009341149,0.05050181,0.07351176,-0.0457931,0.01670965,0.03914614,male
HG02811,HG02811,-0.5860551,0.04758794,-0.008496994,-0.0140617,-0.0007535931,0.03567795,0.1105006,-0.08119992,-0.01953619,0.01224686,female
HG02813,HG02813,-0.5782243,0.04906739,0.004627682,-0.0135215,-0.01109367,0.06927776,0.1202136,-0.07417764,-0.001255351,-0.03442064,male
HG02814,HG02814,-0.5833638,0.04107537,0.01292999,-0.004334017,-0.0005703425,0.049678,0.1067502,-0.03827251,0.01698583,-0.02076698,female
HG02816,HG02816,-0.5687777,0.0570819,-0.003037538,0.007364134,0.00394244,0.07871437,0.07846495,-0.07166697,-0.01648006,0.01431452,male
HG02817,HG02817,-0.5395008,0.02750252,0.005207987,-0.01606243,-0.01434108,0.05892002,0.1096915,-0.05089579,0.01339958,0.02770205,female
HG02819,HG02819,-0.5680238,0.06086836,0.008341525,0.0006786676,0.0006348554,0.07471323,0.08546737,-0.02575755,-0.01097919,-0.05334687,male
HG02820,HG02820,-0.5669088,0.04510536,-0.004028058,0.002068069,0.001225985,0.05203146,0.107774,-0.07718219,0.02256272,0.01262431,female
HG02836,HG02836,-0.5553794,0.04599481,0.002205373,-0.01384511,0.01658158,0.05171327,0.1193579,-0.10458,-0.01677059,-0.01112633,male
HG02837,HG02837,-0.5569744,0.0390689,-0.01447404,-0.007379552,-0.006763476,0.06779598,0.1304211,-0.05317024,0.02961821,-0.04095478,female
HG02839,HG02839,-0.5790049,0.04052742,-0.003041732,-0.006216035,-0.003074884,0.07111163,0.1022732,-0.0736966,-0.02171973,-0.03546566,male
HG02840,HG02840,-0.561048,0.04408097,-0.01293628,-0.02154119,0.02243627,0.02138417,0.08354517,-0.07576111,-0.006107663,-0.004864682,female
HG02851,HG02851,-0.5742675,0.04982121,0.02236776,-0.01227681,-3.152739e-05,0.04579379,0.07348057,-0.03227367,-0.0005948162,0.005156013,male
HG02852,HG02852,-0.5669458,0.04933172,0.009067813,-0.007371276,-0.002584338,0.04091008,0.1202437,-0.0901529,0.02617113,-0.01355086,female
HG02854,HG02854,-0.5572302,0.04863132,0.001173864,-0.001191257,0.01430585,0.0448817,0.08776449,-0.03058322,0.014884,0.009156838,male
HG02855,HG02855,-0.5534461,0.04262084,-0.01736613,-0.0109611,0.01609624,0.03246428,0.09078079,-0.07237804,-0.01286161,0.006128727,female
HG02860,HG02860,-0.5601178,0.04691975,0.01073219,-0.007817468,0.009199945,0.04053142,0.1089406,-0.06124103,-0.003106254,-0.009004067,male
HG02861,HG02861,-0.5455298,0.028109,0.00689609,0.002196491,-0.003067056,0.05314027,0.1278527,-0.07935225,-0.01630222,0.004603448,female
HG02870,HG02870,-0.5792644,0.03195758,-0.005204339,-0.01157417,0.008824513,0.03516562,0.0653445,-0.04835548,0.03228983,-0.0137379,female
HG02878,HG02878,-0.5597717,0.04319401,0.01264607,-0.004835896,0.005083708,0.0783966,0.1074826,-0.1022834,0.02810284,0.02641703,male
HG02879,HG02879,-0.5606935,0.04191543,-0.01893638,-0.009588243,-0.01657521,0.04674771,0.1110864,-0.05289813,-0.0159307,0.005756476,female
HG02881,HG02881,-0.5676397,0.02702186,0.004284537,-0.002795581,-0.00304147,0.02014961,0.07099691,-0.03800439,0.02008056,0.004043707,male
HG02882,HG02882,-0.5601575,0.04669837,-0.00405449,-4.473678e-05,-0.006553352,0.03687047,0.1317332,-0.06096907,0.02150047,0.008217166,female
HG02884,HG02884,-0.5583046,0.04281113,-0.007841207,0.006446826,-0.009098952,0.04702536,0.1107069,-0.07954989,-0.03438905,-0.02094024,male
HG02885,HG02885,-0.53406,0.0596401,-0.005450031,0.001362526,0.01638205,0.04751597,0.1090772,-0.0716302,-0.01497259,-0.01466782,female
HG02887,HG02887,-0.5821021,0.06654356,0.001623984,-0.01283063,-0.007291989,0.05264311,0.1303631,-0.109957,-0.01196048,-0.005623771,male
HG02888,HG02888,-0.569226,0.04117622,-0.003766798,0.002524044,0.01207372,0.06597522,0.106205,-0.07627898,-0.01910846,0.03272263,female
HG02890,HG02890,-0.5447081,0.04964806,0.01108918,0.005088838,0.000286371,0.05159178,0.1083616,-0.03945931,0.01275776,0.005010175,male
HG02891,HG02891,-0.5819317,0.04429529,0.00319703,-0.01269008,0.01432303,0.07554575,0.1207722,-0.06538634,-0.0194777,-0.002216461,female
HG02895,HG02895,-0.579378,0.05589724,0.01481714,-0.004531004,0.0003702547,0.06027493,0.1293674,-0.09584648,0.008446239,0.006722671,male
HG02896,HG02896,-0.565138,0.05049717,0.01288663,0.01356789,-0.00570516,0.05890044,0.09339185,-0.1007065,-0.008466953,-0.001254047,female
HG02982,HG02982,-0.5536582,0.04473386,-0.003928978,-0.02386859,-0.006555958,0.06204988,0.1061318,-0.06585302,0.01459292,0.01889711,male
HG02983,HG02983,-0.5708814,0.04510174,0.007061204,-0.007472561,0.004018797,0.05075806,0.1010033,-0.0832009,0.001297089,-0.05148009,female
HG03024,HG03024,-0.5568007,0.04135367,0.00537832,0.02206689,0.004469141,0.05048714,0.1080755,-0.0343885,0.03301096,0.01702664,male
HG03025,HG03025,-0.5698885,0.05316701,-0.007799164,-0.007257608,0.003941952,0.05483066,0.07850322,-0.03196785,0.01263635,-0.02538495,female
HG03027,HG03027,-0.583246,0.04300513,0.00405101,0.004075163,-0.01017466,0.04984237,0.1322998,-0.07797435,0.00361597,0.00678766,male
HG03028,HG03028,-0.5585819,0.04345093,0.003204631,-0.01014664,-0.006663269,0.04221474,0.08177318,-0.05252663,-0.02027668,-0.004787564,female
HG03039,HG03039,-0.5790326,0.05246227,-0.002294369,0.00579571,-0.00175178,0.03212411,0.07744588,-0.06527006,0.001732537,-0.01930934,male
HG03040,HG03040,-0.5593758,0.05555227,-0.01622885,-0.002861226,-0.005309603,0.001273281,0.04252513,-0.03907117,-0.008710058,-0.001596924,female
HG03045,HG03045,-0.5633632,0.05519109,-0.008566335,-0.01257027,0.002267484,0.0440564,0.09087396,-0.09829699,0.02374706,-0.004763915,male
HG03046,HG03046,-0.5542887,0.05424476,-0.005663802,-0.002251009,-0.01374287,0.06671109,0.0906134,-0.05263613,0.01923326,0.002771874,female
HG03048,HG03048,-0.5690608,0.03789063,-0.001591805,-0.001986699,0.006932816,0.0288792,0.0937065,-0.06438325,0.009803633,-0.03126647,male
HG03049,HG03049,-0.5680997,0.03328249,0.01040876,0.007008045,0.02942063,0.03515942,0.09859568,-0.1108529,-0.01455611,-0.05220922,female
HG03240,HG03240,-0.5606125,0.05776133,0.01282808,-0.006268858,-0.002691304,0.07286712,0.1073852,-0.06418146,-0.00615871,0.02366003,male
HG03241,HG03241,-0.5656178,0.05483789,-0.02826773,-0.004540268,0.001086514,0.01442514,0.09652778,-0.0626029,0.01044643,-0.004403208,female
HG03246,HG03246,-0.5359208,0.05039003,-0.005145168,0.01237615,-0.008824362,0.05260304,0.1167599,-0.0544165,0.007015432,-0.03233512,male
HG03247,HG03247,-0.5502912,0.03603745,-0.01880156,0.01519273,0.01183096,0.04041782,0.09602066,-0.0442379,0.006148266,-0.02936305,female
HG03258,HG03258,-0.5598683,0.05536906,0.004614462,0.008089254,0.007929079,0.06016044,0.08988409,-0.07470672,0.0001765511,0.02856583,male
HG03259,HG03259,-0.5554883,0.0502155,-0.003554416,-0.02182838,-0.008285364,0.0674216,0.1212014,-0.08917872,0.01261258,-0.008180187,female
HG03538,HG03538,-0.5375135,0.02989069,-0.01611888,0.009853652,-0.01498599,0.08258591,0.1202506,-0.08672936,0.00158063,-0.008937741,male
HG03539,HG03539,-0.5526595,0.03666651,0.01316011,-0.01708882,0.01329551,0.04316471,0.08068987,-0.05132032,-0.0107996,-0.01281082,female
NA19017,NA19017,-0.562806,0.05996975,-0.0161319,0.003361788,0.002091708,-0.09903628,-0.09010503,-0.04587146,-0.0004490058,0.02003492,female
NA19019,NA19019,-0.5336118,0.05631671,-0.01059221,-0.006792069,-0.01807961,-0.08994852,-0.1080141,-0.1166424,-0.01521033,0.002856784,female
NA19020,NA19020,-0.5125713,0.02645651,-0.01247619,-0.01032051,-0.003093908,-0.05671837,-0.05913287,-0.106452,-0.05371314,-0.01175294,male
NA19023,NA19023,-0.538064,0.05411341,0.0009408913,-0.006242062,0.02100803,-0.08126208,-0.08836209,-0.09832702,0.02649735,-0.03544206,female
NA19024,NA19024,-0.545827,0.03762956,0.0009105217,0.01401278,-0.01792358,-0.0964292,-0.09333258,-0.0833752,-0.004371406,-0.008457395,female
NA19025,NA19025,-0.5722368,0.0431616,-0.004234347,0.005298478,-0.003307909,-0.09985498,-0.118466,-0.1283802,0.009984232,0.001567993,male
NA19026,NA19026,-0.5550834,0.04403266,-0.003041405,-0.01082654,-0.01636001,-0.0948059,-0.07723644,-0.09299143,0.0001898879,-0.00841653,male
NA19027,NA19027,-0.5329935,0.03581584,-0.01117977,-0.00548579,-0.02541862,-0.09792191,-0.07322868,-0.1378018,-0.01662281,-0.04507888,male
NA19028,NA19028,-0.5358004,0.04036074,-0.003501973,0.01025336,0.01355869,-0.0848319,-0.09419459,-0.1085083,-0.002853877,0.01244783,male
NA19030,NA19030,-0.5462939,0.05447232,0.0007234119,-0.004139118,0.0007883741,-0.0952315,-0.09763818,-0.09691681,-0.02750073,0.0006939313,female
NA19031,NA19031,-0.5117289,0.03142446,-0.0003050798,-0.004302402,0.009155587,-0.07007236,-0.06325147,-0.1427978,0.03669653,-0.02813614,male
NA19035,NA19035,-0.5435165,0.04026293,-0.002030705,-0.0006011799,0.01293787,-0.1056347,-0.0774278,-0.1147079,0.004528304,0.04895288,male
NA19036,NA19036,-0.5630846,0.04417036,-0.004021155,-0.007461446,-0.008714831,-0.0796368,-0.07574888,-0.1346413,-0.008732399,-0.0001775143,female
NA19037,NA19037,-0.5454125,0.04410843,-0.004623192,-0.02212758,-0.01373203,-0.09698014,-0.09697445,-0.1114711,-0.00350598,0.02136952,female
NA19038,NA19038,-0.5406649,0.05183222,0.02032092,-0.01341726,0.01985269,-0.08646613,-0.07987694,-0.1000101,-0.02106699,0.01350721,female
NA19041,NA19041,-0.5287285,0.06051217,-0.01561954,-0.003294189,-0.00168105,-0.08734173,-0.06487464,-0.07524538,-0.01190653,0.02275369,male
NA19042,NA19042,-0.5213114,0.03812055,-0.0158799,-0.01349785,0.002874654,-0.1114757,-0.08536008,-0.1230501,-0.03429299,-0.06982872,female
NA19043,NA19043,-0.5254356,0.03963703,-0.003305507,0.001801332,0.009089127,-0.08708446,-0.08874809,-0.1175459,-0.01153217,0.01518824,male
NA19307,NA19307,-0.5343557,0.0430942,-0.006384583,0.004899633,0.02041176,-0.08072499,-0.09421756,-0.120487,-0.003544576,-0.008079641,male
NA19308,NA19308,-0.5255242,0.03340465,-9.663081e-05,0.003139479,0.01040896,-0.09888535,-0.1262962,-0.08327708,-0.001275239,0.01598541,male
NA19309,NA19309,-0.5574051,0.04729687,-0.01578333,-0.006900457,-0.009391819,-0.07810752,-0.08149806,-0.1416893,0.0118972,0.007783611,male
NA19310,NA19310,-0.5452775,0.05085454,-0.01746412,-0.009286612,-0.003645419,-0.1031708,-0.1012136,-0.09681889,0.03285808,-0.01768995,female
NA19312,NA19312,-0.5413563,0.02456524,-0.00346789,0.003852899,0.008713536,-0.1064939,-0.1064109,-0.1137878,-0.0148282,-0.01382006,male
NA19314,NA19314,-0.5183187,0.02978436,0.001335166,-0.01316671,0.004317571,-0.1268298,-0.1125506,-0.1062738,0.003874068,0.006399204,female
NA19315,NA19315,-0.5244946,0.02128157,0.02111337,0.0100376,-0.009162538,-0.1014319,-0.06965608,-0.1223514,-0.02882142,0.01053545,female
NA19316,NA19316,-0.5348944,0.0386083,-0.01991393,0.003949177,-0.02221259,-0.09901459,-0.09487872,-0.1393095,-0.01110551,0.04845262,female
NA19317,NA19317,-0.5486436,0.0420715,-0.007934817,-0.007313676,0.01149958,-0.0830871,-0.137051,-0.1379371,0.002595924,-0.004716499,male
NA19318,NA19318,-0.5424028,0.04798787,-0.01001121,0.00274636,0.002786221,-0.09771437,-0.1155126,-0.08610517,-0.01481176,-0.003037136,male
NA19319,NA19319,-0.5358441,0.04787126,-0.01207529,-0.003533741,0.01555165,-0.1017581,-0.07268266,-0.1141307,0.01965421,0.0325645,male
NA19320,NA19320,-0.5144161,0.04730849,0.001800083,0.0008110869,-0.01075918,-0.1059272,-0.1185028,-0.1387606,-0.004352942,-0.01870857,female
NA19321,NA19321,-0.5186335,0.04221516,0.00390068,-0.01458988,0.01851887,-0.1012732,-0.08837105,-0.1324726,-0.01940012,0.01065222,female
NA19323,NA19323,-0.5265949,0.04186298,-0.003072504,-0.007518439,-0.004967213,-0.07102513,-0.0806425,-0.08681273,-0.01736631,0.005642079,female
NA19324,NA19324,-0.5173115,0.04553068,0.003009335,0.002634672,-7.239154e-05,-0.05305424,-0.08440521,-0.1043959,0.01311089,-0.004516203,female
NA19327,NA19327,-0.5042027,0.03841424,-0.001986008,-0.01618511,-0.0001273528,-0.112098,-0.1104871,-0.1017341,-0.02666439,0.0208999,female
NA19328,NA19328,-0.5256805,0.04532107,-0.008087386,-0.003590895,0.006320549,-0.0560138,-0.09645993,-0.1500525,-0.002050212,0.01401355,female
NA19331,NA19331,-0.5456595,0.05061378,0.0006591331,-0.0178386,0.002163041,-0.08878421,-0.08133844,-0.1492422,-0.04924552,-0.001464272,male
NA19332,NA19332,-0.5353456,0.06589628,-0.008689019,-0.01428884,0.006136511,-0.1134352,-0.08257207,-0.08032925,0.008347099,0.01004139,female
NA19334,NA19334,-0.5508291,0.03946338,-0.007127391,-0.02063536,-0.000228795,-0.09711583,-0.08440018,-0.1358354,-0.04281871,-0.01234841,male
NA19338,NA19338,-0.5098037,0.0413694,0.006619527,-0.01715818,0.01058168,-0.08213789,-0.1093258,-0.1055477,0.01008414,0.03714444,female
NA19346,NA19346,-0.528603,0.04525966,-0.01042252,-0.01134537,-0.00681541,-0.1134202,-0.08209577,-0.1200614,0.004153921,0.01455987,male
NA19347,NA19347,-0.5212421,0.06583836,-0.01395019,-0.02005815,-0.001520773,-0.1060629,-0.1393242,-0.1225281,0.02431507,-0.02939949,male
NA19350,NA19350,-0.5428552,0.05779577,0.0005443398,0.0016747,-0.00397489,-0.1309783,-0.073957,-0.1026245,0.006364012,-0.01986151,male
NA19351,NA19351,-0.5591387,0.04112973,-0.002287044,0.00580724,-0.01475879,-0.07291591,-0.0704247,-0.09552871,-0.01279195,0.004038951,female
NA19355,NA19355,-0.5444411,0.04265448,0.0005591907,-0.02010113,0.01394316,-0.08383237,-0.09225379,-0.08641904,0.0384649,-0.06543161,female
NA19360,NA19360,-0.5319165,0.04828218,-0.005977502,-0.005921502,-0.001283661,-0.0707662,-0.09603774,-0.1282699,0.03122209,-0.03041103,male
NA19372,NA19372,-0.5462472,0.03163754,-0.0152656,-0.01318776,0.002906261,-0.076141,-0.06771686,-0.1371005,0.01206983,0.01975861,male
NA19374,NA19374,-0.528984,0.02997676,0.002300042,-0.00604022,0.003760786,-0.09633113,-0.04914063,-0.1273589,0.0133802,-0.01525244,male
NA19375,NA19375,-0.545052,0.03356467,-0.000203054,0.008889986,0.01475796,-0.08114813,-0.1262261,-0.1229062,-0.01268214,-0.01275813,male
NA19376,NA19376,-0.5585901,0.03824689,-0.009885044,-0.02467283,0.001669655,-0.107333,-0.1022235,-0.141591,0.001082411,0.002754605,male
NA19377,NA19377,-0.5433615,0.03145564,-0.003501173,-0.01167494,-0.001118575,-0.09897768,-0.1144696,-0.1059222,0.006149398,-0.00650654,female
NA19378,NA19378,-0.5302304,0.03504902,0.01325339,-0.005725277,0.006210991,-0.1013352,-0.09473626,-0.09759154,-0.03262263,-0.01033394,female
NA19379,NA19379,-0.5546331,0.04882435,-0.002974185,0.002072509,0.00954076,-0.1118395,-0.08955866,-0.1107081,-0.0009221687,-0.07478041,female
NA19380,NA19380,-0.5318216,0.03051669,-0.007292634,0.005078367,0.005797688,-0.09665972,-0.06701037,-0.09969173,-0.02651999,-0.01337787,male
NA19383,NA19383,-0.5376681,0.06272429,-0.0129845,-0.01599134,0.01249325,-0.06722802,-0.05816912,-0.1029174,0.002285646,-0.01373,male
NA19384,NA19384,-0.5524977,0.0431764,0.004150043,0.003072433,-0.01080589,-0.1030437,-0.07175353,-0.1051533,-0.03227054,0.0002467734,male
NA19385,NA19385,-0.5119357,0.02853398,-0.01369785,-0.002343801,0.03008954,-0.08152232,-0.08101056,-0.09307464,-0.02062562,-0.02973147,male
NA19390,NA19390,-0.5281434,0.04070064,-0.01113508,0.0006216368,-0.02824074,-0.07748089,-0.1050904,-0.08748228,0.001769296,-0.01753097,female
NA19391,NA19391,-0.5509757,0.04851267,-0.01612063,-0.00721766,0.005884444,-0.07634362,-0.08240254,-0.11514,0.04601613,-0.04351791,female
NA19393,NA19393,-0.5495933,0.03722619,0.01166122,0.01264125,-0.0004193698,-0.08599442,-0.0576247,-0.1208041,-0.03471797,-0.007747368,male
NA19394,NA19394,-0.550629,0.03880042,-0.008704803,-0.01580418,-0.00750998,-0.06906558,-0.09635561,-0.08731818,-0.03262365,0.05460951,male
NA19395,NA19395,-0.5161468,0.0352004,0.003466012,-0.02070832,0.01138943,-0.0718662,-0.09650352,-0.0932816,0.01221868,0.007737905,female
NA19397,NA19397,-0.5525247,0.04033303,0.01104174,0.003677842,-0.002068253,-0.08949257,-0.08304611,-0.1035094,-0.01391094,-0.006806663,male
NA19399,NA19399,-0.541735,0.04504943,-0.005404606,-0.008459178,-0.008703642,-0.07634372,-0.1032675,-0.1118015,0.0117295,0.002014148,female
NA19401,NA19401,-0.532812,0.03244582,-0.004284056,-0.01691267,-0.007842209,-0.05736273,-0.05285045,-0.09995841,-0.01256895,0.03788855,female
NA19403,NA19403,-0.5178599,0.03854427,-0.00751434,-0.01077187,-0.00915429,-0.07771556,-0.08007375,-0.09466862,-0.008516183,0.02591665,female
NA19404,NA19404,-0.5377327,0.044152,-0.004852434,0.000126104,0.002733713,-0.0961843,-0.08981376,-0.06862443,9.289986e-05,-0.01075846,female
NA19428,NA19428,-0.5175666,0.03102022,0.005726363,0.00702858,0.03422415,-0.07322217,-0.09656918,-0.1092139,0.01138907,-0.0007705006,male
NA19429,NA19429,-0.5497571,0.04275593,-0.001327315,0.007515296,-0.002548033,-0.09022912,-0.1007155,-0.09022007,-0.06103138,-0.03375433,male
NA19430,NA19430,-0.5525922,0.04700214,-0.00343079,0.003627779,-0.01072178,-0.09509088,-0.06951041,-0.1193687,0.004221434,0.0495473,male
NA19431,NA19431,-0.5417654,0.05764719,-0.002315216,-0.006262952,0.002997263,-0.09280275,-0.1037145,-0.1101183,0.03418286,-0.01671399,female
NA19434,NA19434,-0.5370258,0.04219648,0.0001748707,-0.0001538032,0.01156301,-0.1057333,-0.08678298,-0.09512957,0.006687612,-0.0393246,female
NA19435,NA19435,-0.5290052,0.03788367,-0.01244245,-0.01760404,0.01186554,-0.1014858,-0.1056353,-0.1111148,-0.02889713,0.00181306,female
NA19436,NA19436,-0.5426602,0.04505446,-0.01869895,-0.003774745,0.01023336,-0.08155678,-0.0863102,-0.1232335,-0.03489387,-0.008911732,female
NA19437,NA19437,-0.5051346,0.0332613,-0.003121802,0.008712506,-0.01322106,-0.09201443,-0.09675164,-0.09211987,0.0177143,0.001152425,female
NA19438,NA19438,-0.5225503,0.0429591,-0.01879002,-0.003170677,-0.01537217,-0.08003095,-0.08071635,-0.06137323,-0.00803439,-0.02042459,female
NA19439,NA19439,-0.5287082,0.0414791,-0.00282551,-0.01059299,0.01804548,-0.1107059,-0.07121918,-0.08997164,-0.03300499,-0.04023088,female
NA19440,NA19440,-0.5259694,0.03602474,-0.0004291066,-0.007449781,0.006781064,-0.100731,-0.0754389,-0.101903,0.01802393,0.02735694,female
NA19443,NA19443,-0.5489908,0.03144137,-0.005564715,0.004361319,0.0042746,-0.1070689,-0.10528,-0.09118634,0.000284701,0.02810616,male
NA19445,NA19445,-0.5273512,0.04144957,-0.005840565,-0.008328933,0.03287726,-0.07640088,-0.06123476,-0.08102033,-0.02045692,-0.01871319,female
NA19446,NA19446,-0.5601392,0.04562723,0.00149486,-0.01291062,0.0162624,-0.1178828,-0.08021043,-0.1123465,0.01518456,0.0220484,female
NA19448,NA19448,-0.537802,0.02951149,0.003412453,0.001301297,0.006266054,-0.1063552,-0.08899209,-0.1282654,-0.01190591,-0.007580304,male
NA19449,NA19449,-0.535443,0.03460159,0.005002188,-0.004526175,0.01740558,-0.07927542,-0.08468226,-0.09463018,-0.00784771,0.006599022,female
NA19451,NA19451,-0.5282548,0.05512603,-0.005846889,-0.0007749574,-4.529545e-05,-0.1000985,-0.1006346,-0.1096527,0.03576571,-0.0198217,male
NA19452,NA19452,-0.5396192,0.04803503,-0.01488677,-0.0146409,-0.0245668,-0.08927191,-0.07331643,-0.1104361,0.01681386,0.0203809,male
NA19454,NA19454,-0.5415294,0.03191644,-0.01423902,-0.001177167,0.01415986,-0.1369218,-0.09630589,-0.07918574,0.007267025,0.01130508,male
NA19455,NA19455,-0.5274469,0.04098433,-0.01204446,-0.03486519,-0.003654133,-0.1055711,-0.1002101,-0.1151643,-0.01427493,0.006074313,male
NA19456,NA19456,-0.5592505,0.05762026,-0.003493596,-0.001933555,0.003516832,-0.07440908,-0.08712312,-0.1280318,0.02089882,0.006239152,female
NA19457,NA19457,-0.5071098,0.04427909,-0.01628986,0.001478061,0.009276558,-0.07973236,-0.06585303,-0.09358025,0.02435573,0.04592565,female
NA19461,NA19461,-0.543412,0.02977622,-0.01016619,0.003976753,0.001541143,-0.09846826,-0.09787291,-0.1426182,-0.01123892,0.0378628,male
NA19462,NA19462,-0.5482947,0.0554774,0.004580909,0.005696467,-0.01015163,-0.06862866,-0.08408802,-0.07411172,0.005615984,0.03751865,female
NA19463,NA19463,-0.5222915,0.05478947,-0.003625933,-0.01516256,-0.01266483,-0.08872417,-0.04994699,-0.1166326,0.01510472,-0.006770313,female
NA19466,NA19466,-0.5271823,0.04327109,-0.004778921,-0.009102515,0.00986796,-0.09765026,-0.1177647,-0.08872202,0.005328685,-0.03176917,male
NA19467,NA19467,-0.5310489,0.0393917,-0.01017602,-0.002131096,0.006878022,-0.09565051,-0.07670782,-0.1047333,-0.01274552,-0.05826171,female
NA19468,NA19468,-0.5453477,0.04411482,0.02173025,-0.005551666,0.01595833,-0.08444612,-0.0712601,-0.1152749,-0.003300321,0.03345581,female
NA19471,NA19471,-0.5209485,0.04642402,0.009273628,0.003946184,0.01684334,-0.05798999,-0.08683807,-0.09803696,0.02069485,0.01588861,female
NA19472,NA19472,-0.5392423,0.02138452,-0.01402218,-0.007918149,-0.006759691,-0.08957012,-0.06834733,-0.1121028,0.001052471,-0.02589401,female
NA19473,NA19473,-0.5161845,0.03217985,-0.004013062,-0.01487848,0.001976519,-0.08544025,-0.08175491,-0.06967827,0.03491628,-0.005818946,female
NA19474,NA19474,-0.5179749,0.03176635,-0.0107652,0.006452716,0.006566753,-0.08454609,-0.09107243,-0.1026701,-0.005894156,0.01738288,female
NA19475,NA19475,-0.5395517,0.03990439,-0.01600054,-0.01079369,0.002665772,-0.07080765,-0.07939315,-0.08169446,-0.008947982,-0.0234537,female
HG03052,HG03052,-0.5992619,0.05584163,0.01466355,-0.004865232,0.006081813,0.05155129,0.0341672,-0.02365519,0.02579989,-0.01779739,female
HG03054,HG03054,-0.56345,0.06348486,0.001901363,-0.01307354,-0.002902851,0.05842998,0.07852864,0.02461645,-0.04029306,0.0399538,male
HG03055,HG03055,-0.563396,0.03861576,-0.0118098,0.003093345,-0.005562196,0.02015166,0.04072723,-0.02701239,-0.0003480002,0.02414158,female
HG03057,HG03057,-0.585008,0.04815421,0.01525885,0.01125299,0.01940335,0.02632812,0.02604151,-0.02974388,0.002988334,-0.02210668,male
HG03058,HG03058,-0.5904018,0.06461284,-0.00183413,-0.01415472,0.01732737,0.05164986,0.06508502,0.01140956,0.02996047,0.0138395,female
HG03060,HG03060,-0.5679396,0.04400833,0.006010268,0.00703984,-0.004717359,0.04739423,0.02934145,-0.004823752,-0.01623986,0.001858926,male
HG03061,HG03061,-0.575627,0.05340288,-0.01352237,0.006758366,-0.002559707,0.03956154,0.05295543,-0.01332489,-0.02935207,0.03086582,female
HG03063,HG03063,-0.5690666,0.06603532,-0.0007631616,-0.007130992,0.01359343,0.04380712,0.06548883,0.00938823,-0.01365662,0.005871739,male
HG03064,HG03064,-0.5560793,0.0681603,0.001485136,-0.02028557,0.008286086,0.03591297,0.02311748,-0.0337633,0.01576477,0.008596852,female
HG03066,HG03066,-0.5805458,0.05589725,0.01412289,-0.01356595,0.02096759,0.03362229,0.07129435,0.01077051,-0.04185238,0.01695853,male
HG03069,HG03069,-0.5955632,0.062452,0.01617583,0.005275051,0.001689755,0.05287384,0.06662674,0.001491625,-0.04161214,-0.01888577,male
HG03072,HG03072,-0.5872668,0.04798886,-0.001735904,-0.005555306,-0.0009458431,0.04394924,0.05459809,-0.006761992,-0.01869223,0.01080937,male
HG03073,HG03073,-0.5658508,0.04819268,0.008699849,-0.001576728,-0.007887281,0.04746387,0.03323262,-0.008406451,0.01577171,0.03666793,female
HG03074,HG03074,-0.5693905,0.04445793,-0.01094906,-0.003267455,-0.01238522,0.03449111,0.04284814,-0.006922692,-0.02638342,-0.007075267,male
HG03077,HG03077,-0.5992724,0.03371671,0.01399266,-0.005942004,0.003901024,0.02577412,0.07508002,-0.004321949,-0.008140942,-0.006054806,male
HG03078,HG03078,-0.555137,0.05212726,0.003496239,-0.005555243,-0.008235427,0.06238552,0.05843205,-0.01251941,-0.04250073,-0.01199753,male
HG03079,HG03079,-0.5470917,0.05343528,-4.379613e-05,-0.00433598,0.008050948,0.04349437,0.06827938,-0.01964255,0.04828228,-0.001992917,female
HG03081,HG03081,-0.5841589,0.06138735,-0.003061366,-0.007705005,-0.002476458,0.02200637,0.05670965,0.009321519,0.005594513,-0.02485819,male
HG03082,HG03082,-0.5772471,0.04858295,-0.0001451427,0.004010292,-0.009088298,0.0413045,0.035818,-0.03513051,-0.0112585,-0.00424337,female
HG03084,HG03084,-0.5859873,0.05365404,0.001012661,-0.00936466,0.004476629,0.02777065,0.05390266,-0.03056654,0.01418723,0.01519041,male
HG03085,HG03085,-0.5727284,0.04448493,0.002061198,-0.006743027,-0.01291148,0.03355284,0.05855615,0.009652067,0.009912725,-0.005919118,female
HG03086,HG03086,-0.5784105,0.04805271,0.01329365,0.003770634,-0.01783239,0.005859029,0.05656821,0.01873855,0.02088745,0.03273107,female
HG03088,HG03088,-0.5698108,0.05164261,-0.0181432,-0.02309627,0.01446727,0.02084187,0.07228278,-0.002479916,0.008219632,-0.012746,female
HG03091,HG03091,-0.5670122,0.03833342,0.01277763,0.01290919,-0.004031659,0.0514348,0.06019864,0.02879372,-0.01541976,0.01686123,female
HG03095,HG03095,-0.5590366,0.05850441,0.004055494,-0.008329638,-0.01478574,0.05427415,0.06787929,-0.004961224,-0.02543163,0.0009873264,female
HG03096,HG03096,-0.5660455,0.05491604,0.01353203,0.006126827,0.0007080819,0.06689146,0.0645348,0.01825234,0.01001329,-0.005119943,male
HG03097,HG03097,-0.5715996,0.05222349,0.02505706,0.009390543,-0.005918491,0.05374326,0.02931783,0.009355443,-0.01573748,0.05792459,female
HG03209,HG03209,-0.5781437,0.04793026,-0.002826356,-0.01714975,0.01610829,0.04820428,0.05147431,0.007887607,0.01753242,0.04466661,male
HG03212,HG03212,-0.5450234,0.04929759,0.009050947,-0.008945001,-0.01075448,0.06597879,0.02530759,-0.01986561,0.02682122,-0.01708077,female
HG03224,HG03224,-0.5781904,0.05161886,0.01141277,0.01001949,0.02166034,0.01801224,0.0669954,0.02032686,-0.03138828,0.04563766,male
HG03225,HG03225,-0.5838684,0.04139713,-0.01265757,0.001941835,-0.006480766,0.01875202,0.04475415,-0.02294791,-0.003395748,0.004298421,male
HG03376,HG03376,-0.5675633,0.04657788,-0.01739504,0.001560906,-0.002341165,0.04667194,0.04650519,0.02002715,-0.01372654,-0.01331044,male
HG03378,HG03378,-0.5644579,0.06470645,-0.0006642326,0.004292389,0.007894761,0.01841254,0.04246816,0.01630667,0.0002093532,0.02567424,female
HG03380,HG03380,-0.5750306,0.04612792,-0.00266712,0.004694687,0.01432154,0.04013122,0.05410141,-0.01941361,0.01159705,0.02260664,female
HG03382,HG03382,-0.5844237,0.04357838,-0.01563488,0.02374416,0.001508236,0.05384425,0.04892084,-0.01344068,-0.02760418,-0.006776483,male
HG03385,HG03385,-0.582866,0.04019216,-0.000519258,0.008288924,-0.004101568,0.04454264,0.04231903,0.006152107,-0.00489013,-0.002726289,male
HG03388,HG03388,-0.5638652,0.04465444,0.01558825,-0.00383277,-0.0006544282,0.05189517,0.06239061,0.0150486,-0.02763245,0.05608224,male
HG03391,HG03391,-0.5751235,0.05561936,0.009759456,0.008372653,0.009927323,0.03706762,0.08606847,0.002912076,0.03723106,0.0462266,male
HG03394,HG03394,-0.5832217,0.06400587,-0.005634626,-0.006894198,-0.007169534,0.04912025,0.06382168,0.00797126,-0.01236638,0.003283034,male
HG03397,HG03397,-0.5898494,0.05344202,-0.0115688,0.009100823,0.01971517,0.05638243,0.05361832,0.00303298,-0.03971511,-0.02409584,male
HG03401,HG03401,-0.5793026,0.04188016,0.008350837,-0.01155247,0.005059748,0.04925428,0.03250319,-0.01269797,0.01664764,0.03201522,female
HG03410,HG03410,-0.5695089,0.06416122,-0.0164148,0.005843895,0.008246786,0.04601564,0.06674286,-0.001852071,0.0183254,-0.01724815,female
HG03419,HG03419,-0.5606756,0.04437093,-0.01720344,0.005522727,-0.01286025,0.0215856,0.05187714,-0.002187221,0.001932626,0.002165319,female
HG03428,HG03428,-0.5749759,0.05509106,0.01668904,0.001986698,-0.01075079,0.01928087,0.05796276,-0.002970014,-0.03172569,0.02505827,female
HG03432,HG03432,-0.5570009,0.0497887,0.0007565619,0.009083458,0.01487054,0.04346778,0.01548673,0.02272071,-0.01682531,0.03907444,male
HG03433,HG03433,-0.5688255,0.04343856,-0.005881045,-0.006963308,-0.003469108,0.01901703,0.05565632,-0.01503405,-0.005276129,0.005277998,male
HG03436,HG03436,-0.5834347,0.05843137,-0.01834236,0.005527759,0.03363482,0.08699337,0.07242678,-0.01029848,0.0004266491,0.03935969,male
HG03437,HG03437,-0.5491423,0.04464673,-0.007767247,-0.001239933,0.005487398,0.05014779,0.03959315,0.009027176,-0.01092268,0.007435566,female
HG03439,HG03439,-0.5750496,0.06229697,-0.006057135,0.01196669,-0.009194904,0.06598103,0.0555403,-0.03599574,-0.0003051364,-0.02094912,male
HG03442,HG03442,-0.5770534,0.06291232,-0.007294469,0.01520228,0.01548288,0.02662235,0.04778517,-0.02348997,-0.01910102,0.04669507,male
HG03445,HG03445,-0.593927,0.05872247,0.00428024,-0.01390843,-0.005971218,0.06907781,0.0591024,-0.005314844,0.02118894,0.02151601,male
HG03446,HG03446,-0.5642602,0.05674958,0.00506765,-0.006205588,0.0008840563,0.06329169,0.04228243,-0.03439435,0.000659355,0.04905159,female
HG03449,HG03449,-0.5671188,0.05148756,0.009603808,-0.01440762,0.01773632,0.06612039,0.01021692,0.01151251,0.009428648,-0.001677843,female
HG03451,HG03451,-0.5627288,0.0473711,0.008683219,-0.0009268052,-0.003395946,0.05141901,0.05657007,0.01963,-0.01568546,-0.007105218,male
HG03452,HG03452,-0.5554266,0.04189703,0.001391574,-0.002621199,0.005700328,0.04229075,0.05771501,0.02083472,0.01498746,0.01529754,female
HG03455,HG03455,-0.561042,0.05559407,0.006763529,0.01435721,-0.009615323,0.04490965,0.05860813,0.02388187,-0.005131352,0.01746211,female
HG03457,HG03457,-0.5843074,0.0469929,-0.001068454,-0.000623096,0.007243513,0.02490093,0.04447547,-0.02365495,0.004666777,0.03322047,male
HG03458,HG03458,-0.5691869,0.06507126,-0.007232781,0.006042308,0.02125244,0.01493317,0.03417938,-0.03570722,0.009553765,0.007251248,female
HG03460,HG03460,-0.5883981,0.06300586,-0.005534908,-0.02140091,-0.004527133,0.05782733,0.07158144,0.002743459,-0.007962657,0.01112375,male
HG03461,HG03461,-0.5587703,0.05168872,0.01166417,0.006648067,0.006710946,0.01329858,0.01048001,-0.008028939,0.01754675,-0.005260948,female
HG03464,HG03464,-0.568569,0.05111009,0.00467575,-0.01126022,0.001482875,0.03308041,0.04741608,-0.01710104,0.01719524,0.01818079,female
HG03469,HG03469,-0.5715876,0.03583705,0.01423541,-0.01371073,0.03324914,0.0635567,0.07750895,-0.01026517,-0.01091177,-0.02240645,male
HG03470,HG03470,-0.5629466,0.05150873,-0.0036891,0.002995848,-0.003948362,0.0509189,0.03078099,-0.02417028,-0.01000289,0.04067109,female
HG03472,HG03472,-0.5618676,0.0473075,0.01579698,0.003871414,-0.01305669,0.03526751,0.06632372,-0.008140343,0.004424622,0.001761558,male
HG03473,HG03473,-0.5739072,0.05919918,-0.004238501,0.007181703,0.001686954,0.03471404,0.08936,0.02602682,0.005111182,0.02802118,female
HG03476,HG03476,-0.5753784,0.04747042,0.001668478,0.008002918,-0.0008446539,0.03226492,0.04244746,-0.02889768,0.02408016,0.01437436,female
HG03478,HG03478,-0.5684139,0.05402008,0.005729252,-0.02322028,0.0008021966,0.04132234,0.08552097,-0.009764898,0.001696662,0.0266411,male
HG03479,HG03479,-0.5615072,0.05535667,0.007649534,0.006295516,-0.004788636,0.05230192,0.06394991,-0.004029613,0.03149603,-0.0109872,female
HG03484,HG03484,-0.5650743,0.0529925,-0.003837423,-0.02030687,-0.003400583,0.033984,0.03805684,-0.008275441,8.171864e-05,0.009399621,male
HG03485,HG03485,-0.5597055,0.05300653,-0.005408511,-0.01071282,0.01986747,0.06507395,0.03391417,0.03094044,-0.03772132,0.01094384,female
HG03547,HG03547,-0.5836137,0.06056979,-0.0009663325,-0.0135807,0.0003415264,0.04699272,0.04554284,-0.01598209,0.0008569849,0.02275858,male
HG03548,HG03548,-0.5764394,0.05309743,-0.009069998,-0.0002672963,-0.005679915,0.04211642,0.04133933,0.02152058,-0.01118021,0.01706182,female
HG03556,HG03556,-0.5564803,0.03114504,0.001417957,-0.01217022,0.01436971,0.05449724,0.06222551,-0.02659957,0.023663,0.002993117,male
HG03557,HG03557,-0.5723727,0.05864738,-0.01358198,0.002954555,-0.02929939,0.05713628,0.019657,0.004687693,-0.01296034,-0.01499288,female
HG03558,HG03558,-0.5857005,0.06829909,0.002090516,-0.001368088,0.01093845,0.05630411,0.06140509,0.0277329,-0.007386744,0.05730274,female
HG03559,HG03559,-0.5723396,0.06521538,-0.004952892,0.005209863,0.004779703,0.0396224,0.07193465,-0.006791267,-0.04237031,-0.01499436,male
HG03563,HG03563,-0.5856349,0.05824884,0.008754575,0.00097575,0.0005202314,0.05400786,0.04370914,-0.02212842,0.0003110719,0.03621931,female
HG03565,HG03565,-0.5542358,0.05370966,-0.007138874,0.008108354,-0.008556337,0.04355129,0.05698612,0.008208177,-0.01907166,0.002198544,male
HG03567,HG03567,-0.5538589,0.06124947,0.004890837,-0.006775326,0.005283626,0.02139696,0.04368849,0.03599454,-0.02085356,-0.006250837,female
HG03571,HG03571,-0.6034581,0.05998879,-0.004934622,-0.01295877,0.01095634,0.05521537,0.09274109,-0.036767,-0.0005923497,-0.005666301,male
HG03572,HG03572,-0.5734707,0.04501026,-0.009221925,-0.005628927,0.01651771,0.03499583,0.03937814,-0.03737685,0.001542478,0.010753,female
HG03575,HG03575,-0.5662936,0.05902312,-0.002652449,-0.01625123,-0.009723596,0.02998806,0.0352543,-0.003203612,-0.006508217,6.416119e-05,female
HG03577,HG03577,-0.5675999,0.05508625,-0.01005227,-0.001448812,-0.01376792,0.03821648,0.06295394,-0.03254614,-0.02146821,0.0003680963,male
HG03578,HG03578,-0.5637254,0.05742508,-0.01205923,-0.01358759,0.00265849,0.03861208,0.04166571,0.01339552,0.004860698,0.01540142,female
HG03583,HG03583,-0.5607044,0.05392377,0.002378793,-0.01325365,-0.01403677,0.02702961,0.04871934,0.02890869,-0.002471911,0.03312165,female
NA18486,NA18486,-0.5796303,0.04865045,-0.006618203,-0.0003434693,-0.005485162,0.006741026,-0.04251487,0.03340634,-0.001151331,-0.01001552,male
NA18488,NA18488,-0.5848471,0.04558167,-0.01048279,0.004101406,-0.004848787,0.005681228,-0.04582914,0.08499019,-0.008960023,-0.004705344,female
NA18489,NA18489,-0.5656423,0.07165697,-0.00918259,-0.001757194,-0.004460396,-0.005313073,-0.03026012,0.04389332,-0.02637395,-0.004142176,female
NA18498,NA18498,-0.5713235,0.06140835,-0.007028934,-0.01404728,-0.01270774,0.01627855,-0.02990428,0.08774094,-0.02161143,0.01916507,male
NA18499,NA18499,-0.5759795,0.05509572,0.003773199,-0.001842524,-0.001152169,-0.01082121,-0.02030051,0.03375385,0.01632117,0.002140892,female
NA18501,NA18501,-0.6022366,0.04759302,-0.001205111,0.001080532,-0.002767983,0.02220008,-0.01912847,0.04958469,-0.01166407,0.009686451,male
NA18502,NA18502,-0.568069,0.04834022,0.01374655,-0.008698255,0.007637147,-0.01417997,-0.0325642,0.07907943,0.03301195,0.01321396,female
NA18504,NA18504,-0.5746069,0.05120549,-0.01451904,0.000341236,0.0008994668,-0.01338525,-0.05615056,0.07747519,0.01428923,0.005364188,male
NA18505,NA18505,-0.5950027,0.07237202,-0.0001787199,-0.0005971702,-0.002848334,0.01288181,-0.02123327,0.08609875,0.03468789,-0.0025612,female
NA18507,NA18507,-0.5686024,0.05392037,-0.01260747,-0.001550804,0.009594625,-0.01070854,-0.01607424,0.05274984,-0.01335873,0.01401995,male
NA18508,NA18508,-0.5700517,0.05097075,-0.002038063,0.01274344,0.009636596,-0.02328953,-0.04918888,0.08680706,-0.0008928206,0.007941964,female
NA18510,NA18510,-0.5860721,0.04986612,-0.001395543,-0.003056228,0.004049874,-0.02696973,-0.0341797,0.05795792,0.03518311,-0.04298384,male
NA18511,NA18511,-0.5738102,0.04046053,-0.005750053,-0.008530971,-0.002244788,-0.01654516,-0.01966489,0.006125193,0.01135565,0.0253734,female
NA18516,NA18516,-0.6094952,0.04621727,0.001604414,0.001018511,0.01078957,0.01045907,-0.01361275,0.06115295,0.03445699,0.01166121,male
NA18517,NA18517,-0.5684316,0.05519155,0.01566182,-0.008876739,0.01147462,-0.01275162,-0.004491075,0.04591568,-0.007860901,0.04535718,female
NA18519,NA18519,-0.573762,0.05882371,4.631634e-05,0.0004507333,-0.004452459,0.001806038,-0.01585244,0.06552693,-0.01925041,0.02123254,male
NA18520,NA18520,-0.5537447,0.04710476,-0.004201037,-0.002039581,-0.01981374,-0.02725444,-0.0478474,0.04361674,0.01056209,-0.02762366,female
NA18522,NA18522,-0.585077,0.03338932,-0.0054344,0.009387843,0.003490621,-0.02367994,-0.03681851,0.06076913,0.01851151,0.03901237,male
NA18523,NA18523,-0.5761045,0.04379915,-0.01201643,0.004945158,-0.006539695,0.02904405,-0.0447656,0.08845395,-0.03261835,0.01064134,female
NA18853,NA18853,-0.5934282,0.05289224,0.005871473,0.008108201,0.002263748,-0.01100747,-0.004525631,0.03621105,0.01197255,0.006716708,male
NA18856,NA18856,-0.5780526,0.05983513,0.005760333,-0.00245813,-0.009724167,0.001109312,-0.03561394,0.02778599,-0.01000293,-0.01228529,male
NA18858,NA18858,-0.5812234,0.04859652,0.003147698,0.003692683,-0.007865136,-0.0176398,-0.01100186,0.03609694,0.008243961,-0.01765509,female
NA18861,NA18861,-0.5784347,0.07212946,0.006090602,-0.0122645,0.01640447,0.02328205,-0.01219294,0.0767273,-0.05845801,0.03444975,female
NA18864,NA18864,-0.5664495,0.05119915,-0.001389453,-0.001627025,0.01454727,0.01668585,-0.01697164,0.06771896,0.004293941,0.01793727,female
NA18865,NA18865,-0.5888603,0.04852355,0.00423384,-0.006699585,-0.01286843,-0.009094928,-0.04359282,0.04502633,-0.001212048,-0.009177358,male
NA18867,NA18867,-0.5953101,0.06778523,-0.02217403,0.004100903,-0.01035337,0.01797066,-0.02873894,0.0206958,-0.01453988,0.004161416,female
NA18868,NA18868,-0.5769657,0.05214953,0.01045593,0.006161166,-0.01254103,-0.008585176,-0.01879363,0.03292501,-0.009900474,-0.02214451,male
NA18870,NA18870,-0.5919514,0.05024193,0.006601877,-0.02086896,0.02025489,-0.01277877,-0.0308242,0.04816451,0.01385765,0.01699352,female
NA18871,NA18871,-0.5837671,0.04687463,-0.01111396,0.004304261,-0.01364611,0.03258208,-0.02995568,0.02864298,-0.01079558,0.0007744529,male
NA18873,NA18873,-0.5641625,0.04629185,-0.02036341,0.01796202,-0.03245692,0.001855476,-0.03280314,0.06470432,-0.01675416,-0.03346085,female
NA18874,NA18874,-0.5792811,0.05167965,-0.01613657,0.003377493,0.00736572,-0.03237931,-0.0321359,0.05213241,-0.01031294,0.01778278,male
NA18876,NA18876,-0.5766775,0.05728784,0.0005411919,-0.004289584,-0.003060007,-0.0001043406,-0.00276075,0.05226301,-0.01643084,-0.008986037,female
NA18877,NA18877,-0.5563213,0.04617058,0.0004693696,0.002306946,0.01158334,-0.0002928154,-0.03645199,0.04420411,-0.01128815,0.03161317,male
NA18878,NA18878,-0.5815543,0.04752884,-0.006571474,-0.007355444,-0.03127292,-0.01174219,-0.03737084,0.04684443,-0.0227341,0.03361878,female
NA18879,NA18879,-0.5712179,0.05762105,0.003219264,-0.005102062,-0.01193978,0.001717096,-0.01600545,0.06088182,-0.02345643,0.01316421,male
NA18881,NA18881,-0.601671,0.0679728,0.00603346,-0.01062991,0.005894465,-0.01372394,-0.0027561,0.01877947,0.02629706,-0.0009999333,female
NA18907,NA18907,-0.5915645,0.06515319,-0.001859624,0.004453486,0.01568313,0.01238161,-0.02877128,0.06865918,0.02567355,0.01609196,female
NA18908,NA18908,-0.5683796,0.05223005,-0.00585373,0.007078457,-0.008321218,0.01757186,-0.007537221,0.0107115,-0.01128744,-0.0302121,male
NA18909,NA18909,-0.5833759,0.05114103,-0.005944557,0.005296617,0.008871646,0.01234995,-0.01297541,0.06411249,-0.01430824,-0.006543702,female
NA18910,NA18910,-0.5576678,0.05485309,0.009925091,0.01170993,-0.0009711671,0.01200826,-0.02878906,0.07955587,0.004004731,0.00482858,male
NA18912,NA18912,-0.5893767,0.04591592,-0.009587784,-0.003602934,0.002116208,-0.009619696,-0.01631872,0.03328029,0.002838609,0.002671199,female
NA18915,NA18915,-0.614606,0.06399387,0.005450145,0.01383222,-0.006775767,0.003873068,-0.01378549,0.04362327,-0.003101365,-0.02213194,male
NA18916,NA18916,-0.5797492,0.05135262,0.006306169,0.01064062,-0.0225137,0.03109408,-0.01008281,0.02776007,-0.008733378,0.02607578,female
NA18917,NA18917,-0.5917479,0.04903708,-0.01071371,0.01292251,-0.004708607,0.005899744,-0.01957577,0.01266669,-0.004961026,0.006189949,male
NA18923,NA18923,-0.5736779,0.0541511,-0.007854171,0.006011227,0.0007955391,0.0271846,-0.02253194,0.06705897,-0.02818922,0.005248256,male
NA18924,NA18924,-0.5494277,0.06207907,-0.01008291,-0.00203534,0.01517986,0.001238635,-0.02044783,0.03556877,-0.003318788,-0.01055817,female
NA18933,NA18933,-0.6027205,0.0629426,0.001174898,0.002220716,0.008715799,-0.02706907,-0.0246593,0.04840812,0.005599086,0.03266281,female
NA18934,NA18934,-0.5709519,0.06148966,0.01646452,0.0115901,0.01154741,0.005842166,-0.0256595,0.09359767,0.01083391,-0.0182996,male
NA19092,NA19092,-0.5878098,0.05286815,-0.01112397,-0.0129531,0.005477119,-0.02850306,-0.02065948,0.06333784,-0.009172024,-0.04888988,male
NA19093,NA19093,-0.5589,0.05542239,0.00665057,-0.009569592,-0.005185766,0.002708146,-0.02582861,0.06922755,0.02669578,0.02547347,female
NA19095,NA19095,-0.5843405,0.06538626,0.004480573,0.01124018,0.02276336,-0.004123144,-0.05066992,0.04299487,0.003496725,-0.04786582,female
NA19096,NA19096,-0.59427,0.05074155,-0.006457046,-0.005318274,0.008750301,0.03667885,-0.03040634,0.02921437,-0.01852625,0.05104725,male
NA19098,NA19098,-0.5749646,0.06617779,0.008508237,-0.006109488,-0.009044597,-0.005903124,-0.0212887,0.06103054,0.05418963,0.02734907,male
NA19099,NA19099,-0.5942691,0.07121919,0.005954349,-0.00444895,-0.01562974,0.01433379,-0.02640155,0.03839824,0.03305962,-0.008127046,female
NA19102,NA19102,-0.5914396,0.0601188,0.003968811,0.00555628,0.02005044,-0.003906664,-0.04983193,0.06311288,-0.01864527,0.01134329,female
NA19107,NA19107,-0.5737066,0.03860455,-0.001082095,-0.003045698,0.007452628,0.003457735,-0.05639782,0.09267812,0.007437044,0.01329235,male
NA19108,NA19108,-0.5839594,0.04987128,-0.007477483,-0.003938728,0.007901908,0.01234135,-0.009349968,0.04742527,0.006319588,0.007660349,female
NA19113,NA19113,-0.5767578,0.05831383,-0.0009400038,-0.01983632,-0.01291418,0.01682678,-0.02059905,0.05787277,0.01579382,-0.01200119,male
NA19114,NA19114,-0.5867163,0.03764832,-0.004871131,0.01573474,-0.01202858,-0.008712269,-0.04839484,0.07647254,0.0302908,0.03323298,female
NA19116,NA19116,-0.5849562,0.05599878,0.003662877,-0.01292701,-0.005376962,-0.01965566,-0.07782938,0.05884464,0.005953063,0.007456432,female
NA19117,NA19117,-0.5914808,0.06735208,-0.01492889,-0.008324319,-0.006467026,-0.007316905,-0.04466814,0.03844126,-0.02264506,0.03587585,male
NA19118,NA19118,-0.5628331,0.05069468,0.004760104,-0.005214243,0.0003030709,0.01221932,0.008131664,0.0508981,0.02291224,0.001001443,female
NA19119,NA19119,-0.5867312,0.04867711,0.00547326,-0.0004104376,0.02950771,0.003016648,-0.03370155,0.06163755,0.009420355,-0.005527951,male
NA19121,NA19121,-0.5986544,0.04720109,0.003207887,-0.01361131,0.006192307,-0.0121108,-0.01651479,0.03478693,0.03062193,-0.002436422,male
NA19129,NA19129,-0.562918,0.04852746,-0.01551529,-0.01612217,-0.004459188,0.007528272,-0.01107792,0.06130916,-0.02050994,0.02090545,female
NA19130,NA19130,-0.5846073,0.05408918,-0.001030862,0.005802589,-0.007732649,0.00355947,-0.01369083,0.1098901,0.01471207,0.02511221,male
NA19131,NA19131,-0.5662645,0.0645545,0.01150457,-0.001376522,0.01557952,-0.003116852,-0.008031947,0.06729278,-0.01236174,-0.02044715,female
NA19137,NA19137,-0.5516494,0.05063308,-0.004407672,0.002430229,0.02058698,0.001582154,-0.02949602,0.07255818,-0.005145638,-0.01857661,female
NA19138,NA19138,-0.5863917,0.05527789,0.01069912,-0.007308153,0.01542082,-0.01093524,-0.003582142,0.02983034,0.01683989,0.02012986,male
NA19141,NA19141,-0.5828968,0.05275606,-0.01797739,0.001683274,0.02374504,-0.001902035,-0.01295435,0.09006207,0.01896514,0.002059388,male
NA19143,NA19143,-0.5875209,0.05777426,0.005102886,-0.007234286,-0.006785717,-0.002423686,0.003285355,0.02968356,0.02642966,0.001231021,female
NA19144,NA19144,-0.5738242,0.05359767,0.003914252,0.004809987,0.009908926,0.006154611,-0.01709904,0.04913674,-0.009701086,0.01921324,male
NA19146,NA19146,-0.5874273,0.05999539,0.006144993,0.01248086,0.01915432,0.01684567,-0.02381409,0.06088248,-0.004538517,-0.01617931,male
NA19147,NA19147,-0.5959822,0.04985203,-0.01602391,-0.0006670547,0.006372231,-0.02557835,-0.04562819,0.04848676,0.009355207,0.007501296,female
NA19149,NA19149,-0.6035444,0.04692546,-0.007878763,-0.0002670234,-0.01194831,-0.005041841,-0.0218619,0.03761499,-0.02059738,-0.02273238,female
NA19152,NA19152,-0.5671308,0.05897366,-0.0136285,-0.02370358,-0.01973604,-0.006439529,-0.04599029,0.1042525,0.0235541,-0.00168399,female
NA19153,NA19153,-0.5791473,0.05075564,0.002369879,-0.005736524,-0.01322155,0.0003775417,-0.0170677,0.08787174,0.01875041,0.03711095,male
NA19159,NA19159,-0.593535,0.06721686,-0.02283266,-0.0003652585,0.002956429,-0.01163427,-0.02876237,0.02837652,-0.01260718,-0.02215396,female
NA19160,NA19160,-0.5868257,0.05671476,0.009378573,0.007059547,-0.005957466,-0.001598934,-0.04493621,0.1020278,0.007564632,-0.02182863,male
NA19171,NA19171,-0.5851582,0.06004522,-0.0109045,-0.003971665,-0.003556725,-0.01819661,-0.004537253,0.08270827,0.04232084,0.0006636066,male
NA19172,NA19172,-0.5792532,0.05673618,0.003054035,0.000544288,-0.00660472,0.008737596,-0.03834573,0.07126299,-0.0102414,0.008268734,female
NA19175,NA19175,-0.5782096,0.04383927,-0.01557348,-0.02217826,-0.003118423,0.008638539,-0.006117061,0.07858157,-0.03665049,0.006151635,male
NA19184,NA19184,-0.5828218,0.06207535,-0.0003046208,0.001682628,0.01836034,-0.02112934,-0.04371146,0.06080412,-0.006449518,-0.007603665,male
NA19185,NA19185,-0.591582,0.0524272,0.01414727,0.003163359,-0.02202137,-0.004435073,-0.01749978,0.07794643,-0.006624979,-0.0009911436,female
NA19189,NA19189,-0.5736834,0.06239364,0.004386746,0.01592427,-0.008662371,0.001732504,-0.02813058,0.06868215,-0.009775528,0.0121581,male
NA19190,NA19190,-0.5652484,0.05336811,-0.001466095,0.01053735,-0.0203498,0.02336191,-0.01267445,0.06249144,-0.02533003,0.0240415,female
NA19197,NA19197,-0.5678986,0.06615281,-0.01686378,0.02059764,-0.002455391,-0.003872022,-0.01554058,0.06526706,0.001950738,-0.004885654,female
NA19198,NA19198,-0.6105142,0.04939165,0.01026773,-0.005072906,-0.003834907,0.007404876,-0.01585956,0.06790732,-0.01211737,0.007182736,male
NA19200,NA19200,-0.5681907,0.05546263,-0.01006887,-0.0108528,-0.0003599974,0.006167499,-0.0100465,0.01203716,-0.01570006,0.005718354,male
NA19201,NA19201,-0.6097071,0.04280488,0.007954904,0.001147194,0.02607228,-0.03369905,-0.01326694,0.03965148,0.02670722,0.02577586,female
NA19204,NA19204,-0.5742456,0.04340041,0.006198107,0.005104984,-0.01208461,0.003695894,-0.02709194,0.05306316,0.04727797,0.0313873,female
NA19206,NA19206,-0.5946144,0.04527622,0.004682702,-0.0005589473,-0.00581114,-0.004582871,-0.03014152,0.08315754,-0.023943,-0.01775672,female
NA19207,NA19207,-0.5635317,0.05480926,0.005120976,0.004332174,0.02243552,-0.007568798,-0.0286778,0.05828133,0.01184677,0.01058004,male
NA19209,NA19209,-0.5775584,0.03068461,0.01342657,-0.009701575,-0.02418564,0.02724107,-0.0254771,0.04721228,-0.001937223,-0.009049304,female
NA19210,NA19210,-0.5845203,0.04563885,0.0001237152,0.005094315,0.04530913,0.02933019,-0.007881257,0.07027666,0.02978843,0.01965526,male
NA19213,NA19213,-0.603897,0.06445915,0.01506108,0.001113507,0.0002067514,-0.02839208,-0.07074806,0.06185993,0.007580099,-0.02268875,male
NA19214,NA19214,-0.5859123,0.06491104,0.008444675,0.01564839,-0.01197732,0.02139759,0.001596749,0.04262203,0.01272713,-0.01993717,female
NA19222,NA19222,-0.5574255,0.05944199,-0.004631088,-0.003698193,0.004116123,-0.01503178,-0.02342298,0.05434818,-0.003280962,-0.02249852,female
NA19223,NA19223,-0.5911538,0.05163012,0.01568709,-0.004575854,-0.001116953,0.02787243,-0.01283422,0.07346733,0.0006845789,-0.02621302,male
NA19225,NA19225,-0.5578086,0.05890958,-0.0005194989,0.004610757,-0.006714459,-0.003026036,-0.01863148,0.09389444,-0.0137913,0.0039322,female
NA19235,NA19235,-0.5945922,0.06923906,0.003305041,0.003923158,0.009978055,0.006432088,-0.0407536,0.08093152,0.01372876,0.04173793,female
NA19236,NA19236,-0.5719764,0.05627266,0.007882254,0.01082823,-0.001192502,-0.01002473,-0.02326064,0.06567003,-0.01234101,-0.001951089,male
NA19238,NA19238,-0.5917416,0.04856544,0.009200725,-0.01265183,0.0002623161,0.0006878557,-0.02149703,0.06264254,-0.0268243,0.01832685,female
NA19239,NA19239,-0.5848405,0.05793554,0.003305913,0.000785484,-0.001216583,-0.00305193,-0.03905366,0.04505073,-0.00627499,-0.003572061,male
NA19247,NA19247,-0.560576,0.04271033,-0.01609852,0.0112021,-0.003210647,0.001939418,-0.01510133,0.07368779,0.0002463236,-0.008710219,female
NA19248,NA19248,-0.5952307,0.04700821,-0.006049142,-0.00460747,0.008235935,0.01731153,-0.02382956,0.06795375,-0.01221471,0.01510088,male
NA19256,NA19256,-0.5918439,0.04951348,0.007017175,0.008305369,-0.009273927,0.009832071,-0.04694108,0.05100343,0.004551882,-0.04880549,male
NA19257,NA19257,-0.5853302,0.05657551,-0.002551502,0.01310494,-0.01312658,0.02482576,-0.06229172,0.05857632,-0.01149149,-0.02387671,female
HG01879,HG01879,-0.4561245,0.003693728,0.02318133,-0.02034771,0.008544293,0.01199673,-0.002679295,0.05037764,-0.05276401,0.04060864,male
HG01880,HG01880,-0.2121595,0.0143566,-0.08575177,0.02212036,-0.01725616,-0.008882125,-0.02954014,0.03134361,0.001230678,-0.06044389,female
HG01882,HG01882,-0.5428873,0.04846851,-0.01117176,-0.01680581,0.004678643,-0.008326122,-0.03457751,0.03693574,-0.02308738,-0.09605421,male
HG01883,HG01883,-0.4866225,-0.00644148,-0.008682442,-0.02321092,-0.0001304261,0.02099474,-0.02271715,0.05558449,-0.01964638,0.007886023,female
HG01885,HG01885,-0.5137443,0.02348743,-0.003361954,0.005679334,-0.01335193,-0.02274527,-0.0100678,0.00145748,-0.01886675,-0.052618,male
HG01886,HG01886,-0.468965,0.01382183,0.006806105,-0.002794259,0.001034246,-0.03120409,0.01702518,0.01017182,0.006578678,-0.007739876,female
HG01889,HG01889,-0.5724451,0.05784329,-0.008185941,0.001803214,-0.0120203,-0.002561813,-0.008374438,0.02956881,-0.01991343,-0.0004934866,female
HG01890,HG01890,-0.4442433,0.005772145,0.01333665,0.004633342,-0.0003779492,0.0278861,-0.01767699,0.05395851,0.01956975,-0.0288358,male
HG01894,HG01894,-0.5182033,0.03092351,0.009226305,-0.0142801,0.01466137,-0.01171901,-0.02468073,0.01657699,0.03530607,-0.03740442,female
HG01896,HG01896,-0.5573789,0.06461404,-0.002218034,-0.004894183,-0.009727226,0.01984949,-0.02462122,0.06740005,-0.00305374,-0.008461967,female
HG01912,HG01912,-0.5005952,0.02357886,-0.004123713,-0.001759954,0.0008101375,-0.01394305,-0.02823629,0.01263468,-0.01291035,0.006738468,male
HG01914,HG01914,-0.4518143,0.00714943,0.01755219,-0.009842177,0.02457693,0.005769209,-0.02268721,0.02439431,0.02297934,0.0364481,male
HG01915,HG01915,-0.5302413,0.01376009,0.003688289,0.008151063,0.003042128,0.008463532,-0.02376344,0.0572984,-0.01586651,0.02176435,female
HG01956,HG01956,-0.5110832,0.02128596,0.01022454,-0.01132935,-0.008773986,0.01721664,-0.01114491,0.05661603,-0.009221357,0.02591707,female
HG01958,HG01958,-0.4704263,0.003192413,0.02859052,-0.00699335,0.001211767,0.02175136,-0.01316684,0.05980602,-0.007528498,-0.009210545,female
HG01985,HG01985,-0.5359071,0.04258989,0.010082,-0.01768236,0.02380183,0.0310183,0.02706435,0.05668215,0.002313679,0.0214551,female
HG01986,HG01986,-0.4848727,0.01587617,0.01602911,-0.004678203,-0.01723799,0.003920131,-0.02093189,0.03708819,-0.01442751,-0.01515764,male
HG01988,HG01988,-0.2515779,-0.1239161,0.04379801,-0.04506295,0.0007069637,0.02026713,-0.03907711,-0.02958525,-0.0008369467,0.05184478,male
HG01989,HG01989,-0.4568633,-0.01241048,-0.00148647,-0.02541604,0.02632016,0.01397341,-0.01888209,0.02241054,-0.0223258,0.0221973,female
HG01990,HG01990,-0.5115547,0.03972951,0.0007011582,-0.008788845,-0.01047608,-0.01153099,-0.005074267,0.0009979349,-0.01448451,-0.02731824,male
HG02009,HG02009,-0.4683716,0.009850874,0.003292942,-0.03170019,-0.004878484,-0.0003925853,0.03031352,0.05532111,-0.00301425,0.005245476,male
HG02010,HG02010,-0.4664841,0.003026115,0.02668079,-0.0135754,-0.003865611,-0.00713067,-0.02251105,0.0432437,0.0112443,0.03054761,female
HG02012,HG02012,-0.5283176,0.0464479,-0.003429032,-0.01780384,-0.007588635,-0.002383228,-0.01506175,-0.009759791,-0.02088744,-0.02910829,female
HG02013,HG02013,-0.535004,0.04656224,-0.002411684,0.004869756,0.001758408,0.01909573,-0.03265086,0.04966279,-0.02467363,-0.03392319,male
HG02014,HG02014,-0.4946925,0.004535416,0.005483786,-0.02786818,-0.008577506,0.01780451,0.008360327,0.04400905,-0.02333415,-0.01401281,male
HG02051,HG02051,-0.552277,0.05227037,-0.004470874,0.007181165,-0.009939183,0.00490957,-0.02264612,0.05223893,-0.0236217,0.03240275,male
HG02052,HG02052,-0.5560194,0.04828013,0.01052578,-0.004076439,-0.02303783,0.01344011,-0.01521453,0.06801719,0.01528098,0.02401059,female
HG02053,HG02053,-0.5294066,0.02890094,-0.0008314912,-0.0005613761,-0.009285607,0.01376262,-0.03421466,0.04662281,-0.02457165,0.03607274,male
HG02054,HG02054,-0.4529542,0.01866062,-0.008703393,-0.006859703,-0.004254306,0.002875723,-0.004310564,0.03798652,0.009078414,-0.02343993,female
HG02095,HG02095,-0.5440052,0.03193328,-0.002630554,-0.001412228,-0.005507853,-0.001165037,-0.001235919,0.04017943,0.02251405,-0.01917038,female
HG02107,HG02107,-0.5407395,0.05960579,0.004078345,-0.004018448,0.001126425,-0.000179204,0.0007725122,0.01657859,-0.01526727,-0.01420841,male
HG02108,HG02108,-0.4480966,-0.00993162,0.01008674,-0.01604072,0.005618132,-0.04367086,-0.0103492,0.03711417,-0.01246692,-0.01740358,female
HG02111,HG02111,-0.5193472,0.03888168,1.274943e-05,-0.02599681,0.02088734,0.0154435,0.001847986,0.05376539,0.02892679,-0.0352629,female
HG02143,HG02143,-0.4607415,-0.004386311,-0.01005889,-0.01049075,-0.003992851,0.003311512,-0.03966253,0.03220808,0.00966403,0.01682294,male
HG02144,HG02144,-0.5344726,0.0241193,0.00276713,0.001118749,-0.01776571,0.01200863,0.02873625,0.04811707,0.002775346,-0.01958444,female
HG02255,HG02255,-0.4889223,0.03004228,-0.001695933,0.008177936,-0.008836324,0.0197799,-0.008508594,0.03422585,-0.002388945,0.02586993,male
HG02256,HG02256,-0.4299601,-0.01673589,0.01818318,-0.002264442,0.01548563,-9.657435e-05,-0.005833466,0.03012128,0.004209185,-0.08587577,female
HG02281,HG02281,-0.5419053,0.0258266,0.0003372373,-0.01202494,0.003799211,0.003958969,-0.03490345,0.01881203,-0.01083817,-0.02125456,male
HG02282,HG02282,-0.4362371,0.003845608,0.01070286,-0.0006471245,-0.002739939,-0.01619695,-0.03820237,0.04106528,0.01643863,0.02871452,female
HG02283,HG02283,-0.4098131,-0.009308764,0.02267151,-0.01966361,-0.01346372,0.001775224,-0.01861449,0.04408917,0.03054132,0.01611265,male
HG02284,HG02284,-0.4647138,0.01191916,0.007624355,-0.01311825,0.02744643,0.01237967,-0.03762807,0.0009323863,0.0132814,0.01519481,male
HG02307,HG02307,-0.53801,0.0194963,-0.008362104,0.01566011,-0.01433485,-0.006258883,0.02807335,-0.02657142,0.02465237,0.003734293,male
HG02308,HG02308,-0.5075135,0.01022001,0.007002617,0.004021281,0.01705937,-0.009030216,0.03182833,0.03496705,-0.03508474,-0.09573755,female
HG02309,HG02309,-0.507381,0.01138468,-0.01264161,-0.0293184,-0.002917941,0.002830503,-0.02440491,0.02489079,-0.01554942,0.005537101,female
HG02314,HG02314,-0.5105716,0.04304779,-0.007292198,-0.02319824,0.001585182,0.02781237,0.03487975,0.05058497,-0.01147727,-0.001026552,male
HG02315,HG02315,-0.4533035,0.02261524,0.003865032,0.008617505,-0.02290761,0.02783611,-0.002293658,0.04122064,-0.008909599,0.03825875,female
HG02317,HG02317,-0.5213367,0.06464379,0.0004969097,-0.005512302,0.0002756237,0.02069904,-0.007675968,0.009861585,-0.008249658,0.03896918,male
HG02318,HG02318,-0.5329276,0.04002739,-0.01213169,0.00138165,0.003773911,-0.009904653,-0.02616649,0.004550634,-0.00376651,-0.01592296,female
HG02322,HG02322,-0.4797965,0.01703441,-0.01177979,-0.02132731,-0.01010392,0.01445523,-0.007307818,0.02258185,-0.00500368,0.01371385,female
HG02323,HG02323,-0.5348757,0.02701606,0.01171424,-0.007670136,-0.0160397,0.01614821,-0.02732644,0.04386561,-0.00385347,0.01224224,male
HG02325,HG02325,-0.5378173,0.05151554,0.00821917,0.00887508,0.01215882,0.01152446,0.007090793,0.01593863,-0.0111753,0.03019872,female
HG02330,HG02330,-0.4986418,0.02854232,0.003874061,-0.001919612,-0.01428974,0.01178427,-0.009130363,0.04932004,-0.0479424,0.003618057,male
HG02332,HG02332,-0.5184041,0.03192013,0.0155484,-0.02028257,-0.00689881,0.02599123,8.392543e-05,0.04603609,0.001864486,-0.01549226,male
HG02334,HG02334,-0.393015,-0.03141947,0.0133111,-0.01553296,0.002032896,0.01028644,0.00220379,0.02155195,0.01605708,0.003795058,male
HG02337,HG02337,-0.5168773,0.0120479,0.01031952,-0.003313481,-0.01811783,0.0005620406,-0.02240404,0.05573223,0.04773294,0.01611945,female
HG02339,HG02339,-0.5533852,0.03617244,-0.005749252,0.002787996,-0.0273608,-0.01643905,-0.03525844,0.08131049,0.0003613435,0.02131988,female
HG02343,HG02343,-0.4210878,-0.01622193,0.01812279,-0.01981719,-0.002895148,-0.002486792,-0.01443377,0.01518922,0.01788702,0.01063342,male
HG02419,HG02419,-0.5213488,0.03813395,0.001938641,0.003590805,-0.008922879,-0.01483735,0.02006419,0.02962354,-0.005209692,-0.01385985,female
HG02420,HG02420,-0.2794005,-0.09145959,0.04633964,-0.05448233,-0.006870071,0.02106874,0.003167931,0.02016225,-0.01314441,0.02062889,male
HG02427,HG02427,-0.5246617,0.03786744,-0.006035242,-0.02325746,-0.005218403,0.02017313,-0.02132012,0.03803228,-0.02290387,0.003292565,female
HG02429,HG02429,-0.5056082,0.01930312,0.01801152,-0.02231965,0.01092099,0.002796783,-0.0341967,0.1240483,-0.0003051064,-0.03334042,male
HG02433,HG02433,-0.4866531,0.01939078,0.0004481082,0.0001634808,-0.01241086,0.007196682,-0.01730593,-0.006268323,-0.02069885,-0.01675548,male
HG02439,HG02439,-0.5289881,0.03340137,-0.003946505,0.01018458,0.003135911,-0.008625526,-0.04257665,0.03060035,-0.01211081,-0.0143103,male
HG02442,HG02442,-0.551412,0.06370617,-0.006518745,0.005640789,0.01630612,0.007611055,-0.005961188,0.04538972,-0.02576545,-0.01508917,male
HG02445,HG02445,-0.4654743,-0.002445786,0.001775504,-0.01168097,-0.01111199,0.02257477,0.00961972,0.01366466,-0.0008813797,-0.01601996,male
HG02449,HG02449,-0.5528683,0.04576357,-0.01565475,-0.006484015,-0.01143096,0.01354267,0.00357749,0.0552055,-0.02567493,-0.04039542,male
HG02450,HG02450,-0.5318064,0.02622069,0.01139305,-0.01352244,-0.01114235,0.001032201,-0.01664533,0.0865045,0.01422491,0.05354978,female
HG02455,HG02455,-0.4568846,-0.001651729,0.004379192,-0.01595334,0.0005895125,-0.001228953,-0.00450918,0.05504195,0.0471212,0.03227903,male
HG02470,HG02470,-0.5526304,0.03282079,-0.01011868,-0.01302365,0.01961309,0.001158412,-0.01950625,0.06311209,0.02322761,0.01855293,male
HG02471,HG02471,-0.5178845,0.03729304,0.01275764,-0.006614819,-0.01062759,0.02702193,-0.03134011,0.0341454,-0.03419595,0.01885464,female
HG02476,HG02476,-0.4619405,0.004342081,0.01373607,0.003005922,-0.002757355,0.01934789,-0.02181504,0.07990994,0.005782774,0.007096483,female
HG02477,HG02477,-0.4700757,0.00813072,-2.596461e-05,-0.01218789,-0.01343275,0.01819146,-0.009552412,0.02319786,-0.003473728,0.01780319,female
HG02479,HG02479,-0.4874514,0.02253143,0.01686193,-0.003947319,0.02770573,-0.01498308,-0.008896773,0.1010485,-0.03645113,-0.07894524,female
HG02481,HG02481,-0.5060645,0.0211593,-0.004402597,-0.01593836,-0.02281734,0.01840563,-0.009835585,0.05307459,0.01425389,-0.009385461,male
HG02484,HG02484,-0.4884936,0.008956051,0.01713637,-0.01954125,0.004364811,0.01179905,-0.007319686,0.04682838,-0.05023383,-0.04049192,male
HG02485,HG02485,-0.3725931,-0.03508928,0.0116352,-0.009245904,-0.01539707,0.007011446,-0.01559281,0.02379326,0.01179761,0.01543824,female
HG02489,HG02489,-0.4784919,0.01394966,0.005113695,-0.008468445,0.007650925,0.02772158,-0.0112121,0.04318687,-0.01474299,-0.01621861,male
HG02496,HG02496,-0.5298898,0.03006268,0.004581323,-0.008506618,0.001635591,0.03333075,-0.003556588,0.07353906,-0.007631487,-0.02185946,male
HG02497,HG02497,-0.5659592,0.03304818,0.002539983,0.00567161,0.002984869,0.01202624,-0.01214111,0.02910022,-0.03119517,0.03874149,female
HG02501,HG02501,-0.4386457,-0.008957921,0.01701301,-0.02439402,0.007617807,0.01923364,-0.02949922,0.01802803,0.04205685,0.02787089,male
HG02502,HG02502,-0.4352259,0.007691907,0.001081249,-0.03042646,-0.007283775,0.03703295,-0.004596416,0.03622982,-0.04001586,-0.0138805,female
HG02505,HG02505,-0.5027806,0.007865039,-0.003422506,0.001727994,-0.0125923,0.009469682,-0.004217957,0.01716913,0.01359677,0.00348711,female
HG02508,HG02508,-0.5324102,0.04951071,0.005393177,-0.01345905,-0.003752013,0.01425557,-0.01583923,0.04045819,0.006613195,-0.00407307,female
HG02511,HG02511,-0.5096624,0.0389458,0.006259274,0.0009610186,-0.007494984,-0.027331,-0.04378504,0.03567155,0.02490669,-0.04507762,female
HG02536,HG02536,-0.4476849,-0.001927345,0.009282706,-0.008991548,0.001753448,0.02491393,-0.01309003,0.05051199,0.0155787,-0.0510276,male
HG02537,HG02537,-0.5424633,0.04709497,-0.003873186,-0.00559071,0.01592474,0.002300642,-0.03140457,0.0802631,-0.01939771,0.01862011,female
HG02541,HG02541,-0.4351658,-0.008967819,0.003333308,-0.02447301,0.01835198,0.006200045,-0.008019439,0.036807,0.01893166,0.0004753893,male
HG02545,HG02545,-0.5166914,0.02549692,-0.00703694,-0.0005800473,-0.001237564,-0.003535957,-0.02048769,0.05026139,0.001581185,-0.02545148,male
HG02546,HG02546,-0.5123757,0.02941152,0.01192825,-0.002315222,-0.0004545814,-0.01783104,-0.01756454,-0.01851683,0.01099381,-0.01267051,female
HG02549,HG02549,-0.5560279,0.03879653,-0.01636003,0.004721869,-0.008896255,0.01155018,-0.03888287,0.06837133,-0.01629242,0.01019104,female
HG02554,HG02554,-0.5161813,0.03027497,0.01729159,-0.001439095,0.005013813,0.0230538,0.0004434715,0.03875708,-0.01458735,-0.01438214,male
HG02555,HG02555,-0.5088805,0.01392104,0.01762206,-0.01382305,0.013923,0.03788613,0.02550646,0.03719131,0.0104495,-0.01120376,female
HG02557,HG02557,-0.5346666,0.03861552,-0.01260552,0.0009359788,-0.003177909,0.02295573,0.007352181,0.0520862,0.02727734,0.02509905,male
HG02558,HG02558,-0.5075939,0.02756256,-0.001523427,0.01273063,0.007673805,-0.004773047,-0.02689254,0.02277989,-0.05149469,-0.03012586,female
HG02577,HG02577,-0.3982951,-0.01532905,0.00428721,-0.02402439,0.002424378,0.01663795,-0.04686006,0.04149628,0.009414418,-0.02323295,female
HG02580,HG02580,-0.4568558,0.01103873,0.03515795,-0.02847204,0.02415549,0.02423975,-0.02470577,0.0302576,0.00629797,-0.008577369,female
NA19625,NA19625,-0.2966693,0.05261106,0.08530393,0.08891931,0.0301217,0.02294968,-0.02267466,0.01190415,0.01319317,0.0223954,female
NA19700,NA19700,-0.4567649,-0.005517538,0.03079116,0.001402083,-0.02088087,0.03720168,-0.004890215,0.01838985,0.02269559,-0.004725833,male
NA19701,NA19701,-0.4514529,0.01854145,0.0193063,0.001169614,0.02053509,0.01501367,-0.0147473,0.0307261,-0.00199309,0.02445839,female
NA19703,NA19703,-0.4625469,0.005768884,0.01534811,-0.02230003,-0.004658487,0.007266893,-0.005612726,0.008198732,0.01117542,0.01030672,male
NA19704,NA19704,-0.4651865,0.01650025,-0.01984366,-0.0002721271,-0.02241186,0.02502466,-0.000141517,0.01116234,0.03228527,-0.007592491,female
NA19707,NA19707,-0.3651148,-0.05262791,0.02329573,-0.009754435,0.004292155,-0.01984951,-0.02228586,0.01312715,-0.04377583,-0.03371145,female
NA19711,NA19711,-0.4870299,0.01853411,0.02125076,-0.01262076,0.01272115,0.02080602,-0.04075728,0.0195175,-0.01234262,-0.01227561,male
NA19712,NA19712,-0.4902566,0.0170808,-0.008043084,-0.002125085,-0.006331621,0.01289806,0.003438426,0.02233241,-0.02623956,0.01387548,female
NA19713,NA19713,-0.3617399,-0.05482446,0.01930977,-0.0400496,0.00273901,-0.03602458,0.01478498,-0.001579687,-0.01942018,-0.02272511,female
NA19818,NA19818,-0.3610211,-0.05287664,0.01425377,-0.009120929,-0.01853497,-0.01621935,0.001174721,-0.01073193,-0.08419216,-0.06410773,male
NA19819,NA19819,-0.3821118,-0.04166626,0.04282702,-0.01714292,0.006365016,-0.003021802,-0.01814595,0.006247566,-0.008754584,-0.05866502,female
NA19834,NA19834,-0.3771808,-0.03016648,0.01363475,-0.02663873,-0.00786935,0.0107881,-0.007108481,0.003855539,-0.02271843,0.03261365,male
NA19835,NA19835,-0.4560922,-0.003650351,0.01197963,-0.02029544,0.005407821,-0.01855925,-0.04508136,0.01389373,0.02463397,0.0317232,female
NA19900,NA19900,-0.42384,0.004506713,-0.009050394,-0.02952477,0.01109973,0.009260998,-0.0377699,0.02599973,-0.006285818,0.0009193202,male
NA19901,NA19901,-0.4851029,0.02458766,0.0097746,-0.00573889,0.0218817,-0.02160005,-0.007063182,-0.009150799,-0.00980111,-0.01284611,female
NA19904,NA19904,-0.4412368,0.00671506,0.02159485,-0.004107012,-0.0138859,0.02776426,0.003298551,0.07143508,0.02494038,0.002702055,male
NA19908,NA19908,-0.5093831,0.02065912,0.02442322,-0.01004664,0.002271966,-0.01870487,-0.02273698,0.03263523,-0.03316372,-0.02134215,male
NA19909,NA19909,-0.4920487,0.02017974,-0.002580852,-0.0002143687,0.003037533,-0.00390593,-0.0376377,0.007332365,-0.007985162,-0.05466206,female
NA19913,NA19913,-0.4512265,0.01589621,0.02154068,-0.00499681,-0.001598825,0.0312232,0.002437223,0.07197445,0.02401378,0.01888035,female
NA19914,NA19914,-0.3804141,-0.03982309,0.001695194,-0.02308579,-0.004988831,0.01317602,-0.01777584,0.02258323,0.004530754,0.02564154,female
NA19916,NA19916,-0.4813741,0.02383889,-0.00595688,-0.01197312,-0.005399757,0.0005046436,-0.01191737,-0.01217223,-0.01053595,-0.02699005,male
NA19917,NA19917,-0.5219961,0.02430316,-0.001111686,-0.001448876,-0.01985047,0.009174954,-0.02732019,0.01136831,-0.003375937,0.03505904,female
NA19920,NA19920,-0.4887426,0.02025641,-0.002665159,-0.002151496,-0.002662068,-0.005906703,-0.03620976,-0.0009881563,-0.003647455,0.02741129,male
NA19921,NA19921,-0.2584266,-0.04202061,0.0190521,0.00107556,0.005560377,0.01769111,-0.0149806,-0.002197468,0.006778454,-0.01052769,female
NA19922,NA19922,-0.3384281,-0.03543551,0.01492641,-0.0260506,-0.01390128,0.00194063,-0.00588571,-0.00747533,0.01750506,0.01639354,male
NA19923,NA19923,-0.2857347,-0.07751316,0.01947685,-0.03656394,0.001809736,-0.006502686,-0.02188011,-0.01779688,-0.01635258,0.005660403,female
NA19982,NA19982,-0.4836112,0.01172261,0.01427842,-0.03461195,0.01527801,-0.007107122,-0.001182355,0.03256025,-0.00313408,-0.04751282,male
NA19984,NA19984,-0.4786358,0.01160303,-0.003396024,0.00486646,-0.007548448,-0.002347681,-0.04395482,-0.01361241,-0.02397802,0.01217365,male
NA20126,NA20126,-0.3512731,-0.04995935,0.01735689,-0.04544138,-0.00776341,-0.00297807,-0.0155677,-0.0002320143,0.02066387,0.01471556,male
NA20127,NA20127,-0.5116157,0.0135227,0.01148239,-0.008752174,0.01637724,0.006527435,0.007317798,0.009267756,0.007477729,-0.001970973,female
NA20274,NA20274,-0.02291617,0.05014054,0.1445616,0.158446,0.0195416,0.009396723,-0.03342688,0.01410903,0.03876992,0.02411464,female
NA20276,NA20276,-0.4437388,-0.01740161,0.01201582,-0.02616707,0.001437582,0.001538699,0.003640381,0.0003958178,-0.01866266,-0.02706863,female
NA20278,NA20278,-0.1865495,-0.1095692,0.03902384,-0.04689319,-0.001341457,0.006292392,-0.02212023,0.04923688,0.006356546,0.002182423,male
NA20281,NA20281,-0.4573547,0.000513919,0.002255264,-0.01339704,-0.006287476,-0.01804886,-0.01465521,0.03627931,0.007827443,-0.06063958,male
NA20282,NA20282,-0.3594939,-0.0334783,0.03666827,-0.01299444,0.004078468,0.01650596,-0.003896789,0.005502616,-0.02865955,0.02327709,female
NA20287,NA20287,-0.4381715,0.008650194,-0.006516148,-0.01575657,0.01746421,-0.003950037,-0.01115158,0.01654908,0.003033956,0.02834586,female
NA20289,NA20289,-0.4066274,-0.02314522,0.0228377,-0.01184973,0.02237281,0.01694921,0.01186055,0.02091667,0.01510409,0.04245544,female
NA20291,NA20291,-0.5509392,0.0391989,-0.0005787823,-0.003522196,-0.004993225,0.02347534,0.01541888,0.02099316,-0.03250872,0.0150612,male
NA20294,NA20294,-0.4669838,0.002957414,0.009245166,-0.01040646,0.001439779,0.0105742,-0.02065784,0.007801832,-0.01580772,0.02132794,female
NA20296,NA20296,-0.4116756,-0.01745382,0.0107652,-0.001855923,-0.003039168,-0.02090546,0.01656842,0.03758165,0.01716708,-0.0667347,female
NA20298,NA20298,-0.5074654,0.03653839,0.005614578,0.0101946,-0.002356238,-0.02819442,-0.008958563,0.02812789,-0.002136994,-0.03231041,male
NA20299,NA20299,-0.09534756,0.0439324,0.1085513,0.1471229,0.02648729,-0.00200078,-0.03350528,0.00800889,0.01119011,-0.03636835,female
NA20314,NA20314,0.2146541,-0.008043265,0.1736596,0.2028747,0.03137195,0.003358475,0.005512415,-0.001516412,-0.0006368451,-0.01379095,female
NA20317,NA20317,-0.3394227,-0.06306688,0.01604131,-0.02468762,-0.003442307,-0.006795057,-0.01612189,0.03011437,-0.0484393,-0.03903949,female
NA20318,NA20318,-0.3473624,-0.0382882,0.03118063,-0.02789722,0.007905318,-0.03077812,-0.01141098,0.02687812,-0.04699642,-0.09538627,male
NA20320,NA20320,-0.4669968,0.02997248,0.0113092,0.01687892,0.01679012,0.01997824,-0.03002895,0.0370927,-0.06100038,-0.0179896,female
NA20321,NA20321,-0.3702569,-0.02386032,0.007964313,-0.007862441,0.01449303,0.0328806,-0.02437988,0.03236751,-0.07062738,-0.003762475,female
NA20332,NA20332,-0.4251556,-0.01778231,0.009494813,-0.01234391,-0.0123142,-0.01911667,-0.04527561,0.02578641,-0.002890311,-0.003181086,female
NA20334,NA20334,-0.3435626,-0.06819139,0.003635877,-0.02908512,-0.007244759,-0.01182112,-0.001964605,0.07341402,0.0138892,-0.03148229,female
NA20339,NA20339,-0.4572572,0.01448456,0.01890166,0.01023575,-0.02417103,0.02361644,-0.0145556,0.01580857,0.02233846,0.000204578,female
NA20340,NA20340,-0.4576627,-0.003393006,0.02025366,-0.004370652,0.01565511,-0.002617435,-0.004085129,0.05291944,0.005367582,0.01492422,male
NA20342,NA20342,-0.2983714,-0.05932411,0.03012239,-0.04079168,-0.002393661,0.008037727,-0.00784807,0.03571264,-0.02172435,-0.06433834,male
NA20346,NA20346,-0.4372385,-0.001947017,0.01340815,0.00853081,-0.002233394,0.006424079,-0.008252786,0.005893287,0.02803278,0.03090237,male
NA20348,NA20348,-0.4361008,0.01417439,0.002021047,-0.0112704,0.001930289,0.01372412,0.03006931,0.003207523,0.001626962,0.01608485,male
NA20351,NA20351,-0.3287437,-0.03983597,0.009774492,-0.02448796,-0.01802451,-0.02290568,-0.02707961,-0.005702192,0.01578027,0.04773979,male
NA20355,NA20355,-0.4438172,0.01206535,-0.01742843,-0.01715337,0.005308434,0.008331764,-0.005207391,0.04906085,0.01762545,-0.0453509,female
NA20356,NA20356,-0.4736085,0.01204628,0.0004067593,-0.01882788,0.01015822,0.003336031,-0.008110659,0.01060169,-0.01904004,-0.01930677,male
NA20357,NA20357,-0.4987702,0.03516818,0.01405619,-0.007187852,0.01717962,-0.01096559,-0.03931718,0.01995102,-0.00280254,0.01947407,female
NA20359,NA20359,-0.3768763,-0.0279837,0.0288408,-0.02021125,0.01766433,0.01250676,0.007810444,0.01809744,-0.03494978,-0.1045772,female
NA20362,NA20362,-0.3843142,-0.03125388,0.03090771,-0.01720726,0.009354281,-0.009204817,0.01126726,0.008018311,-0.05013237,-0.1224263,male
NA20412,NA20412,-0.3915075,-0.01330891,0.02397173,-0.001921317,-0.002923203,0.009449976,-0.0008797369,0.0230747,-0.04864949,0.03837735,female
HG01112,HG01112,0.1583046,-0.2531251,0.08274952,-0.04020305,-0.02656735,-0.0369558,0.01991853,-0.01206683,-0.006803896,0.02925268,male
HG01113,HG01113,0.1849884,-0.1388092,0.117787,0.05457322,-0.006486299,-0.04270982,0.01563282,0.01740843,0.03036668,-0.04486995,female
HG01119,HG01119,0.1566669,-0.2292267,0.07925044,-0.02715156,0.003463521,-0.03716502,0.02016139,-0.001334545,0.004142382,-0.06577838,female
HG01121,HG01121,0.1495258,-0.1408471,0.131942,0.09699658,-0.01211318,-0.02613393,0.02382262,-0.01180639,-0.001785975,-0.07684568,male
HG01122,HG01122,0.1313055,-0.1770188,0.1211494,0.03582283,0.001027512,-0.02428566,0.02529927,0.01264302,0.01862197,0.04619796,female
HG01124,HG01124,0.09020211,-0.1214126,0.1223961,0.04863225,-0.03510052,0.0004714215,-0.009988101,0.0009970557,0.06526013,0.03239917,male
HG01125,HG01125,0.1192007,-0.1281253,0.0942037,0.04962332,-0.007327279,-0.03580417,0.04028933,0.01736965,0.01428312,0.03590809,female
HG01130,HG01130,0.1320504,-0.1711939,0.1137964,0.0519475,-0.001796646,-0.04840396,0.02874888,0.01956185,-0.002420738,-0.04011386,male
HG01131,HG01131,0.1306009,-0.1591212,0.1213779,0.04898362,-0.01633243,-0.03598709,0.022652,-0.01320337,0.03567366,-0.03542016,female
HG01133,HG01133,0.1565355,-0.2233182,0.07953094,0.007013805,-0.01315874,-0.05445743,0.03334946,-2.342164e-05,-0.0376509,-0.03121195,male
HG01134,HG01134,0.08814806,-0.165622,0.1015951,0.02626772,-0.001591396,-0.02386115,0.01876976,-0.00486464,0.04764367,0.01821245,female
HG01136,HG01136,0.1234919,-0.1476273,0.128439,0.08327775,-0.006580155,-0.03436095,0.04038496,-0.001856093,0.02113354,0.01616131,male
HG01137,HG01137,0.1734814,-0.1330309,0.1331182,0.0930962,-0.006484557,-0.02524909,0.03686313,-0.005429144,0.02977696,0.002778715,female
HG01139,HG01139,0.05581323,-0.1012514,0.1181815,0.07080703,-0.01027771,-0.02239832,0.007391925,0.01288119,0.02455321,-0.02148901,male
HG01140,HG01140,0.1448239,-0.1748248,0.09739046,0.05664906,-0.01921175,-0.02204979,0.02923936,-0.007119672,-0.006386872,-0.0356474,female
HG01142,HG01142,0.06496778,-0.07363929,0.1109682,0.1240188,-0.02206298,-0.02172042,0.01180026,-0.01437174,0.07200306,0.03177864,male
HG01148,HG01148,0.1508456,-0.1559154,0.1116933,0.04622225,-0.01104826,-0.03126274,-0.0002152831,0.002118063,0.03439551,0.03246677,male
HG01149,HG01149,0.140328,-0.08441546,0.1526636,0.1559165,-0.00148719,-0.04819898,0.01706259,0.008522012,0.02724621,-0.03690818,female
HG01250,HG01250,0.1238681,-0.1280854,0.1244135,0.07482873,0.009369622,-0.01888193,0.02309822,0.01612376,-0.006532008,0.003817365,male
HG01251,HG01251,0.1639878,-0.1555835,0.1258132,0.04054015,-0.009275924,-0.02021466,0.02834582,0.004682474,-0.0336321,-0.02922725,female
HG01253,HG01253,0.1638885,-0.1836318,0.1057738,0.04111567,-0.00428725,-0.02947913,0.02878684,0.01495196,0.008036993,-0.05570007,male
HG01254,HG01254,0.05763703,-0.09465968,0.1094161,0.05964977,-0.01511066,-0.05052039,0.01394843,0.0100057,-0.01686853,0.02240633,female
HG01256,HG01256,0.1620385,-0.210922,0.09842379,-0.02201639,-0.02431351,-0.02406096,0.02198403,-0.01512604,0.01764687,0.002665679,male
HG01257,HG01257,0.1790621,-0.1576302,0.1312577,0.06710426,-0.01610317,-0.01048021,0.02208196,-0.0129512,0.0306058,0.002563355,female
HG01259,HG01259,0.1537843,-0.2118433,0.09868827,-0.006434396,-0.001318058,-0.03530355,0.03514052,-0.0103848,0.02188384,0.009622062,male
HG01260,HG01260,0.08032595,-0.09448895,0.1254624,0.07195451,0.009631144,-0.01224313,-0.0005768796,0.01611808,0.01818169,-0.01277053,female
HG01269,HG01269,0.1357548,-0.1491432,0.1253505,0.04264601,-0.004426074,-0.03723816,0.04279202,0.00695678,-0.01570676,-0.03870252,female
HG01271,HG01271,0.1211438,-0.151745,0.1301898,0.05513871,-0.02098663,-0.05439128,0.03638808,0.03248314,0.02924638,-0.06894523,male
HG01272,HG01272,0.05956839,-0.07784817,0.1357162,0.1008763,-0.00723013,0.003049148,0.008591427,-0.008807799,0.01858969,0.003193348,female
HG01275,HG01275,0.1596924,-0.2482293,0.07791475,-0.04313883,0.001063543,-0.01596142,0.04671867,0.01727095,-0.005595775,-0.06009836,female
HG01277,HG01277,0.1889865,-0.1157693,0.1353026,0.07221244,-0.01186627,-0.0229222,0.009106242,-0.01204421,0.0182005,0.01847517,male
HG01280,HG01280,0.1735425,-0.1668584,0.1207003,0.05573377,-0.01012926,-0.04741309,0.03974283,0.01584531,-0.0007458844,-0.07260717,male
HG01281,HG01281,0.1670996,-0.1722714,0.120932,0.0306184,-0.006885587,0.001096179,0.02212233,-0.008304074,-0.02329031,-0.02024313,female
HG01284,HG01284,0.1348646,-0.1520111,0.09053904,0.03896581,-0.01854425,-0.0297609,0.03413865,0.00229327,-0.004768924,0.03117615,female
HG01341,HG01341,0.2010227,-0.03796445,0.2054738,0.208556,-0.01216689,-0.0009470201,0.02076688,0.002535383,0.02828344,0.02555696,male
HG01342,HG01342,-0.06335512,-0.05248116,0.09497858,0.06609742,-0.01334483,-0.01785386,-0.007545521,0.009588106,0.02997972,-0.0001926763,female
HG01344,HG01344,0.1703121,-0.08726903,0.1444569,0.131002,-0.01912103,-0.003780693,0.007970162,-0.003213604,-0.01998067,-0.01232377,male
HG01345,HG01345,0.1295387,-0.177775,0.1044339,0.0202869,-0.003736309,-0.03036592,0.001850909,-0.009887523,0.03942587,0.01468722,female
HG01348,HG01348,0.1734599,-0.08249564,0.1468194,0.1265439,-0.001510969,-0.02627195,0.004793578,0.01151301,0.03033508,-0.03292518,female
HG01350,HG01350,0.1537926,-0.08318859,0.1334006,0.1307336,0.012607,-0.02570575,0.007021434,0.0199142,0.03127573,0.0003270933,male
HG01351,HG01351,0.1737142,-0.1536231,0.1292198,0.06231587,-0.00129104,-0.01116498,-0.0001407769,0.004176844,0.01527277,-0.001624298,female
HG01353,HG01353,0.1557251,-0.1902536,0.09226252,0.01908404,-0.02404986,-0.04806116,0.03040981,-0.002063408,-0.03735143,-0.0676399,male
HG01354,HG01354,0.1765162,-0.1965293,0.1046585,0.0102832,-0.01954707,-0.03783707,0.002910169,0.02396178,0.008948411,0.01981767,female
HG01356,HG01356,0.1517099,-0.127995,0.1228526,0.08808818,-0.009620938,-0.03395394,0.02905357,0.02139906,0.03900541,-0.007385915,male
HG01357,HG01357,0.1891094,-0.1373461,0.1346995,0.05098256,0.01540363,-0.01085328,0.0004635968,-0.0009573522,0.001706262,0.02463396,female
HG01359,HG01359,0.1510214,-0.1428687,0.09294408,0.06538651,-0.01219317,-0.005358189,0.01304896,0.005302932,0.02743604,0.009570019,male
HG01360,HG01360,0.1127003,-0.1556688,0.1112245,0.03996863,-0.001680865,-0.01910963,0.03696147,0.01471721,-0.01570831,-0.1585198,female
HG01362,HG01362,0.09391689,-0.1435283,0.1092215,0.03418842,0.008746851,-0.03343589,-0.005030585,0.02125677,0.03433591,0.005085414,male
HG01363,HG01363,0.06845555,-0.1018093,0.1313409,0.05197635,-0.02055109,-0.03931781,0.0008732783,0.002531714,-0.01309151,-0.04277876,female
HG01365,HG01365,0.08624612,-0.1227644,0.08750174,0.06635609,0.02004297,-0.02257842,0.007304629,0.01188149,0.01876552,0.01033611,male
HG01366,HG01366,0.1060528,-0.1245935,0.1109349,0.05131246,0.00996131,-0.0253037,0.020221,-0.01831789,0.03774106,0.01596382,female
HG01369,HG01369,0.1084683,-0.05124746,0.1550495,0.1628282,-0.01339201,-0.02802928,0.009924157,-0.03337191,0.0285846,0.02559818,female
HG01372,HG01372,0.1672803,-0.1278321,0.1269692,0.08792016,-0.02151601,-0.01888907,0.00464673,0.0002757934,0.05186431,0.02172173,female
HG01374,HG01374,0.1775491,-0.1928953,0.1254753,0.05677674,-0.01554977,-0.03671509,0.0360956,-0.005989791,-0.008614121,-0.04766938,male
HG01375,HG01375,0.08241702,-0.09888689,0.122311,0.06726404,0.01121007,-0.0244287,0.02447567,-0.01611356,0.007674832,0.02375851,female
HG01377,HG01377,0.1137783,-0.1281828,0.1005714,0.08316189,-0.01266575,-0.01982559,0.01804961,-0.008239674,-0.006145168,-0.07297946,male
HG01378,HG01378,0.1613961,-0.1233857,0.1578457,0.1177413,-0.01189405,-0.02727778,0.03193247,-0.007198543,0.02922352,-0.02237142,female
HG01383,HG01383,0.1698178,-0.1540785,0.1309368,0.05009253,-0.0006145556,0.001653478,0.02739055,0.02303496,-0.007251203,0.01923017,male
HG01384,HG01384,0.1489741,-0.159072,0.1251595,0.0176271,-0.01861754,-0.04045113,0.03242591,0.04761827,-0.04630287,-0.004371938,female
HG01389,HG01389,0.1382506,-0.2160761,0.06159429,-0.01213486,-0.004223528,-0.06276098,0.03398359,0.00186803,0.001074902,-0.05235533,male
HG01390,HG01390,-0.04082686,-0.06196545,0.1089854,0.0520306,-0.003226032,-0.02697427,0.004780493,-0.02434544,-0.002319964,-0.05808095,female
HG01431,HG01431,0.1091997,-0.1394317,0.1250002,0.06051117,-0.003498835,-0.04115288,0.03743157,0.0183145,0.02700162,-0.05329142,male
HG01432,HG01432,0.1580115,-0.1649663,0.1192529,0.01138513,-0.008457664,-8.955067e-05,0.02084316,-0.001790336,0.005671345,0.005637128,female
HG01435,HG01435,0.1690063,-0.05425769,0.1985792,0.1570529,-0.009619552,0.005086724,0.007512094,-0.01502161,0.01041562,0.002910908,female
HG01437,HG01437,0.1610036,-0.2371407,0.06978207,-0.02449283,0.00128953,-0.03596677,0.02266677,0.02690051,0.02068644,0.02609972,male
HG01438,HG01438,0.1589512,-0.2699194,0.07677302,-0.06340084,-0.001247775,-0.04165544,0.03494897,-0.003412723,0.01836585,0.05210564,female
HG01440,HG01440,0.04257418,-0.1187787,0.1042135,0.03891613,-0.02116357,-0.01715834,0.01023962,0.00790412,0.01558195,0.01492705,male
HG01441,HG01441,0.1816892,-0.08195827,0.152465,0.1197206,-0.01532122,-0.03431701,0.01355951,0.005659586,0.0312635,0.01058321,female
HG01443,HG01443,0.1886893,-0.02500678,0.2050649,0.1898549,-0.001901985,0.005540472,0.0008020309,-0.00771683,0.02991211,0.02690758,male
HG01444,HG01444,0.1149524,-0.143717,0.127014,0.05030023,-0.02199109,-0.03987617,0.02019205,0.007176765,-0.004842359,-0.01365394,female
HG01447,HG01447,0.1403889,-0.1476647,0.1125869,0.05238573,-0.007825732,-0.03219599,0.02548924,-0.03510625,0.01851009,0.02224798,female
HG01455,HG01455,0.1677276,-0.1164016,0.1576017,0.1106204,-0.03246111,-0.006385727,0.02648333,0.005859887,0.02938517,0.04925015,male
HG01456,HG01456,0.1542315,-0.1008653,0.142196,0.1038279,-0.009292808,-0.01444198,0.03012255,0.003558727,0.007382444,-0.01983689,female
HG01459,HG01459,0.1493541,-0.09787938,0.1426795,0.1286396,-0.0180585,-0.004377644,0.02998255,0.004979888,-0.02980463,-0.01400224,female
HG01461,HG01461,0.07133448,-0.06157836,0.1490619,0.1450962,-0.01486462,0.01593046,0.002820002,-0.01715319,0.005016719,-0.02610333,male
HG01462,HG01462,-0.02550533,-0.03774668,0.1128606,0.0880118,-0.003616157,0.003903402,0.003666368,0.00233748,-0.03631859,0.01079468,female
HG01464,HG01464,0.05826987,-0.06747395,0.1136628,0.1110184,-0.00571947,-0.02704195,0.01871449,-0.009275862,0.04583491,0.007860179,male
HG01465,HG01465,0.1587373,-0.2034837,0.1035055,0.02139941,-0.00310394,-0.06176986,0.04220025,0.004055525,0.02023463,-0.04135072,female
HG01468,HG01468,0.1801839,-0.1956434,0.09253989,-0.000162075,-0.00588397,-0.04901524,0.03460848,0.009018658,-0.009095073,-0.05652136,female
HG01474,HG01474,0.1652434,-0.2422666,0.104942,-0.01974983,-0.0002090903,-0.02988729,0.02358181,-0.01111674,0.06081568,-0.01134439,female
HG01479,HG01479,0.1499946,-0.2336223,0.09617704,-0.02244979,-0.0344113,-0.04968122,0.01763721,0.01183051,0.001978122,-0.02150793,male
HG01485,HG01485,-0.07574441,-0.04713824,0.08457297,0.09148838,-0.004440185,-0.03375525,-0.034365,0.01237863,0.070278,-0.01949548,male
HG01486,HG01486,0.1614391,-0.1193944,0.1534146,0.09054466,-0.004288853,-0.01602267,0.02019182,0.01977831,0.009583704,0.03313461,female
HG01488,HG01488,0.05455608,-0.174801,0.06989619,-0.004822448,-0.01431542,-0.007259222,0.01172433,-0.006186145,0.009547411,0.03362413,male
HG01489,HG01489,0.1594947,-0.2149645,0.08470031,-0.02377221,0.01407657,-0.04839257,0.01809276,-0.005990877,2.895476e-05,0.03124689,female
HG01491,HG01491,0.1745009,-0.2156469,0.09001877,-0.003798902,0.005050885,-0.05344813,0.04386387,0.00977454,-0.01121035,-0.03385854,male
HG01492,HG01492,0.1572465,-0.1978327,0.1261292,-0.003738744,-0.01000636,-0.03468129,0.01744633,-0.01181951,-0.007609411,-0.02263779,female
HG01494,HG01494,0.1196235,-0.06667442,0.1481974,0.1222708,0.009271177,-0.008361549,-0.01431056,0.005238767,0.06188076,-0.005859476,male
HG01495,HG01495,0.1138802,-0.07387246,0.1497826,0.1310322,-0.003167631,-0.02196319,0.04427364,-0.0007003027,-0.005298297,-0.06958501,female
HG01497,HG01497,0.1561277,-0.1316443,0.1591803,0.1061397,-0.00518454,-0.02716295,0.03219997,0.003352155,0.03554199,0.009199947,male
HG01498,HG01498,0.1588953,-0.0934895,0.1332902,0.08484408,-0.006038799,-0.01530743,0.0544078,-3.752642e-05,0.04392347,-0.0005840327,female
HG01550,HG01550,0.1730494,-0.1544831,0.1109988,0.03170768,0.01140748,-0.04004579,0.01431493,0.02273803,-0.02227127,-0.07149321,male
HG01551,HG01551,-0.1004853,-0.06572672,0.09274287,0.06757982,0.01315344,-0.02344976,0.01819346,0.004531104,-0.000321252,0.003523106,female
HG01556,HG01556,0.03278056,-0.07165561,0.1108251,0.1152851,-0.01895218,-0.03827059,0.025827,-0.01395007,0.007271185,-0.03624303,male
NA19648,NA19648,0.1642464,-0.2607656,0.09144439,-0.03363293,-0.03293544,-0.03557256,0.01194613,-0.0001422229,-0.03707581,-0.05440913,female
NA19649,NA19649,0.1574244,-0.1585641,0.1037813,0.04437962,0.02003745,-0.01393024,0.004872921,-0.01085329,-0.01316056,-0.01102721,male
NA19651,NA19651,0.1263327,-0.1617431,0.1106123,0.06120883,-0.01183418,-0.02659155,0.01992975,-0.007331942,-0.0217886,-0.063189,female
NA19652,NA19652,0.1459606,-0.1458029,0.1167852,0.06999457,0.00693425,-0.003043805,0.02169849,4.906799e-06,0.005625978,0.04086635,male
NA19654,NA19654,0.1476154,-0.04167071,0.2021713,0.1985825,0.001548316,0.01358937,0.02814878,-0.04132719,0.002416105,-0.0005676467,female
NA19655,NA19655,0.1397782,-0.1232714,0.1229374,0.08217444,-0.01097213,0.003345217,0.05149364,0.0096598,-0.01866808,-0.01657499,male
NA19657,NA19657,0.1686192,-0.01695482,0.1824801,0.2091866,-0.01713536,0.02887462,0.0275009,0.01311684,0.01131263,-0.04591601,female
NA19658,NA19658,0.1668365,-0.1382281,0.1125478,0.09629263,0.01794159,-0.004840859,0.004428254,-0.006905629,0.01688379,-0.01473756,male
NA19661,NA19661,0.1689741,-0.04065017,0.1510706,0.1559246,0.03284811,-0.004479075,-0.01437126,-0.01278493,-0.008853852,-0.03519777,male
NA19663,NA19663,0.1642811,0.001692516,0.1834816,0.2027408,0.002391432,0.01282301,-0.005031511,-0.004816398,0.007607044,-0.03816511,female
NA19664,NA19664,0.1716808,-0.0320497,0.1687523,0.1652787,-0.006179925,0.01608667,-0.0008721189,-0.01042485,0.04039009,-0.03562379,male
NA19669,NA19669,0.1816828,-0.1106955,0.1209165,0.05362162,-0.0141281,-0.01989068,0.004684761,-0.006220566,0.005549376,-0.004655455,female
NA19670,NA19670,0.1795584,-0.0773835,0.1523958,0.1639929,-0.01418393,-0.01004983,0.03022643,0.004910106,-0.0005214224,-0.001449472,male
NA19676,NA19676,0.1583284,-0.1429228,0.1162124,0.05024188,0.002613226,-0.0287231,0.02486919,0.007002466,-0.01028689,0.09178381,male
NA19678,NA19678,0.1283439,-0.1644476,0.09918404,0.03610062,-0.0206061,-0.02684292,0.02312684,0.02800446,0.004202256,-0.03609753,female
NA19679,NA19679,0.1468086,-0.25755,0.07419738,-0.06578745,0.007575696,-0.06428282,0.03479237,0.03245394,0.00225995,0.01246194,male
NA19681,NA19681,0.17841,-0.007836998,0.1744059,0.1899696,0.01121178,-0.03031741,0.009283226,-0.005844774,0.003352453,0.03181265,female
NA19682,NA19682,0.1838286,-0.06071417,0.1654607,0.1460705,-0.01118441,-0.0127513,0.02340541,-0.004863168,-0.02284792,0.0476474,male
NA19684,NA19684,0.1836466,-0.1512912,0.1013632,0.05004715,0.0139579,0.008684867,-0.006562777,-0.02185713,-0.003685761,-0.02733664,female
NA19716,NA19716,0.1675111,-0.03704798,0.1637246,0.1586104,-0.01258155,-0.0193395,0.03921747,0.01218965,-0.004085694,-0.07700385,female
NA19717,NA19717,0.1710652,-0.01642702,0.1606897,0.1939184,-0.01129742,-0.01915388,0.02884429,-0.01024935,-0.02164881,-0.01817871,male
NA19719,NA19719,0.1782127,-0.1005214,0.1517742,0.1455445,-0.006495905,-0.0281131,0.003371691,-0.008414704,0.001514145,0.007529018,female
NA19720,NA19720,0.1775243,0.007745784,0.219917,0.2293898,-0.007287274,-0.02187254,-0.002521448,-0.009908561,-0.0377198,-0.04020253,male
NA19722,NA19722,0.1723322,-0.06025441,0.1598138,0.1240064,0.02314242,-0.01223086,-0.00939894,-0.0151278,0.005041605,-0.01448849,female
NA19723,NA19723,0.138521,-0.0426315,0.154005,0.1368574,0.00534794,0.0002667814,-0.0006023052,0.008741431,-0.02405134,-0.06591545,male
NA19725,NA19725,0.1653247,-0.1287376,0.1279692,0.09383418,-0.003343668,-0.01726467,0.005457892,-0.003613178,0.001261096,0.02551121,female
NA19726,NA19726,0.210011,-0.01764817,0.1754457,0.2044408,-0.01507871,-0.006056645,0.02988798,0.002248735,-0.02095189,-0.05450012,male
NA19728,NA19728,0.2479893,0.1268193,0.2610568,0.3673858,0.02963201,0.02755432,-0.02264329,-0.02601777,0.001348921,-0.01528604,female
NA19729,NA19729,0.2360992,0.1229921,0.2769323,0.3582766,-0.0004813048,0.004625861,-0.02421576,-0.0185022,0.01904837,-0.03706813,male
NA19731,NA19731,0.2459705,0.1421681,0.2814715,0.3892811,0.01818167,0.01302204,-0.01979945,-0.007581422,0.01087013,-0.03000813,female
NA19732,NA19732,0.245076,0.1251679,0.2754452,0.3940317,-0.005109088,0.01473909,-0.004704949,0.004372921,0.0024438,-0.03159752,male
NA19734,NA19734,0.2035282,-0.01691917,0.2043685,0.2149777,-0.009137889,0.01670674,0.003210423,0.006845748,0.0006403857,0.005514809,female
NA19735,NA19735,0.2233723,0.1038195,0.2327774,0.3560526,0.01483141,0.01381512,-0.003642266,0.008559469,0.02426261,-0.008609538,male
NA19740,NA19740,0.1997061,0.06321016,0.2294012,0.2911948,0.004221018,0.01077521,-0.00434309,-0.006076187,-0.00169244,0.03186966,female
NA19741,NA19741,0.2338644,0.07339741,0.2349275,0.3066389,0.001521074,0.005082393,0.001469853,0.00739701,-0.02513136,-0.05449127,male
NA19746,NA19746,0.1940215,0.0149991,0.2017257,0.2446811,-0.002843005,0.00846748,0.009518596,0.008133334,0.009391933,-0.02547594,female
NA19747,NA19747,0.2017076,-0.04811407,0.1539794,0.1740341,0.005442634,-0.005884544,-0.01630662,0.01133112,0.01281753,0.02144746,male
NA19749,NA19749,0.1780157,-0.07841121,0.1429194,0.05031403,-0.007062076,-0.04028811,0.01503347,0.002596801,-0.03172829,-0.08985697,female
NA19750,NA19750,0.1680854,-0.1327987,0.1416108,0.06441604,0.0004680593,-0.03082887,-0.003552919,0.002864151,-0.006679749,-0.06224614,male
NA19752,NA19752,0.1938306,-0.03875331,0.1628999,0.16948,-0.02595764,-0.01920827,0.0007895057,-0.01374934,-0.01874126,-0.05599857,female
NA19755,NA19755,0.1891633,0.03337694,0.2091773,0.2479021,0.002445869,-0.006258688,0.005682478,-0.01864469,0.002035173,-0.01371315,female
NA19756,NA19756,0.1508846,-0.03970222,0.1518204,0.1684474,0.01171063,-0.02029,0.0005836562,0.02174609,0.0121585,0.02891421,male
NA19758,NA19758,0.2229984,0.06371667,0.2346438,0.2974354,0.01284354,0.00595842,0.00977479,-0.007883802,-0.004724997,-0.01358077,female
NA19759,NA19759,0.219841,0.05598685,0.214622,0.302045,0.005259784,0.02986072,-0.006162381,-0.01856472,0.02177,-0.00799291,male
NA19761,NA19761,0.1682298,-0.01549293,0.1729495,0.2004314,-0.004413508,0.01133639,0.01392526,-0.003696797,0.01206745,0.04023699,female
NA19762,NA19762,0.1626874,0.004645728,0.1827625,0.1983637,2.387187e-05,0.002422618,0.02174015,0.004896422,0.0106475,-0.02216364,male
NA19764,NA19764,0.1471831,-0.08145762,0.1382058,0.08671123,-0.005256225,-0.02047932,0.02268419,0.008938107,0.0229538,0.009174639,female
NA19770,NA19770,0.1537026,-0.0718883,0.1371142,0.1235952,0.02804804,-0.0150407,-0.01373575,-0.0105307,0.005799695,0.03130227,female
NA19771,NA19771,0.1622393,-0.05048801,0.1849786,0.1577326,0.01228731,-0.006362585,0.0014554,-0.004718978,-0.003378498,-0.03184703,male
NA19773,NA19773,0.1805115,-0.1017254,0.1288467,0.09524738,0.01006735,-0.04123047,0.01806115,0.01958613,-0.006935026,0.03090164,female
NA19774,NA19774,0.1552645,-0.0512859,0.156939,0.1704596,-0.003953159,0.005148272,-0.008173709,-0.01935351,0.04504584,0.06976861,male
NA19776,NA19776,0.1302953,-0.03999774,0.1458737,0.1353775,0.001982289,-0.01332458,0.01980117,-0.004622985,-0.001969125,0.03781848,female
NA19777,NA19777,0.1344742,-0.07227923,0.156555,0.1349882,0.007256789,-0.03277031,0.02421823,-0.008502003,-0.06242406,-0.09755299,male
NA19779,NA19779,0.1501603,-0.13751,0.1297416,0.06247971,0.005718877,-0.01457186,0.02541955,-0.01150302,0.02794026,0.001571893,female
NA19780,NA19780,0.1646513,-0.1105229,0.1419629,0.1134881,-0.004348963,-0.02784964,0.01999228,-0.02299712,0.01438754,-0.03681869,male
NA19782,NA19782,0.1479966,-0.08711516,0.1730355,0.1425727,-0.02452417,-0.02279619,0.01666982,0.01907094,-0.0526998,-0.1048746,female
NA19783,NA19783,0.2090049,0.04531829,0.2060038,0.3118619,-0.004668483,-0.01045332,0.001372328,-0.0009311389,-0.01392397,0.006923342,male
NA19785,NA19785,0.1815947,0.03519592,0.2193951,0.257251,-0.005571112,-0.0206297,0.01618682,-0.01110049,-0.0277661,-0.06028342,female
NA19786,NA19786,0.1727902,-0.02298569,0.1756561,0.1935508,-0.008395343,-0.03120105,0.02245369,0.02307939,-0.03325715,-0.1511576,male
NA19788,NA19788,0.1826244,0.01038966,0.1767849,0.226962,0.005312178,0.01231866,-0.01560372,-0.02218735,-0.03122798,-0.0140553,female
NA19789,NA19789,0.1563353,-0.06739446,0.1213843,0.1155592,0.01268228,-0.005487327,0.0197592,0.01466305,0.002814079,-0.008327712,male
NA19792,NA19792,0.1517293,-0.1218011,0.1067291,0.07513501,-0.009794889,-0.008936799,0.02425381,0.01515295,0.002549383,-0.02570778,male
NA19794,NA19794,0.1598198,-0.1320539,0.1308461,0.08237431,-0.01980112,-0.01948576,0.02089451,8.606585e-05,0.03463013,0.0258248,female
NA19795,NA19795,0.1512449,-0.05347955,0.1548219,0.1769502,-0.0005716514,0.01168845,-0.02147742,0.01005489,0.001079144,-0.008461151,male
HG01565,HG01565,0.2083239,0.0139415,0.2133158,0.2475979,-0.01137731,-0.01058358,0.001362613,0.01598534,-0.03672217,-0.05484645,male
HG01566,HG01566,0.19124,-0.06467693,0.1665568,0.1480748,0.01009167,0.000734786,-0.002524005,-0.01003045,0.01910369,-0.008987914,female
HG01571,HG01571,0.2260358,0.006538458,0.2014782,0.2635699,-0.001999947,0.001917855,-0.00135002,0.01455873,0.002173813,0.06266191,male
HG01572,HG01572,0.2465737,0.1183216,0.3013805,0.3845519,-0.02866498,0.04545083,-0.0507112,-0.01493167,-0.02587602,0.02808875,female
HG01577,HG01577,0.1528739,-0.08936521,0.1623084,0.1325707,0.01684305,-0.00569042,0.009655855,-0.004504345,-0.01195937,-0.07021687,male
HG01578,HG01578,0.212937,-0.02550668,0.2222903,0.2655563,-0.004677124,-0.01492709,0.01255639,-0.00681985,0.01569975,0.004252991,female
HG01892,HG01892,0.1698321,0.04463881,0.2221907,0.2975389,-0.01595398,0.01142281,-0.01385891,0.003434363,-0.003770885,0.02170898,male
HG01893,HG01893,0.1094601,-0.01864442,0.1951732,0.2117301,-0.01582088,-0.03077348,0.01829101,-0.001710427,-0.03241224,0.006606466,female
HG01917,HG01917,0.2224302,0.06515406,0.278971,0.3885732,-0.00796477,0.01129644,-0.0216954,-0.0002715627,-0.01736173,0.01648391,male
HG01918,HG01918,0.233679,0.03970607,0.2373938,0.3216414,-0.03714837,-0.01250607,-0.005771735,-0.01222148,-0.003800389,0.03538095,female
HG01920,HG01920,0.2521628,0.1374525,0.2901523,0.4550768,-0.02072942,0.03263025,-0.03007506,-0.01854714,0.0161005,0.04360352,male
HG01921,HG01921,0.2268597,0.03585571,0.2505058,0.3152841,-0.02342469,-0.0009488263,-0.02315732,0.004692057,0.02407447,-0.02026136,female
HG01923,HG01923,0.2337632,0.1053263,0.3001732,0.4164299,-0.02785596,0.02164539,-0.01426838,0.008912,-0.01640372,0.0160759,male
HG01924,HG01924,0.1163394,0.07509788,0.2135514,0.2792225,-0.02172865,0.002311141,-0.04109581,0.02392292,0.03533254,-0.009801409,female
HG01926,HG01926,0.2597493,0.1415071,0.2996774,0.4527554,-0.0234717,0.04207716,-0.033461,-0.01787487,-0.01642103,-0.006480148,male
HG01927,HG01927,0.2548383,0.1215538,0.2971723,0.4096954,-0.01467676,0.02545257,-0.05229778,-0.009586915,-0.01292778,0.02838248,female
HG01932,HG01932,0.2212461,0.04698555,0.2637565,0.3447951,-0.03805518,0.005509115,-0.006442114,-0.009313287,0.004190124,-0.002088337,male
HG01933,HG01933,0.1634765,0.06319879,0.2128699,0.2418468,-0.03080732,-0.01846108,0.03391462,0.02589588,-0.03373407,-0.05685324,female
HG01935,HG01935,0.2220872,0.04693976,0.2271731,0.3148076,-0.02829937,0.01774695,-0.007157381,0.006027587,-0.02428931,0.01324324,male
HG01936,HG01936,0.1802905,0.01195336,0.2167361,0.2591558,-0.01797285,-0.006719666,0.002381189,-0.008901794,0.008557091,0.02134295,female
HG01938,HG01938,0.2401269,0.1346023,0.3017716,0.4447771,-0.0004654492,0.02000908,-0.02287271,0.01106071,-0.00465081,0.01282618,male
HG01939,HG01939,0.2243489,0.03108525,0.2548878,0.3180343,-0.04507083,0.04484677,-0.02059255,0.0007384896,0.006524734,0.01152223,female
HG01941,HG01941,0.1879685,0.06372,0.2239113,0.3419968,-0.02120416,0.02422648,-0.02036557,0.02954251,0.004994847,-0.02727081,male
HG01942,HG01942,0.2304919,0.06936459,0.2640181,0.3645241,0.005045546,0.01645729,-0.01382642,0.01020357,0.02275653,0.02502314,female
HG01944,HG01944,0.2431319,0.1977393,0.1848312,0.1750164,-0.01013001,-0.006848416,-0.01028503,-0.01333612,0.01069473,7.115389e-05,male
HG01945,HG01945,0.2114698,0.03643237,0.2586896,0.3235587,-0.001509894,0.0346534,-0.01177803,0.0036751,-0.04482789,-0.005350459,female
HG01947,HG01947,0.1961608,-0.001027097,0.1907125,0.222473,0.007431294,0.007152947,0.007907572,-0.007543246,0.01553271,-0.00910757,male
HG01948,HG01948,0.09125568,0.08653763,0.1992318,0.2937962,-0.006330212,0.002579233,-0.004426331,-0.01510697,0.01248055,0.006145068,female
HG01950,HG01950,0.2092437,0.1028923,0.2598317,0.3609436,-0.009774972,-0.0003725944,0.00474854,-0.001918524,-0.01067781,-0.0690789,male
HG01951,HG01951,0.2324137,0.1425535,0.2862989,0.4347352,-0.007467621,0.0109714,-0.03261535,-0.001800041,-0.006223797,0.05993738,female
HG01953,HG01953,0.2221864,0.09607981,0.2824314,0.3829824,-0.02390699,-0.01216565,-0.01397992,0.003066247,0.008649992,0.02268647,male
HG01954,HG01954,0.2377787,0.1065225,0.2485921,0.3975005,-0.03485157,0.02109553,-0.006594361,0.01508296,-0.02975116,-0.02687855,female
HG01961,HG01961,0.2595565,0.1434848,0.3118446,0.4536638,-0.01262269,0.02789586,-0.03944854,-0.004903803,0.01113506,0.001023563,male
HG01965,HG01965,0.1573658,-0.01417454,0.2002524,0.2341877,-0.01351859,-0.01976364,0.002524161,0.01330383,-0.001282666,0.01095724,female
HG01967,HG01967,0.2121307,-0.0008894144,0.2198984,0.265192,-0.02417099,-0.002931764,0.006835765,-0.01285296,-0.05530978,-0.03376043,male
HG01968,HG01968,0.2684634,0.119483,0.3124853,0.4141403,0.01206235,0.005590002,-0.02296141,-0.01125971,0.01161075,0.01765916,female
HG01970,HG01970,0.2067215,0.005292169,0.2257886,0.2870444,-0.008303302,-0.01144694,-0.002535526,-0.02774006,-0.01635159,0.03032966,male
HG01971,HG01971,0.08387777,0.01363273,0.191725,0.2392104,-0.01637137,0.01797465,-0.006692269,-0.01033345,-0.002329089,-0.003622909,female
HG01973,HG01973,0.2111807,0.09030822,0.2542366,0.3473523,0.01167658,0.008835967,-0.04400321,0.004028778,-9.352075e-05,0.01557673,female
HG01974,HG01974,0.2392591,0.1369059,0.2763437,0.4049102,-0.01896808,0.02968871,-0.01410038,-0.01557965,0.01410503,-0.01850549,male
HG01976,HG01976,0.2124642,0.009630819,0.222141,0.288206,-0.02068161,0.02527345,-0.0195572,0.005013706,0.0008272861,0.03451467,female
HG01977,HG01977,0.2298267,0.07077669,0.2589158,0.3345318,-0.03206877,0.01151175,0.005871485,0.02135825,-0.02962544,0.03446219,male
HG01979,HG01979,0.2061557,0.0007341858,0.2236404,0.2869835,-0.03227094,-0.005426094,0.009316897,-0.01534153,0.00291626,-0.02060211,male
HG01980,HG01980,0.208828,0.0536409,0.2283736,0.3291294,-0.01124378,-0.00863897,0.002424909,0.01884144,-0.03187319,-0.0524902,female
HG01982,HG01982,0.2368283,0.03970858,0.2681997,0.3312797,-0.008760179,0.01237717,-0.009637694,-0.003894159,0.04294393,-0.00258008,male
HG01991,HG01991,0.2266339,0.04490376,0.2549809,0.3190535,-0.02002454,0.01123798,-0.005502533,0.01538473,0.002496949,0.03959148,male
HG01992,HG01992,0.2470273,0.105048,0.2704023,0.4214201,-0.002803582,0.01276848,-0.0223219,-0.0005972808,0.005707577,0.05264713,female
HG01997,HG01997,0.2369625,0.1061152,0.2492956,0.3842897,-0.02654223,0.006288394,-0.01485193,-0.00566511,0.006101062,0.02620812,female
HG02002,HG02002,0.2172727,0.03853489,0.2500939,0.3346787,-0.01073711,0.002645788,-0.0259385,0.01667379,0.02591298,0.001933433,male
HG02003,HG02003,0.2112608,0.05212323,0.2659744,0.3613091,-0.03258744,0.004799402,-0.02989076,-0.02028616,0.009987654,0.01956149,female
HG02006,HG02006,-0.1068669,-0.01732212,0.1025455,0.1127143,0.00487502,-0.01020027,-0.004519515,0.008138556,0.005553492,0.002862882,female
HG02008,HG02008,0.2196224,0.0736528,0.2694978,0.3444655,-0.009242676,0.04119878,-0.007074169,-0.006014087,0.007491927,-0.009837659,male
HG02089,HG02089,0.2195215,0.002910311,0.2319698,0.2599069,0.003136251,0.007860848,-0.006727205,0.01596985,-0.007165227,0.02655391,female
HG02090,HG02090,0.1026695,-0.008574269,0.1762447,0.1981835,-0.01373374,0.009113459,0.01677081,-0.003374283,-0.02684452,0.02973795,male
HG02102,HG02102,0.2276699,0.08630508,0.2585308,0.3816887,-0.01683226,0.0266883,-0.005299481,-0.001996436,0.009375985,0.007222415,female
HG02104,HG02104,0.2472899,0.1152952,0.2754141,0.3838023,-0.01661278,0.009978879,-0.01543837,-0.01569804,0.008211281,0.0005607389,male
HG02105,HG02105,0.2423514,0.1066988,0.2828896,0.4115614,-0.03603694,0.04899406,-0.004457853,-0.006697827,-0.03098989,0.02187256,female
HG02146,HG02146,0.2288209,0.1080348,0.2755875,0.3782077,-0.01639798,-0.004215642,0.001081733,0.002065575,-0.03401057,-0.02583962,male
HG02147,HG02147,0.2378037,0.1297379,0.3203207,0.4063885,-0.005504932,0.0363971,-0.00442871,-0.01047416,-0.007999859,0.01971641,female
HG02150,HG02150,0.2365588,0.1131945,0.3036303,0.4076962,-0.01780092,0.01199348,-0.01947675,-0.01025574,-0.01517125,0.01657704,male
HG02252,HG02252,0.2056964,-0.005386042,0.2249153,0.254931,-0.02403626,-0.002982663,-0.004958765,0.005141068,-0.002421768,0.007939415,female
HG02253,HG02253,0.2151754,-0.05374387,0.1823563,0.1969682,0.005767091,-0.01486905,-0.005270408,0.01946228,0.02072686,0.06641345,male
HG02259,HG02259,0.2508916,0.1550047,0.2771642,0.4207768,-0.01173644,0.03737361,-0.03181207,-0.009138283,-0.03171663,0.03092192,male
HG02260,HG02260,0.230446,0.07577389,0.2401947,0.3365811,-0.01201436,0.04985838,-0.0166066,-0.006992317,-0.01964768,0.02375747,female
HG02262,HG02262,0.2177165,0.04346918,0.2394304,0.3142155,-0.02232907,0.008059776,0.0009511267,0.007563966,-0.008218065,-0.006916882,male
HG02265,HG02265,0.2451017,0.1232541,0.2865094,0.4002297,0.007770379,0.05830423,-0.03021588,0.01542789,0.001109485,0.01447344,male
HG02266,HG02266,0.2333189,0.1364258,0.2905614,0.4022633,-0.00301945,0.02161445,-0.005014012,0.01633305,0.01374578,0.01748711,female
HG02271,HG02271,0.2413647,0.1387504,0.306142,0.4243437,-0.003572149,0.02248202,-0.01404389,0.0153248,-0.04219771,-0.03429042,male
HG02272,HG02272,0.240959,0.13975,0.3121405,0.4630953,-0.01557021,0.04609819,-0.03998862,0.01130229,0.00422933,0.03399203,female
HG02274,HG02274,0.03688935,0.07651147,0.182769,0.2628566,-0.009481654,0.03194242,-0.02862268,0.005410523,-0.01207868,0.02062033,male
HG02275,HG02275,0.2439029,0.1098622,0.2832755,0.4344756,-0.02077025,0.0371522,-0.01367445,-0.009697541,0.002825437,0.01204889,female
HG02277,HG02277,0.2237399,0.01869445,0.2112291,0.2643786,-0.04444346,0.005756306,-0.008302455,-0.007139664,-0.0002378352,-0.001016053,male
HG02278,HG02278,0.2335124,0.1016227,0.274462,0.3909115,-0.02160372,0.0006253615,-0.007320783,-0.0001905883,-0.003717497,0.039123,female
HG02285,HG02285,0.2177055,0.05892134,0.2541053,0.3321121,-0.02723735,-0.004582725,-0.00405943,-0.01367041,-0.02022354,0.02483771,male
HG02286,HG02286,0.2274382,0.03659175,0.2541747,0.3133401,-0.01213941,0.01437268,-0.01399746,-0.02008573,0.04341413,-0.001703688,female
HG02291,HG02291,0.2452335,0.1274607,0.3138651,0.4385034,-0.0270983,0.03816124,-0.03280556,-0.01734964,-0.03504142,0.05498727,male
HG02292,HG02292,0.2493776,0.07814567,0.2700578,0.3747067,0.007130219,0.02364152,-0.02817114,0.01523355,-0.01868588,-0.02084495,female
HG02298,HG02298,0.2193199,-0.02711251,0.2032059,0.2111969,-0.006518089,-0.003238572,0.006927061,-0.002952501,0.01787095,0.06703121,female
HG02299,HG02299,0.2348,0.07871005,0.2783713,0.3548575,0.01620892,7.045367e-05,-0.02227332,-0.01278991,-0.01617497,0.02858291,male
HG02301,HG02301,0.224302,0.06854246,0.252191,0.3566494,-0.007948311,0.02044049,0.001455052,0.02480206,-0.01484997,0.006386093,female
HG02304,HG02304,0.1890368,0.08553393,0.2555767,0.3053076,-0.02354135,-0.01513027,-0.01995642,0.0007205087,-0.004533651,0.02678634,male
HG02312,HG02312,0.2044091,-0.007893418,0.2075255,0.2363035,-0.009701363,-0.006892791,-0.003385501,-0.009006541,0.003615025,0.01157454,female
HG02345,HG02345,0.1534873,-0.02300645,0.1383536,0.1513671,-0.03809043,0.001871131,0.01394471,0.006702794,0.01698087,0.02475593,female
HG02348,HG02348,0.2358602,0.09637141,0.2431508,0.3602147,-0.01116509,0.01117285,-0.02583326,-0.01437473,-0.01278856,0.006124786,female
HG02425,HG02425,0.1640604,-0.005355998,0.1806848,0.2119633,-0.0003410301,-0.006358445,-0.0191299,-0.007588387,0.0311075,0.01199021,female
HG00551,HG00551,0.123418,-0.1936806,0.08478447,-0.002888772,0.004585746,-0.03008708,0.05148506,-0.004162983,0.009975105,0.05797878,female
HG00553,HG00553,0.03632827,-0.1398283,0.08478781,0.0480316,-0.002612524,-0.0178437,0.01178921,0.0148353,-0.01561675,-0.0228852,male
HG00554,HG00554,0.1228733,-0.1993118,0.0679588,-0.01888919,0.02417343,-0.03191353,0.03002951,0.01049086,-0.01255297,-0.009680388,female
HG00637,HG00637,0.06821139,-0.1710275,0.07997769,-0.009451919,-0.004772274,-0.02401302,0.03292435,-0.006603418,-0.002977093,0.007601642,male
HG00638,HG00638,0.05805399,-0.1585597,0.06514654,0.01756737,-0.003439723,-0.05111043,0.05093309,0.02398309,0.01503614,0.02696675,female
HG00640,HG00640,0.1251939,-0.1957005,0.08647726,-0.04588722,-0.02652692,-0.0377787,0.0516147,0.01096944,0.01699978,0.08494124,male
HG00641,HG00641,0.1147862,-0.1788281,0.08183742,0.001026065,-0.004580395,-0.03954683,0.02526954,-0.02718967,-0.003727604,0.1020319,female
HG00731,HG00731,0.1649038,-0.23556,0.08255477,-0.04658895,-0.02832259,-0.02887297,0.03471602,-0.02847605,0.006725267,0.03459529,male
HG00732,HG00732,0.1405057,-0.2074364,0.08716782,-0.0203815,-0.01858371,-0.03092078,0.02504425,0.01338617,0.01785348,0.06126907,female
HG00734,HG00734,0.09833759,-0.1613553,0.1083516,0.01902195,-0.007428682,-0.02088395,0.008844524,0.0159239,-0.0177794,0.03441121,female
HG00736,HG00736,0.1344386,-0.2279202,0.09556164,-0.03211886,-0.0119257,-0.01847628,0.01947513,0.001486275,0.003075601,-0.04672254,male
HG00737,HG00737,0.1212729,-0.2294983,0.08590878,-0.03234035,0.008104677,-0.02840814,0.0177834,-0.008513951,0.02425781,0.05269144,female
HG00739,HG00739,0.1227694,-0.2502236,0.07612488,-0.04508147,-0.0314391,-0.05321256,0.03235243,0.005719683,-0.03512376,-0.09481048,male
HG00740,HG00740,0.08818065,-0.1842989,0.1157312,0.02407713,-0.01345656,-0.06214607,0.05085166,-0.004675943,-0.006835498,-0.06507319,female
HG00742,HG00742,0.1369351,-0.2468086,0.08128621,-0.04951454,-0.02241142,-0.03976119,0.0289377,0.01598173,0.01412735,0.04298447,male
HG00743,HG00743,0.117406,-0.1352189,0.1111044,0.0274472,-0.008111303,-0.02987346,0.0400018,-0.006507387,0.006463277,0.05809522,female
HG01047,HG01047,0.1289292,-0.1971684,0.06881482,-0.01171924,-0.01787031,-0.04232534,0.01484361,0.009712502,0.01493045,0.03721358,male
HG01048,HG01048,0.09130337,-0.1903117,0.08640941,-0.002750741,-0.008152038,-0.03698974,0.03639838,-0.02299541,-0.006394229,0.01476723,male
HG01049,HG01049,0.0009147874,-0.1514915,0.1013708,-0.01708981,-0.01773149,-0.01981486,0.01071464,-0.0109504,0.03477023,-0.004538419,female
HG01051,HG01051,0.009982299,-0.127742,0.08709605,0.01677695,-0.02064719,-0.03479415,0.03868574,-0.003348892,-0.01935719,-0.01716207,male
HG01052,HG01052,0.03485547,-0.128481,0.09425346,0.03111356,-0.007358034,-0.07228993,0.03485782,0.003967594,0.004046243,-0.03547051,female
HG01054,HG01054,0.1318099,-0.1803752,0.09645762,-0.007162335,-0.01348541,-0.04933459,0.02562219,0.006956902,-0.001472533,0.04887928,male
HG01055,HG01055,0.06348968,-0.1879154,0.08929861,-0.04554293,-0.01386947,-0.0338522,0.04151001,-0.01683538,0.01811982,0.05162682,female
HG01058,HG01058,0.08582619,-0.1831746,0.08983451,-0.003523741,-0.01604945,-0.02861743,0.01059819,0.0407269,-0.02780888,-0.03809718,female
HG01060,HG01060,0.09789522,-0.2157389,0.08637797,-0.04217375,-0.03022711,-0.04386463,0.03198671,0.01699725,-0.03444056,-0.01998789,male
HG01061,HG01061,0.1029015,-0.2040938,0.08584465,-0.01342269,-0.007323831,-0.05505247,0.02774249,-0.02198707,0.04463914,0.04648153,female
HG01063,HG01063,-0.09245885,-0.09858781,0.06437384,-0.0007261071,-0.004646796,-0.02483775,0.04233908,0.004887938,0.02046091,0.01397636,male
HG01064,HG01064,0.05553698,-0.1874269,0.08420358,-0.03333547,-0.02172539,-0.04835154,0.03465514,0.007762882,-0.03031462,-0.02971118,female
HG01066,HG01066,0.1138236,-0.2159334,0.07648253,-0.01197638,-0.02253326,-0.03831354,0.01826319,-0.02649811,0.00698377,0.06432551,male
HG01067,HG01067,0.1032389,-0.2052416,0.09323456,-0.007638917,-0.01723962,-0.03919969,0.02082913,-0.007664329,0.002893994,0.0626799,female
HG01069,HG01069,0.09783726,-0.1869614,0.09534642,0.005460634,-0.01236743,-0.048885,0.03524368,-0.006041017,0.03573818,0.05942534,male
HG01070,HG01070,0.1324572,-0.1997928,0.07720735,0.01256749,-0.01589541,-0.06575493,0.04255828,0.002657745,0.01562176,0.02767172,female
HG01072,HG01072,0.1037166,-0.2028393,0.1140874,-0.0160906,-0.02557726,-0.06422986,0.04722075,0.02618234,-0.025172,-0.101117,male
HG01073,HG01073,0.1253943,-0.2064076,0.09039131,-0.0114002,-0.02297695,-0.03184834,0.05732066,-0.02322767,-0.0198184,0.08088326,female
HG01075,HG01075,0.1112725,-0.2265001,0.06896246,-0.06695695,-0.00796345,-0.02441604,0.02419936,-0.009496235,0.0355189,0.06455697,male
HG01077,HG01077,0.04043642,-0.1363549,0.07303915,0.00313159,-0.0002549134,-0.03170808,0.002857191,-0.01295423,-0.001309013,-0.06161573,female
HG01079,HG01079,0.02293623,-0.1596092,0.06576587,-0.02506091,-0.0148814,-0.03837252,0.0390461,-0.01173929,-0.002858793,0.03262187,male
HG01080,HG01080,0.1120071,-0.1535597,0.1231365,0.0406079,-0.01880664,-0.01640477,0.03653917,-0.001065492,0.04647641,-0.00938347,female
HG01082,HG01082,0.0305091,-0.1576576,0.07670807,0.01920758,-0.01282914,-0.03438022,0.04745337,0.01069587,-0.0384579,0.003376253,male
HG01083,HG01083,0.100844,-0.199736,0.08082476,0.004542016,0.01586252,-0.04393863,0.02852162,0.01222958,0.05975928,0.01859726,female
HG01085,HG01085,0.07972266,-0.1960693,0.09829301,-0.02682265,-0.01282225,-0.01160653,0.001466386,-0.0172921,-0.008965119,0.004666608,male
HG01086,HG01086,0.07805037,-0.1827222,0.09067564,0.01150751,-0.02076211,-0.03897216,0.01469699,0.002355887,0.02277912,0.03311765,female
HG01088,HG01088,0.0214244,-0.1767842,0.06316205,-0.03864378,-0.01274623,-0.03358966,0.03327353,0.009644947,0.03444995,-0.02178062,male
HG01089,HG01089,0.06899336,-0.1732848,0.08194917,0.005237078,-0.0007084515,-0.0379792,0.02205045,0.005252139,0.007808546,0.03537061,female
HG01092,HG01092,-0.006990578,-0.1520594,0.0677965,0.009174596,-0.003489888,-0.01316289,0.05750816,-0.002949272,-0.01347773,-0.06481618,female
HG01094,HG01094,0.08852188,-0.1836508,0.07335174,-0.004500441,-0.0008586229,-0.038926,0.03322939,0.004526069,0.008387809,0.02935122,male
HG01095,HG01095,0.08256164,-0.1956584,0.08063103,-0.02616177,0.001670339,-0.02797797,0.03621749,-0.01668074,-0.00890687,-0.0004478652,female
HG01097,HG01097,0.1187359,-0.1787267,0.08634063,-0.03006425,-0.01191927,-0.01019064,0.02144713,0.01271167,0.006300169,0.0278909,male
HG01098,HG01098,0.09805313,-0.2040458,0.1107807,0.006445884,-0.006014772,-0.02772918,0.0565055,0.00786682,-0.00181567,-0.01617763,female
HG01101,HG01101,0.07407092,-0.1595662,0.1061046,-0.001302313,0.004852485,-0.03817501,0.03850481,-0.0198659,0.02391463,0.03196204,male
HG01102,HG01102,0.06530007,-0.1908069,0.09065497,-0.00353868,-0.0253085,-0.06194172,0.01399408,0.02349472,-0.01365775,-0.06696909,female
HG01104,HG01104,0.1114495,-0.1900781,0.08853521,-0.004561672,-0.04059299,-0.04327619,0.0302304,-0.001736915,-0.03261767,0.05787446,male
HG01105,HG01105,0.1112477,-0.205893,0.08791613,-0.0369035,-0.006567163,-0.0379286,0.03882529,-0.02182105,0.01495611,0.03971639,female
HG01107,HG01107,-0.006780098,-0.1683914,0.08214297,-0.03498134,-0.0006075005,-0.03975759,0.02566243,0.0177197,-0.01731486,-0.05138557,male
HG01108,HG01108,-0.2907539,-0.073295,0.04318297,0.004928678,0.01788021,-0.01367932,0.00795093,0.01269022,0.002697206,0.02549251,female
HG01110,HG01110,0.08515656,-0.1764623,0.1005454,-0.01643652,0.003093361,-0.03172854,0.006001691,-0.021565,0.01526074,0.03707376,male
HG01111,HG01111,0.09304694,-0.1747106,0.1056771,0.004137409,0.006679714,-0.01517595,0.01360928,0.003851355,0.009655531,-0.008661591,female
HG01161,HG01161,0.03615406,-0.1560806,0.09773086,-0.005439405,-0.02308114,-0.03608613,0.005560755,0.004661425,0.02512962,0.02684613,male
HG01162,HG01162,0.09437712,-0.1706573,0.08235788,0.001813927,-0.01081174,-0.02962228,0.01855582,0.006358935,0.007728246,0.04981144,female
HG01164,HG01164,0.09865751,-0.2014847,0.09155993,-0.006447063,-0.02300099,-0.04003014,0.02978057,-0.001804871,-0.03234642,-0.01251906,male
HG01167,HG01167,0.01623474,-0.1553186,0.0941564,0.005662018,0.01528489,-0.01333189,0.04479072,0.02283513,-0.0107972,-0.02085925,male
HG01168,HG01168,0.1545254,-0.2560797,0.05823859,-0.03403342,-0.01047287,-0.03905391,0.02861184,0.01132229,0.02542165,0.05612471,female
HG01170,HG01170,0.09217745,-0.1916023,0.09049562,-0.005992309,-0.01034758,-0.02805331,0.03094031,0.0004001528,0.01272606,0.02272348,male
HG01171,HG01171,0.04306855,-0.1789718,0.08396697,-0.005561993,0.007450058,-0.05191864,0.02932901,0.015514,-0.04862698,-0.02814246,female
HG01173,HG01173,0.1126398,-0.2187377,0.06879248,-0.04735532,-0.01154738,-0.04093115,0.0441114,0.01645087,0.03008717,0.04396641,male
HG01174,HG01174,0.1237211,-0.2206198,0.07025549,-0.04192057,-0.005327274,-0.02593309,0.04104992,0.02495296,0.005479113,0.02919238,female
HG01176,HG01176,0.1010485,-0.1767261,0.1172236,0.003411766,-0.01338037,-0.02850305,0.00984832,-0.0004706745,-0.01752238,-0.04368546,male
HG01177,HG01177,0.1351333,-0.1840926,0.12048,0.02360351,0.002253382,-0.06818464,0.04011912,0.02891841,-0.03609516,-0.02977211,female
HG01182,HG01182,0.09652047,-0.1607161,0.09773512,0.003539108,-0.009650197,-0.0368799,0.04390669,0.004843817,0.0480265,0.02611794,male
HG01183,HG01183,0.1023615,-0.1641699,0.09835138,0.0004612076,0.0123881,-0.01768662,0.03617082,-0.005928051,0.03432797,0.01407649,female
HG01187,HG01187,0.0586381,-0.1351378,0.1084042,0.06722516,-0.007290519,-0.01604529,-0.007481911,-0.01821326,0.03886269,0.05887455,male
HG01188,HG01188,0.02165567,-0.1088491,0.08426167,0.03936828,0.00291917,-0.05353272,0.03501199,-0.007304031,0.003522912,-0.04367055,female
HG01190,HG01190,0.04890703,-0.1301474,0.1000907,0.03436301,-0.03297708,-0.008602765,0.01350329,-0.001195528,-0.002298914,0.03064858,male
HG01191,HG01191,0.1012717,-0.1854836,0.09095839,0.0238769,-0.006306973,-0.008381883,0.0386068,-0.00613868,0.01598247,0.03196142,female
HG01197,HG01197,0.1351002,-0.2213676,0.1050575,-0.001089998,-0.02455458,-0.0411021,0.01140191,0.018817,-0.02779413,-0.02762835,male
HG01198,HG01198,0.03795726,-0.1787015,0.09040238,-0.004921944,-0.005821896,-0.01186704,0.03480505,-0.00601117,-0.005396599,0.0205153,female
HG01200,HG01200,0.140427,-0.2428274,0.06783323,-0.02485602,-0.0004714329,-0.06637419,0.01029657,0.02660517,-0.04727983,-0.01776731,male
HG01204,HG01204,0.09986711,-0.1749339,0.07104255,-0.005767365,-0.01078096,-0.0200028,0.05561862,0.02845955,-0.02827879,-0.03535405,male
HG01205,HG01205,0.08761517,-0.1850999,0.08828641,-0.005511035,0.001154411,-0.009389973,0.03340469,-0.02009637,-0.0006229924,0.04399266,female
HG01241,HG01241,-0.3119711,-0.01991345,0.02990509,0.0104736,-0.01283037,-0.01761184,-0.01563583,0.01203106,0.03929671,0.01810512,male
HG01242,HG01242,-0.2220036,-0.0846993,0.043121,-0.0181411,-0.005195043,-0.04206392,-0.01156734,-0.01050463,-0.009753932,0.00154648,female
HG01247,HG01247,0.03414485,-0.1147168,0.09480431,0.01561602,0.03240853,-0.01304158,0.03178414,-0.007608585,0.001464407,0.01791225,male
HG01248,HG01248,0.1029659,-0.1893298,0.0717527,-0.02414532,-0.004192006,-0.04571245,0.02508993,0.0146998,-0.01169422,-0.03004406,female
HG01286,HG01286,-0.01244518,-0.1528162,0.06430343,0.01173099,-0.002980602,-0.03007602,0.01482854,0.0031546,0.007081422,0.04555494,male
HG01302,HG01302,0.09263969,-0.1688748,0.09950351,0.0281148,-0.03326668,-0.04115583,0.01030301,-0.003919234,0.01702851,0.01769423,male
HG01303,HG01303,0.09668422,-0.1491896,0.09224808,-0.001873994,-0.01980929,-0.04774891,0.0385226,0.01519212,-0.003653921,-0.03804255,female
HG01305,HG01305,0.05293757,-0.1599272,0.09647852,0.01642132,-0.004903139,-0.03221966,-0.01268395,0.02734177,-0.02536273,0.05871776,male
HG01308,HG01308,-0.01430682,-0.1436081,0.09424881,-0.003024318,0.010439,-0.01389386,0.032219,-0.0157263,0.02232567,0.01948116,male
HG01311,HG01311,0.1168288,-0.1999083,0.05893821,-0.05086005,-0.005699631,-0.06335101,0.01584057,0.005662446,-0.02340742,-0.03797968,male
HG01312,HG01312,0.09213525,-0.1929791,0.08289663,-0.02824292,-0.004353148,-0.03752272,0.02852967,0.01302806,-0.0378605,-0.04009085,female
HG01323,HG01323,0.09448627,-0.17407,0.111519,-0.001083502,-0.006727062,-0.03432879,0.03938757,0.001313217,-0.02375921,-0.03813003,female
HG01325,HG01325,0.07908383,-0.2105046,0.08184944,-0.03460878,0.008680667,-0.01539126,0.03181822,-0.008785754,0.01050462,0.01551163,male
HG01326,HG01326,0.120545,-0.1764548,0.0900221,0.01001843,-0.03931366,-0.06244661,0.05806206,-0.001627996,0.005310133,-0.01737561,female
HG01392,HG01392,0.06277863,-0.1631038,0.09946005,0.001938567,-0.002678865,-0.03277736,0.02151954,-0.006565065,0.02456948,-0.03739686,male
HG01393,HG01393,0.02249746,-0.1599751,0.07566748,0.01206977,-0.03434545,-0.05411935,0.02132877,0.03897004,-0.01454225,-0.03601816,female
HG01395,HG01395,0.1050525,-0.2087544,0.09683102,-0.01148745,-0.02740072,-0.05711648,0.05180432,0.0010501,-0.0488419,-0.006320104,male
HG01396,HG01396,0.04457866,-0.1248207,0.09417315,0.02493247,0.0008304342,-0.006544472,0.002107176,-0.006557947,-0.005225647,0.0404755,female
HG01398,HG01398,0.05237464,-0.1645862,0.08228688,0.0260917,0.006839801,-0.006940622,0.04050709,-0.01750026,0.02065362,0.02095692,male
HG01402,HG01402,0.05842329,-0.1524359,0.08365401,0.0280913,0.0008714436,-0.04802705,0.0391883,0.003048537,0.03428053,-0.01957651,male
HG01403,HG01403,0.05327451,-0.1472665,0.09380296,0.01803182,-0.01729415,-0.009915364,0.04181354,0.009379087,0.01069014,0.03781307,female
HG01405,HG01405,0.1021465,-0.1902417,0.07193321,-0.01418876,-0.01082402,-0.01230285,0.03166798,-0.004213791,0.01812368,0.008662317,male
HG01412,HG01412,0.1111284,-0.156559,0.116205,0.04714293,0.004407195,-0.04958244,0.02072741,0.02573891,0.01379712,-0.05547497,male
HG01413,HG01413,0.09766564,-0.1539402,0.08067329,0.02304802,-0.03004406,-0.01826048,0.01030454,-0.003486568,0.02656447,0.03756719,male
HG01414,HG01414,0.06829711,-0.1831261,0.09456545,0.01196126,-0.02055927,-0.04489781,0.05037741,-0.01393413,-0.009057197,-0.02661801,female
HG00759,HG00759,0.2754947,0.3388236,0.02159435,-0.07868225,-0.0843711,0.01655212,-0.001193684,0.01020611,-0.008285857,-0.01227555,female
HG00766,HG00766,0.2739052,0.3636805,0.02137546,-0.09713014,-0.0939946,0.01430121,0.005933505,-0.004537281,0.03216172,0.01116365,female
HG00844,HG00844,0.2675068,0.3482188,0.01784496,-0.09408132,-0.08538259,0.02403612,-0.004062937,-0.02012727,0.007445579,-0.03425998,male
HG00851,HG00851,0.2598292,0.3463722,-0.003307017,-0.07557163,-0.1161742,0.01827187,-0.01406084,-0.008656425,-0.01886818,0.005246887,female
HG00864,HG00864,0.2654357,0.3447058,0.02659853,-0.08305723,-0.0939142,0.02432781,0.01027966,-0.00837005,0.0208682,0.009068974,female
HG00867,HG00867,0.2569892,0.3530965,0.01749723,-0.08642914,-0.09186489,0.008409856,0.003572316,-0.004467322,0.03501523,0.0292664,female
HG00879,HG00879,0.2633757,0.3652108,0.001140194,-0.08818352,-0.08791655,0.01982961,-0.02951594,-0.02770468,0.02020691,0.009688632,female
HG00881,HG00881,0.2560312,0.3496935,-0.004090929,-0.06833756,-0.1135706,-0.0001320754,-0.007735535,-0.002996859,-0.0317915,0.01351695,male
HG00956,HG00956,0.2582198,0.3460272,0.0137807,-0.07987056,-0.1015857,-0.0002655364,-0.007866478,-0.0006364213,-0.02978796,-0.005745561,female
HG00978,HG00978,0.2689222,0.3505396,0.0130721,-0.09255638,-0.07688398,0.01307258,0.01163049,0.005276213,0.01279566,-0.0190385,female
HG00982,HG00982,0.2641221,0.3491972,0.02184129,-0.09121547,-0.09255981,0.009944099,-0.003591243,-0.004632219,0.00404991,0.01513712,male
HG01028,HG01028,0.273947,0.3438246,-0.002619854,-0.06044816,-0.093627,0.03001132,0.006057628,-0.001675668,0.0009357331,-0.03702755,male
HG01029,HG01029,0.2568556,0.3564711,0.007557704,-0.08274271,-0.1025506,0.007021805,-0.006885826,-0.0008274527,0.0227211,-0.03035279,female
HG01031,HG01031,0.2634397,0.3525193,-0.001945532,-0.0768973,-0.1017941,0.01438361,-0.002152894,-0.01698423,0.0006169487,-0.007619445,male
HG01046,HG01046,0.2600231,0.3429149,0.01076327,-0.06689278,-0.117209,0.003608128,-0.01811936,-0.000140421,0.01077427,-0.00673413,female
HG01794,HG01794,0.2678978,0.3615314,-0.0002108152,-0.1077912,-0.1076921,0.03013895,-0.008617082,-0.01435636,9.152809e-05,0.01883488,female
HG01795,HG01795,0.2583105,0.3547102,0.008893688,-0.09136985,-0.1049587,0.007657325,-0.0156613,-0.002796076,0.01321863,-0.02696517,female
HG01796,HG01796,0.2727679,0.3507514,0.01398345,-0.08550086,-0.1063578,0.02913651,-0.01350555,-0.004641712,-0.03153462,-0.009996778,female
HG01797,HG01797,0.2536858,0.3339078,0.02890856,-0.072131,-0.1402701,0.02626014,-0.01481073,-0.004223956,-0.01727625,-0.04377968,female
HG01798,HG01798,0.2853237,0.3519705,0.03519252,-0.06662962,-0.02968272,-0.008650868,3.808574e-06,-0.003928972,-0.004006039,-0.02474501,female
HG01799,HG01799,0.2737376,0.3654433,0.01618589,-0.07624378,-0.1175041,0.01086889,-0.01663017,-0.0001064237,0.02104254,-0.01990353,female
HG01800,HG01800,0.2687983,0.3487117,0.04754761,-0.09041397,-0.08840517,0.01085107,-0.00995007,0.0006124988,-0.01941414,-0.01764635,female
HG01801,HG01801,0.2603767,0.3356098,0.01451131,-0.07519378,-0.1169269,0.0116465,-0.02796832,-0.002724543,-0.008950167,-0.02340145,female
HG01802,HG01802,0.2752692,0.3450122,-0.001885651,-0.07396383,-0.0714295,0.02157811,0.02045591,0.001253973,-0.007116383,-0.02344448,female
HG01804,HG01804,0.2677088,0.3522415,0.02047818,-0.07754073,-0.1148407,0.01154685,-0.001607881,0.008353484,-0.005095485,-0.01756959,female
HG01805,HG01805,0.2756565,0.3390862,0.02800124,-0.08994142,-0.1226563,0.02499829,0.004522851,-0.005738039,-0.002145397,-0.01170209,female
HG01806,HG01806,0.2813247,0.3597253,0.03033714,-0.08409402,-0.1222332,0.020395,-0.003599477,-0.004050398,0.002483601,-0.02464788,female
HG01807,HG01807,0.2588861,0.3666253,0.007086096,-0.07692139,-0.1108162,0.02003311,0.004132754,-0.03109719,0.004347864,-0.00909703,female
HG01808,HG01808,0.2706858,0.3444557,0.01384287,-0.06279932,-0.1082621,0.0005596947,-0.01445785,-0.006207905,0.01694699,-0.01419183,female
HG01809,HG01809,0.2704841,0.355714,0.001648829,-0.1057592,-0.1131919,0.0125654,-0.006756344,-0.003163352,0.003334515,0.009019384,female
HG01810,HG01810,0.2736477,0.3293837,0.008493735,-0.08834282,-0.09153761,0.02610414,0.009383784,-0.007238479,-0.0153166,-0.04313164,male
HG01811,HG01811,0.2580147,0.3714403,0.0071564,-0.08460535,-0.1196147,0.01738393,0.003834863,0.02886034,0.01635893,-0.0300309,male
HG01812,HG01812,0.2726688,0.3378194,0.03550401,-0.08195893,-0.1183238,0.0262143,0.01827323,-0.004287072,-0.02039468,-0.0105531,female
HG01813,HG01813,0.2559896,0.3419499,0.006258026,-0.09750261,-0.09745998,0.008309957,-0.01162318,0.01362919,0.008499157,0.01326913,female
HG01815,HG01815,0.2607046,0.3374842,0.008614394,-0.06590939,-0.0980765,0.009707997,-0.01117773,-0.01660925,-0.01226452,0.007308746,female
HG01816,HG01816,0.2687491,0.3448756,0.0162864,-0.08516564,-0.1071159,0.01746708,0.01226469,-0.00347093,-0.02212262,-0.005066701,male
HG01817,HG01817,0.2657695,0.3285816,-0.009397492,-0.07533111,-0.09328505,0.02640771,0.0003391393,0.02520046,0.03154567,-0.03613597,female
HG02151,HG02151,0.262164,0.346176,-0.00982216,-0.070011,-0.1074684,0.0003857026,-0.01892789,-0.01077789,-0.01654593,-0.01625641,female
HG02152,HG02152,0.2707304,0.3383766,0.02508121,-0.074853,-0.1432841,0.03161541,-0.01996892,0.003903986,0.01719367,-0.01500074,female
HG02153,HG02153,0.2734703,0.3627705,0.0148275,-0.09762071,-0.1128956,0.0246841,-0.007947835,-0.003153956,0.02703154,0.02332924,female
HG02154,HG02154,0.2625357,0.3493212,0.01269496,-0.06249686,-0.1021116,0.001263622,0.006485113,0.001992587,0.01638142,-0.004830307,female
HG02155,HG02155,0.261719,0.3558233,0.02309327,-0.07764231,-0.08767395,0.01165192,-0.01955524,0.01254613,0.005870787,-0.01266671,female
HG02156,HG02156,0.2818041,0.3554055,0.004776606,-0.08593961,-0.1174099,0.02527446,-0.02233479,-0.01115746,-0.003180794,-0.02503262,female
HG02164,HG02164,0.2744479,0.3599804,0.02991624,-0.07810398,-0.08726797,0.0221095,-0.03086272,-0.01711157,0.0147332,-0.004729051,female
HG02165,HG02165,0.2646135,0.3288024,0.009104495,-0.06999617,-0.1003713,0.02137467,0.001098152,0.002803686,0.01957739,0.004417017,female
HG02166,HG02166,0.2609702,0.3452999,0.01403198,-0.07046988,-0.1247182,0.01412402,-0.0007992539,0.0043942,0.008537267,-0.02142527,female
HG02178,HG02178,0.2651987,0.3496046,-0.01265905,-0.08995978,-0.1055756,-0.005133493,-0.01956744,-0.01007396,0.01884857,0.01449489,female
HG02179,HG02179,0.2551069,0.3566337,0.01492037,-0.06829879,-0.09665508,0.01613399,-0.01839431,0.001161721,0.003688121,-0.02136732,female
HG02180,HG02180,0.2652897,0.3628804,0.007037112,-0.08189643,-0.07966662,-0.001072169,-0.005389242,-0.002431536,0.006928297,-0.007373218,female
HG02181,HG02181,0.2557404,0.3556368,0.006260396,-0.07785914,-0.1035892,0.009991635,0.007773721,-0.01158152,0.01719261,0.001190692,female
HG02182,HG02182,0.2680184,0.3652474,0.03281926,-0.07819622,-0.1141794,0.02376426,-0.01553427,-0.006414981,-0.01350029,-0.01752625,female
HG02184,HG02184,0.2615338,0.3394673,0.01821508,-0.08071511,-0.1062873,0.01659518,0.01239495,-0.009782151,0.006938142,-0.004848981,female
HG02185,HG02185,0.2616247,0.3397842,0.01974529,-0.08893345,-0.1196285,0.00239517,-0.01126711,-0.006892839,0.01444033,0.009713335,female
HG02186,HG02186,0.2560002,0.3385791,0.01166442,-0.0821062,-0.1017657,0.03566008,0.00026572,-0.007430717,0.001152219,-0.02783429,female
HG02187,HG02187,0.2559283,0.3518637,0.01918934,-0.06671814,-0.1042014,0.014675,-0.01327708,-0.02170094,-0.03343028,-0.006062748,female
HG02188,HG02188,0.2680065,0.342286,0.01339632,-0.06682478,-0.1159174,0.01995566,-0.01989356,0.009354265,0.02299988,0.006735416,female
HG02190,HG02190,0.2695025,0.3560339,0.02880111,-0.06770401,-0.08657062,-0.007863816,-1.910648e-05,-0.0210822,-0.02618413,-0.002371243,female
HG02250,HG02250,0.2733561,0.3312485,0.002085359,-0.08762177,-0.1099406,0.01089798,-0.01859701,-0.002771826,0.01005015,-0.002424789,male
HG02351,HG02351,0.2639972,0.352914,0.009871352,-0.08910757,-0.1035669,0.02269657,-0.02871297,-0.009408859,0.004224023,-0.03917198,male
HG02353,HG02353,0.2620154,0.344473,0.007259966,-0.07314857,-0.1333071,0.02969749,-0.01803523,0.0166571,0.01367888,0.01035869,male
HG02355,HG02355,0.2747358,0.341613,-0.01208496,-0.08108611,-0.08215152,-0.000877717,-0.009263915,0.003753931,-0.009747038,-0.03443141,male
HG02356,HG02356,0.2561905,0.3391084,0.01494306,-0.07361944,-0.1330955,0.0298235,0.01037578,-0.01042704,0.001814883,-0.003022589,male
HG02360,HG02360,0.274988,0.3395188,0.01234194,-0.09931855,-0.08812379,0.002025674,0.003673385,0.003730439,0.002150239,-0.01463384,male
HG02364,HG02364,0.2707064,0.351552,0.0094361,-0.08932268,-0.1013059,0.01895156,-0.009187664,0.003697204,0.02639886,0.01027537,male
HG02367,HG02367,0.2818516,0.3482882,0.001966818,-0.08662979,-0.1103334,0.01287466,-0.007743012,-0.01425252,0.03670035,0.01877976,male
HG02371,HG02371,0.2658258,0.3403252,0.02800706,-0.07495726,-0.1174213,0.02199483,-0.01455338,0.006651926,-0.0001074649,0.004663672,male
HG02373,HG02373,0.2601133,0.3572989,0.02526078,-0.08742464,-0.1178778,0.01172312,-0.01640878,-0.007759867,0.005124764,0.01136623,male
HG02374,HG02374,0.2771511,0.3616241,0.01646605,-0.07823022,-0.1343099,0.0003466331,0.002198404,0.007970975,-0.001539964,0.008826158,male
HG02375,HG02375,0.2565899,0.3575985,0.006447272,-0.08142821,-0.1349046,0.03477947,-0.02379806,-0.01446502,0.01842926,-0.037616,male
HG02379,HG02379,0.2691104,0.3607045,0.02275681,-0.1004923,-0.1267878,0.03489227,-0.03121559,0.007880551,0.0271251,-0.03194619,male
HG02380,HG02380,0.2568971,0.3692532,0.01521712,-0.08403523,-0.1146948,0.01296138,-0.002570461,-0.007044847,-0.01581732,-0.04799093,male
HG02382,HG02382,0.2591503,0.3533019,0.01799332,-0.09218493,-0.110143,0.0290508,-0.003087247,0.004258374,-0.01323089,-0.04800979,male
HG02383,HG02383,0.2575395,0.3418957,-0.01986485,-0.05452273,-0.1055252,0.004744326,-0.002267107,-0.0008916281,0.0005234701,0.006243948,male
HG02384,HG02384,0.2613727,0.3567295,0.01159999,-0.09048499,-0.1027511,-0.0003195863,-0.02241697,0.003245063,-0.0002650261,-0.02592148,male
HG02385,HG02385,0.2664671,0.3655691,0.0153799,-0.08443259,-0.1192412,0.02140739,-0.002506893,-0.001746133,0.02982804,0.01978921,male
HG02386,HG02386,0.2718305,0.3302496,-0.003180364,-0.07869999,-0.1146472,0.006466685,-0.01133984,-0.01040075,-0.001800834,-0.02456544,male
HG02389,HG02389,0.2667347,0.3654465,0.01449094,-0.07839786,-0.09690617,0.007786287,0.0005256744,-0.007243031,0.02824911,-0.03346684,male
HG02390,HG02390,0.2678205,0.3344834,0.006858618,-0.09026551,-0.1018029,-0.003815183,0.005357011,0.01219634,0.01318734,0.008073328,male
HG02391,HG02391,0.2626974,0.3192849,0.0234869,-0.07566065,-0.12711,0.02127812,-0.001964335,-0.008067686,-0.004674238,-0.01626806,male
HG02392,HG02392,0.2696851,0.3721958,0.002590619,-0.07317036,-0.09049886,0.008907202,-0.004909593,0.009218717,0.02928845,-0.02592102,male
HG02394,HG02394,0.2721896,0.3567472,0.01426724,-0.08165228,-0.1224833,0.007964061,0.001975454,-0.01744138,-0.01110346,0.02174486,male
HG02395,HG02395,0.2614539,0.3503305,0.008431249,-0.08171812,-0.1226744,0.001295213,-0.007943924,-0.01211364,0.01996882,-0.006040561,male
HG02396,HG02396,0.2768724,0.3485866,0.006694714,-0.08755806,-0.1125428,0.00439377,0.01505642,-0.01171714,0.01635495,-0.05200365,male
HG02397,HG02397,0.2642091,0.3524583,0.019656,-0.06757584,-0.09246249,0.01394066,0.01606834,-0.00998629,-0.0051623,-0.0128309,male
HG02398,HG02398,0.2748809,0.3382822,0.007416093,-0.07421658,-0.0965922,0.00428605,0.005021792,0.001993616,0.01241925,-0.01439757,male
HG02399,HG02399,0.2668736,0.3640093,-0.00746551,-0.073933,-0.1048461,0.01932361,0.001397785,-0.01542469,-0.001135947,-0.01682292,male
HG02401,HG02401,0.2587967,0.3483978,0.0233816,-0.0611762,-0.1068161,0.003338555,0.0248515,0.002123139,-0.009773173,0.03821551,male
HG02402,HG02402,0.2554689,0.3465987,0.02035359,-0.07386746,-0.1157825,0.02418136,-0.01507689,-0.008592442,0.01520836,-0.006570414,male
HG02406,HG02406,0.2759957,0.3355289,-0.002556106,-0.09409726,-0.09933608,0.01432895,-0.02661538,-0.02436806,-0.01573272,-0.004193765,male
HG02407,HG02407,0.2665471,0.3689465,0.02274024,-0.09018933,-0.1010251,0.0009098221,-0.01280523,0.009241211,-0.02827611,-0.02481311,male
HG02408,HG02408,0.2821174,0.3541185,0.01857421,-0.09666148,-0.110776,0.02996317,-0.01750355,-0.003686887,-0.00963252,-0.06192691,male
HG02409,HG02409,0.2680006,0.3410253,0.007059445,-0.07602243,-0.09094192,0.03435182,0.004592535,-0.01373083,-0.01264208,0.0161827,male
HG02410,HG02410,0.2795147,0.3619646,0.004888672,-0.09258607,-0.06974467,0.008765934,-0.004453677,0.004642174,0.008662362,0.005812515,male
NA18525,NA18525,0.2696071,0.353386,0.02212828,-0.06678513,0.01391551,-0.002354647,0.001398395,0.022484,-0.002299654,-0.006467007,female
NA18526,NA18526,0.2584534,0.3702125,0.01883766,-0.07205694,0.01783997,-0.02485462,0.008461726,-0.02112366,-0.02303971,-0.0110104,female
NA18528,NA18528,0.2653669,0.3438128,0.04662349,-0.0583243,0.06005653,-0.01524254,0.01697408,0.01047566,0.003086524,0.01163863,female
NA18530,NA18530,0.2630565,0.3529511,0.05400811,-0.05542317,0.04753357,-0.01569224,0.009991563,-0.006781359,-0.016759,0.005182926,male
NA18531,NA18531,0.260935,0.326116,0.02832624,-0.04512006,0.07455515,0.001007577,-0.006460571,0.0089545,-0.004856352,-0.006597141,female
NA18532,NA18532,0.277015,0.3462374,0.02298674,-0.05964656,0.02699144,-0.001059018,-0.008823185,-0.005924996,-0.01265001,-0.01038161,female
NA18533,NA18533,0.2611071,0.3589876,0.01309425,-0.05481781,0.01706487,0.00289192,-0.01150038,-0.01181164,-0.01761263,-0.02198488,female
NA18534,NA18534,0.2808512,0.3510061,0.02310227,-0.06734019,0.04070662,-0.01289122,-0.0002351302,-0.001482011,-0.003457908,0.05375261,male
NA18535,NA18535,0.272428,0.3298143,0.02293488,-0.05628472,0.07111622,0.0003996791,0.004889761,-0.00246119,-1.40417e-05,-0.002255237,female
NA18536,NA18536,0.2771074,0.3384485,0.0449113,-0.06211186,-0.004556949,-0.007953945,-0.008653118,-0.005606014,0.02069721,-0.0003470925,male
NA18537,NA18537,0.2792136,0.3391129,0.01193735,-0.08543419,0.06199194,-0.003691191,-0.007323053,0.0003367377,0.002913666,0.01204577,female
NA18538,NA18538,0.2755723,0.332751,0.0508466,-0.06172706,0.06632903,-0.01352011,0.01286134,0.02248272,-0.02503655,0.02185363,female
NA18539,NA18539,0.2710088,0.3491891,0.04063952,-0.0618635,0.06134114,0.005244129,0.01922101,0.01256113,0.007665337,0.03438253,female
NA18541,NA18541,0.276062,0.3413727,0.04518999,-0.06685019,0.033832,-0.03483315,-0.004601951,-0.008587065,-0.02869105,0.02156937,female
NA18542,NA18542,0.2627323,0.3330675,0.03761188,-0.05124581,0.072043,-0.001338827,0.01047508,0.007336468,-0.01839783,-0.001123395,female
NA18543,NA18543,0.2732058,0.3642998,0.01422016,-0.1005918,-0.01358743,-0.0005624271,0.00382574,-0.01431971,-0.01018559,0.02307981,male
NA18544,NA18544,0.257736,0.3469368,0.02842323,-0.07240041,0.06492567,-0.01144949,0.002751857,0.002180286,-0.01168263,0.02020057,male
NA18545,NA18545,0.2722805,0.3418394,0.03547686,-0.04652763,-0.01878001,0.0355611,-0.003989194,0.0004730441,-0.002041259,0.0132628,female
NA18546,NA18546,0.2768636,0.3448163,0.02764093,-0.0654862,0.09226024,-0.003741641,-0.01264783,-0.0009907958,0.006018328,0.03848765,male
NA18547,NA18547,0.2686887,0.3336627,0.02434802,-0.06534642,0.07206387,0.01021414,0.003114971,0.009410122,0.0027976,0.00804471,female
NA18548,NA18548,0.2800057,0.3508572,0.03500773,-0.05875444,0.03268909,-0.01169439,-0.02023289,0.006065218,-0.01589443,0.02956024,male
NA18549,NA18549,0.2811716,0.3720885,0.01445371,-0.07842212,0.01352401,-0.01877668,-0.001928519,0.003164307,0.009971103,0.01029276,male
NA18550,NA18550,0.2631272,0.3368574,0.02845896,-0.07102096,-0.06942833,0.02275681,-0.01055425,0.01328415,0.02436261,-0.01574165,female
NA18552,NA18552,0.2775332,0.3515662,0.02570673,-0.0564522,0.008630665,0.00268096,0.003996521,0.02106347,-0.02820788,0.03071821,female
NA18553,NA18553,0.2539297,0.3364812,0.02246635,-0.05707552,0.05851492,-0.01324471,-0.009509194,-0.00867738,-0.01618522,0.00739279,female
NA18555,NA18555,0.2882028,0.3240259,0.03426422,-0.06382423,0.02704121,-0.0004803857,0.008875087,-1.426388e-05,-0.01130901,0.005120251,female
NA18557,NA18557,0.2717057,0.3630897,0.03856182,-0.0477451,0.08029406,-0.02370942,0.006183529,-0.009412565,0.03097181,-0.02767687,male
NA18558,NA18558,0.2779237,0.3285463,0.01942948,-0.05959244,0.04599194,-0.006488852,-0.008083817,-0.02361401,5.076493e-06,0.01652596,male
NA18559,NA18559,0.2771391,0.357329,0.03676745,-0.05869696,0.03078164,-0.001112757,0.01087466,0.0108145,0.01010137,0.009799469,male
NA18560,NA18560,0.2658771,0.3738892,0.01523637,-0.06794355,-0.008753939,-0.007709348,0.01173301,0.003232049,-0.009865354,0.02908166,female
NA18561,NA18561,0.2677517,0.333932,0.03733919,-0.06005756,0.06616578,-0.01959403,-0.01013505,-0.02011844,0.01080665,0.0217634,male
NA18562,NA18562,0.2604505,0.3424731,0.02574539,-0.05303384,0.0641922,-0.01878401,0.001338917,0.004709255,-0.01952148,0.02835663,male
NA18563,NA18563,0.2687945,0.3539534,0.04271579,-0.04394069,0.07293441,0.003845027,-0.02052225,-0.0005922225,-0.04206536,0.03499043,male
NA18564,NA18564,0.2649142,0.3393389,0.01712598,-0.05869691,0.05459813,-0.01286485,-0.01198553,0.007125285,-0.01344322,0.05837253,female
NA18565,NA18565,0.2658131,0.3769139,0.04054149,-0.07444369,-0.006336599,0.004127181,-0.00829388,-0.01759404,-0.0040296,0.0186885,female
NA18566,NA18566,0.2697758,0.3384223,0.01778883,-0.05599691,0.05459636,-0.01737819,0.006718054,0.0002402311,-0.04551963,0.0337386,female
NA18567,NA18567,0.2742923,0.3422633,0.02550601,-0.05435717,0.05474641,0.006450722,0.001289887,0.002429381,-0.02662017,-0.001241624,female
NA18570,NA18570,0.2738697,0.3556246,0.03718686,-0.08571902,-0.02043941,0.002049578,0.003186162,-0.01251836,-0.00479661,-0.00170169,female
NA18571,NA18571,0.2748689,0.3403065,0.0467145,-0.08250603,-0.01865084,-0.001956139,2.509921e-05,-0.003189938,0.01414103,0.04323929,female
NA18572,NA18572,0.2787067,0.371995,0.05087775,-0.06916488,0.08077123,-0.005409255,-0.008434706,-0.0202266,-0.01400115,0.04380205,male
NA18573,NA18573,0.2603147,0.3392823,0.0310733,-0.07525541,-0.003949053,0.009383771,0.01004778,-0.01006824,-0.04312334,0.005126087,female
NA18574,NA18574,0.2791523,0.3552137,0.0297428,-0.0595087,0.08190142,-0.02836774,0.001228943,0.01203727,0.003447654,0.007022545,female
NA18577,NA18577,0.274949,0.3421927,0.05439045,-0.04454534,0.04557787,-0.003557864,0.01034696,-0.003300207,-0.04152164,0.01031769,female
NA18579,NA18579,0.2678996,0.3379636,0.03960452,-0.06108627,0.07875706,-0.01214975,-0.005645515,0.01632184,0.02820599,0.06151287,female
NA18582,NA18582,0.2786982,0.364234,0.03741082,-0.0818944,-0.0002778739,0.005327892,-0.00246253,0.001698538,0.02040156,0.008625493,female
NA18591,NA18591,0.2888281,0.35685,0.03256266,-0.05209603,-0.01093994,-0.007995196,0.003984567,-0.005040894,0.008636938,0.02222302,female
NA18592,NA18592,0.276704,0.3406439,0.03331771,-0.07849168,0.03997199,-0.01845105,-0.00172752,0.009213029,0.02356676,0.005838562,female
NA18593,NA18593,0.2766295,0.3469238,0.03386031,-0.06474753,0.04456864,-0.008605372,-0.007735528,-0.002078988,-0.04408995,0.04408932,female
NA18595,NA18595,0.2804845,0.3295054,0.02333473,-0.05656978,0.08604551,-0.02183533,-0.006422356,-0.01675805,-0.0285099,0.03517478,female
NA18596,NA18596,0.271749,0.3519067,0.05166052,-0.07533846,0.06477342,-0.00520027,-0.01614678,0.01809232,-0.01432866,0.004301357,female
NA18597,NA18597,0.2722864,0.3446629,0.02712765,-0.05198955,0.0169956,-0.003975179,-0.01358328,0.01588482,-0.03953361,0.02931785,female
NA18599,NA18599,0.2673104,0.3440612,0.01842983,-0.04653125,0.08088333,-0.007533032,-0.005181973,-0.008224516,-0.006873345,0.03425789,female
NA18602,NA18602,0.2726178,0.325845,0.01506822,-0.06898932,0.06735516,-0.002980336,-0.02484755,-0.01162107,-0.00503315,0.0003755777,female
NA18603,NA18603,0.2731009,0.3577583,0.02350699,-0.0291658,0.01671162,-0.03607178,-0.006419025,0.01493723,-0.01829097,-0.008573649,male
NA18605,NA18605,0.2798106,0.349251,0.01791891,-0.05837761,0.05833422,0.003446594,0.003878347,0.005826128,-0.01305716,0.01434203,male
NA18606,NA18606,0.2616926,0.3424076,0.02621112,-0.07503561,0.004178683,0.003911129,0.003304898,0.008527553,-0.009639705,-0.002764138,male
NA18608,NA18608,0.2622469,0.3280328,0.02039628,-0.04683876,0.07777457,-0.01343836,0.009406328,0.00851066,-0.01297598,0.04356523,male
NA18609,NA18609,0.2755463,0.3275983,0.04840001,-0.04093273,0.06752321,-0.01925336,-0.01323466,0.01305313,-0.02794643,0.02141795,male
NA18610,NA18610,0.2688822,0.3471566,0.03873447,-0.06498961,0.05309603,-0.003547565,0.01668576,-0.007111162,0.01897445,0.04095641,female
NA18611,NA18611,0.2681242,0.3568667,0.02291411,-0.06831114,0.03993184,-0.02235282,0.002579729,0.001843733,0.005356646,0.02759388,male
NA18612,NA18612,0.2884378,0.3644137,0.02077233,-0.03656628,0.06631905,-0.02658474,-0.003380086,-0.004282553,0.005993575,-0.01638857,male
NA18613,NA18613,0.2669737,0.3536995,0.04929013,-0.061013,0.06683963,-0.008247756,0.004390657,0.02049407,0.02371455,0.01865989,male
NA18614,NA18614,0.2670433,0.3547955,0.0150241,-0.08165937,0.04554695,-0.01633155,0.004436868,-0.001053492,-0.01777415,0.004504802,female
NA18615,NA18615,0.2704095,0.3546686,0.03452219,-0.06299926,0.07092448,-0.02070549,-0.0005188888,0.0003500425,-0.01998826,0.007260809,female
NA18616,NA18616,0.2795912,0.3298846,0.01595455,-0.05497346,-0.008227313,0.01674815,-0.002268477,0.0006872522,-0.03537252,-0.01588264,female
NA18617,NA18617,0.2675577,0.3317392,0.01956473,-0.05990211,0.03228476,-0.02172402,0.007149404,-0.005252425,0.002461759,0.01220375,female
NA18618,NA18618,0.2696296,0.3218061,0.02746643,-0.03876809,0.07019843,-0.01063935,0.01554266,-0.003761727,0.01647173,0.02139481,female
NA18619,NA18619,0.2659565,0.3388401,0.02631146,-0.06668319,0.05036256,-0.03358489,-0.0009345406,0.002031197,-0.00576104,0.0227148,female
NA18620,NA18620,0.2690526,0.3442728,0.02696191,-0.03048193,0.07845317,-0.01388076,0.02689681,-0.001507584,-0.01628074,0.07772087,male
NA18621,NA18621,0.2854894,0.3587569,0.03316738,-0.08136321,0.06217442,-0.01754355,0.01975226,-0.002822614,0.009564791,-0.02141352,male
NA18622,NA18622,0.2905898,0.3475385,0.01284776,-0.09161061,0.03281025,-0.01257188,0.02551238,-0.001237709,0.01252916,0.06099975,male
NA18623,NA18623,0.2801755,0.3383893,0.02227702,-0.03546164,0.1112426,-0.01165056,-0.01150103,-0.01422416,-0.007607716,0.02531714,male
NA18624,NA18624,0.2730385,0.3440176,0.03852529,-0.06534283,0.06696127,0.007328148,-0.01328424,0.01064837,0.005297926,-0.006747822,male
NA18625,NA18625,0.2846181,0.3456916,0.04980303,-0.05707353,0.04907597,-0.00896166,0.0005651535,-0.003529925,-0.01626315,0.00673384,female
NA18626,NA18626,0.270437,0.3255711,0.05701041,-0.05722697,0.1042324,-0.005021352,-0.003822601,-0.001749639,0.006330297,0.006461276,female
NA18627,NA18627,0.2850875,0.3343459,0.02426615,-0.07464121,-0.01409,-0.01599735,-0.003859803,0.01443904,0.01034916,0.02176198,female
NA18628,NA18628,0.2603686,0.3522429,0.03076791,-0.0807017,-0.08528845,-0.0006934555,-0.0002893377,0.0009609736,-0.03582662,0.02534766,female
NA18629,NA18629,0.2731979,0.3471151,0.0257844,-0.04751771,0.009334532,0.008816033,0.02308508,-0.007811213,-0.01994534,0.02275754,male
NA18630,NA18630,0.2751387,0.3465281,0.02865638,-0.08128816,-0.03041261,-0.01296788,-0.009938868,-0.01405118,-0.031609,-0.00161108,female
NA18631,NA18631,0.2890627,0.3695105,0.02287383,-0.07052858,0.004837242,-0.01805803,0.008851628,0.01410787,0.03008864,0.02477867,female
NA18632,NA18632,0.2736579,0.3510136,0.04808172,-0.06996562,0.01579961,-0.01229449,-0.004667598,-0.00089413,0.02788775,0.02102325,male
NA18633,NA18633,0.2863495,0.346856,0.03152163,-0.05705098,0.04811298,-0.01303568,-0.01631385,-0.009612852,-0.02090454,-0.0186629,male
NA18634,NA18634,0.2712925,0.3467005,0.05121375,-0.04934353,0.02267856,0.00388091,-0.02653739,-0.00510262,-0.01745391,0.01630841,female
NA18635,NA18635,0.2709948,0.3424709,0.04363004,-0.0475746,0.05673806,-0.01631652,-0.02094128,-0.0157926,0.003499689,0.03036006,male
NA18636,NA18636,0.2713872,0.3752994,0.03072163,-0.1055517,-0.02754203,-0.005056636,-0.005996121,0.002186073,0.02022313,0.0136615,male
NA18637,NA18637,0.2736248,0.3478881,0.02328311,-0.08011754,0.001325993,-0.008941154,0.007046116,-0.01133081,-0.01081161,-0.006553028,male
NA18638,NA18638,0.2680203,0.3482793,0.02089542,-0.04377303,0.03234846,0.01628556,0.005661254,-0.0160048,-0.04409501,0.01426392,male
NA18639,NA18639,0.268635,0.3510654,0.02104555,-0.0742828,0.00293769,0.01254659,0.002084873,-8.448073e-05,0.01851629,0.004757924,male
NA18640,NA18640,0.2701334,0.3379949,0.0384942,-0.04032808,0.05711637,-0.01961083,-0.0001961527,-0.001405963,-0.00149963,0.02773295,female
NA18641,NA18641,0.2800607,0.3667462,0.03382384,-0.05346807,0.03536767,-0.009037007,0.005854839,-0.01589572,0.002674522,-0.004264038,female
NA18642,NA18642,0.2709394,0.3168189,0.0240203,-0.04781532,0.04405114,-0.006200185,0.004711841,-0.003838564,-0.0251456,0.01993558,female
NA18643,NA18643,0.2613177,0.3344254,0.02357325,-0.04632196,0.05828056,0.002367219,-0.001123052,0.005062898,0.005356476,0.02431167,male
NA18644,NA18644,0.2618783,0.3458379,0.04510093,-0.0825569,-0.001783604,-0.007002348,-0.02136623,-0.003260759,0.006567944,0.04772636,female
NA18645,NA18645,0.2622599,0.3665731,0.01467234,-0.04108819,0.001882082,-0.0146546,-0.0001364122,0.01478018,-0.006548251,0.006345604,male
NA18646,NA18646,0.274553,0.3378486,0.01642663,-0.07079404,0.04933934,-0.01130564,0.001572006,0.006295096,-0.009293564,0.02557391,female
NA18647,NA18647,0.2686581,0.33173,0.04670621,-0.04136499,0.04946536,-0.009686439,-0.01085528,-0.01713497,-0.01415778,0.02132267,male
NA18648,NA18648,0.2602658,0.320794,0.03473525,-0.04857464,0.05446461,-0.01924849,0.0001823349,-0.004888451,0.0004704309,0.04065092,male
NA18740,NA18740,0.2625201,0.3452327,0.0170628,-0.08590593,-0.01594262,0.004492773,-0.004833292,-0.01563215,0.00108931,0.002974845,male
NA18745,NA18745,0.2813878,0.3703936,0.01815565,-0.05666111,0.06445959,-0.02390576,0.02087276,-0.01175534,-0.01648454,0.04539096,male
NA18747,NA18747,0.2684908,0.3359287,0.02361992,-0.04490631,0.01307153,-0.01562316,0.006985537,0.01651504,-0.007191157,0.01490016,male
NA18748,NA18748,0.2555954,0.3473244,0.0206426,-0.06537818,0.007384217,0.01031706,-0.006409293,-0.01606545,-0.0252696,0.009710796,male
NA18749,NA18749,0.2648698,0.3366097,0.0249017,-0.04818084,0.06052081,-0.01280532,-0.01432411,0.01258277,-0.03028185,0.01546989,male
NA18757,NA18757,0.2727874,0.3465559,0.04071087,-0.05893174,0.06128058,-0.01299384,-0.000247241,-0.003650098,-0.02005388,0.05310575,male
HG00403,HG00403,0.2608422,0.3495008,0.02670677,-0.0600457,-0.008523637,-0.0140329,-0.0004408832,-0.002393782,0.01077644,0.002132187,male
HG00404,HG00404,0.2756772,0.3621152,0.03274767,-0.07386851,-0.01038526,0.003100499,-1.907184e-05,-0.004396122,-0.04383832,0.006889914,female
HG00406,HG00406,0.2695082,0.3681582,0.02598449,-0.06813199,-0.01457341,-0.01902963,-0.007857816,0.001088246,-0.01298704,0.01023185,male
HG00407,HG00407,0.2828671,0.356839,0.01173596,-0.08036065,0.000988272,0.002544067,0.002613199,0.01695798,-0.01782242,-0.0249023,female
HG00409,HG00409,0.283287,0.3456542,0.03723206,-0.06121576,0.006150095,0.01591883,0.009843882,0.01461388,0.02387554,-0.01255214,male
HG00410,HG00410,0.2923196,0.3484812,0.008682566,-0.0598978,-1.844909e-05,0.008130282,-0.0001449578,-0.0003077789,-0.0008374677,0.01720752,female
HG00419,HG00419,0.2595652,0.3242789,0.03407211,-0.06042658,-0.0138393,-0.0003633832,0.0001329115,0.01353153,-0.03689456,0.03080836,female
HG00421,HG00421,0.2758804,0.3696231,0.005830481,-0.07687903,0.02321442,-0.0001528038,-0.009692727,-0.01088634,-0.02372908,0.02383515,male
HG00422,HG00422,0.2786202,0.3647338,0.02770844,-0.05810018,-0.008888586,-0.01118107,-0.008816545,-0.01748786,-0.00887732,-0.01082315,female
HG00428,HG00428,0.2686681,0.3474968,0.0113926,-0.06347835,-0.01605154,0.01242545,0.02029546,0.001544375,-0.007493932,-0.0226761,female
HG00436,HG00436,0.263953,0.3541198,0.04708298,-0.06443604,-0.009120558,-0.01291754,-0.0009988774,0.0193512,-0.005107878,-0.01662955,male
HG00437,HG00437,0.2785798,0.3658391,0.02191069,-0.09006803,0.004134183,-0.006410345,0.004804462,-0.002449514,0.008986419,-0.0132934,female
HG00442,HG00442,0.2764602,0.3555567,0.0228732,-0.07836695,-0.03180247,0.002220209,0.01080702,-0.008052564,0.002866813,-0.003309076,male
HG00443,HG00443,0.2751931,0.3704624,0.00979058,-0.07628595,-0.01899337,-0.009152664,0.00075311,0.01276859,-0.003163002,0.02525603,female
HG00445,HG00445,0.2616661,0.3520281,0.02731852,-0.08750769,-0.009830103,-0.008450715,-0.01106268,0.00878563,-2.540342e-05,-0.009273104,male
HG00446,HG00446,0.2734914,0.3703651,-0.005443255,-0.08228822,-0.01188053,0.01465742,-0.002361363,0.009595084,-0.03065244,0.004436144,female
HG00448,HG00448,0.2790498,0.3421178,0.04661805,-0.05891784,-0.03799933,-0.009935115,-0.02190251,0.005104734,0.0008366909,-0.007219376,male
HG00449,HG00449,0.2693817,0.3552024,0.03458348,-0.07176303,0.000591493,-0.003970082,0.01539486,-0.008499415,-0.02712161,0.02408916,female
HG00451,HG00451,0.270995,0.3529671,0.04164969,-0.07505633,-0.01695783,-0.009765653,-0.003922403,0.01141746,-0.01426481,0.009358304,male
HG00452,HG00452,0.2738907,0.361743,0.03230134,-0.06724724,-0.02344586,0.004651506,-0.01760868,-0.008766154,0.022426,0.03410492,female
HG00457,HG00457,0.2679598,0.3597147,0.02647347,-0.08546107,-0.01234234,6.337993e-05,0.01034718,-0.004228962,-0.02654806,-0.008195164,male
HG00458,HG00458,0.2763251,0.3339356,0.02892442,-0.06275533,0.01698419,-0.02204701,0.01613475,-0.008560258,-0.01686537,0.004735991,female
HG00463,HG00463,0.279708,0.3508572,0.02775397,-0.0616654,-0.02346328,0.005680678,0.02164784,0.0169448,0.02727902,-0.02089904,male
HG00464,HG00464,0.287161,0.3396362,0.02675237,-0.05637846,-0.00338336,0.003427559,-0.002452788,-0.001423028,-0.02270034,0.007884603,female
HG00472,HG00472,0.2685931,0.3506385,0.04200845,-0.06522975,-0.008792478,0.005296336,-0.004626583,-0.007283838,-0.01917918,-0.0234244,male
HG00473,HG00473,0.272246,0.3532967,0.03132252,-0.04597479,-0.02297155,0.002331757,0.0009746071,-0.008953968,-0.00543245,0.007182202,female
HG00475,HG00475,0.2697567,0.3462055,0.03068335,-0.08776576,0.01580547,-0.02049743,0.01185763,0.008811447,-0.008604293,0.006678053,male
HG00476,HG00476,0.2716567,0.3483672,0.01752865,-0.07013265,-0.01366609,-0.02005484,-0.0008898963,-0.009663831,-0.01511528,0.02739874,female
HG00478,HG00478,0.2654317,0.3550262,0.03061851,-0.05335923,0.01083258,-0.01719986,-0.01051157,-0.01612906,-0.009057685,-0.01681503,male
HG00479,HG00479,0.278903,0.3407202,0.009127524,-0.07964714,0.007449031,-0.02046941,-0.005737147,0.01311447,0.00743991,-0.0152466,female
HG00500,HG00500,0.2713192,0.3709996,0.03753138,-0.08111564,0.01278275,-0.003764513,-0.01637212,-0.01198429,-0.0005322193,0.01795623,male
HG00513,HG00513,0.2606129,0.3587583,0.01150017,-0.08237921,-0.02149688,-0.004336268,0.005067284,-0.001668021,0.01665187,0.01422434,female
HG00524,HG00524,0.2822569,0.3409002,0.006704287,-0.05671986,0.0003151408,-0.003003166,-0.005074384,-0.01646228,-0.01017959,0.002626361,male
HG00525,HG00525,0.261259,0.3255744,0.02452057,-0.06985033,0.01073274,-0.02265811,0.01881545,-0.006110838,-0.01632964,0.02313955,female
HG00530,HG00530,0.2748233,0.35223,0.05276041,-0.05388023,-0.01155441,-0.01308833,0.01127975,-0.007218759,-0.009023684,-0.003744188,male
HG00531,HG00531,0.2882743,0.35842,0.03821996,-0.06794902,0.0008382521,-0.002405211,-0.0009843355,-0.01217736,-0.004229887,0.02691572,female
HG00533,HG00533,0.2901545,0.3571545,0.04938512,-0.04532404,0.004359917,-0.01730518,-0.002898274,-0.00711951,-0.02938247,0.007125912,male
HG00534,HG00534,0.2663401,0.3524275,0.02435747,-0.07349007,0.00690105,0.00690392,-0.004586324,0.01231334,-0.01723411,-0.01582883,female
HG00536,HG00536,0.2798965,0.35249,0.03878174,-0.05885856,-0.0044277,0.0007077905,0.0102952,-0.01377393,-0.006275663,0.005177497,male
HG00537,HG00537,0.2801516,0.35589,0.04194057,-0.08401321,0.005724799,-0.01145227,-0.004100745,0.007326691,0.01877353,0.03072258,female
HG00542,HG00542,0.2809561,0.3694491,0.02044703,-0.08214468,0.004654172,-0.02368287,0.01869683,-0.009077041,-0.02516696,0.02326537,male
HG00543,HG00543,0.2663116,0.3492232,0.03302053,-0.05442712,-0.02155546,-0.009140404,-0.006699607,-0.001484564,-0.03684898,0.0008093749,female
HG00556,HG00556,0.2708197,0.338279,0.02665957,-0.06656712,0.001344191,-0.0005558912,-0.005634946,-0.007279208,-0.01848043,-0.0016503,male
HG00557,HG00557,0.2604698,0.3599412,0.03102442,-0.06068078,0.01303757,0.01668566,-0.007506523,0.00352706,-0.01700829,-0.01605579,female
HG00559,HG00559,0.2875741,0.360044,0.01996898,-0.08213895,0.01813694,-0.00383532,0.005841341,-0.002768572,-0.003286476,0.01145792,male
HG00560,HG00560,0.2694472,0.3625665,0.02611671,-0.06731648,0.02184549,-0.002807312,-0.02099058,0.009570785,-0.01453462,0.003175788,female
HG00565,HG00565,0.2579034,0.3384475,0.03202352,-0.06186251,0.01358465,-0.005107577,0.006546621,0.002095397,-0.02378605,-6.079582e-05,male
HG00566,HG00566,0.2912327,0.3574129,0.03687311,-0.07296251,0.007761474,0.005084934,-0.00568477,-0.007152297,-0.01854596,-0.009062513,female
HG00580,HG00580,0.2652362,0.343331,0.03424908,-0.06673144,-0.01019059,-0.005826959,0.01573107,-0.02278094,-0.04723192,0.02623634,male
HG00581,HG00581,0.2826158,0.3574061,0.03597179,-0.05484053,0.004336841,0.003553445,-0.0176195,0.007474325,-0.01283496,0.01532945,female
HG00583,HG00583,0.2626603,0.3591757,0.01967717,-0.06433257,-0.03789801,-0.02108663,-0.01192259,0.005102148,-0.01398442,0.007472235,male
HG00584,HG00584,0.2581298,0.3642337,0.009598265,-0.07501645,-0.01610491,-0.01919896,-0.01847018,-0.01401414,-0.006469974,0.01993857,female
HG00589,HG00589,0.2611146,0.3570435,0.02588913,-0.06258056,-0.0001428081,0.02360583,-0.002413665,0.008631536,-0.02601479,-0.01314241,male
HG00590,HG00590,0.2634608,0.3411163,0.01885106,-0.07215253,-0.0218815,0.007481414,0.002199052,0.02293715,0.005140815,0.007558888,female
HG00592,HG00592,0.2573002,0.3319159,0.03538004,-0.04065922,0.05690878,-0.0009077217,0.003380887,0.002707515,-0.02057013,0.02792084,male
HG00593,HG00593,0.2638192,0.3790176,0.03625409,-0.06572806,-0.005434183,-0.003217756,-0.01597041,-0.03243455,-0.007729871,0.0192505,female
HG00595,HG00595,0.2633816,0.3530645,0.02822978,-0.08207877,-0.001940165,-0.008974,-0.0458981,0.01660306,-0.00730644,0.00609381,male
HG00596,HG00596,0.2662084,0.3663323,0.02843734,-0.06543209,0.04182096,-0.01465359,0.007194589,-0.009946655,-0.00963459,0.02154202,female
HG00598,HG00598,0.2760771,0.3550753,0.02614135,-0.08232263,-0.006124077,0.004159104,-0.02327069,-0.01124943,-0.02214842,0.02421946,male
HG00599,HG00599,0.2523041,0.3303072,0.01487203,-0.0736764,0.04124107,0.0136564,-0.01749289,-0.02862185,-0.01025289,0.06242731,female
HG00607,HG00607,0.2748339,0.3532064,0.04390151,-0.0679926,0.02659342,-0.005175863,-0.00504112,-0.004583751,-0.01777831,0.01813429,male
HG00608,HG00608,0.2716296,0.3494239,0.02249196,-0.06985093,-0.00701429,-0.002845567,-0.001227643,-0.01232847,-0.003154035,0.02169144,female
HG00610,HG00610,0.2656983,0.3387655,0.0291516,-0.05108848,0.0109386,0.008748022,-0.006553094,-0.0005239403,-0.008599211,0.0392966,male
HG00611,HG00611,0.2730353,0.3507598,0.04481872,-0.05782397,0.00661467,-0.01501164,0.004416917,-0.008520476,-0.003605528,0.03828035,female
HG00613,HG00613,0.2929593,0.3535941,0.04046374,-0.04752858,0.03725287,0.0007790769,-0.00796231,0.0024468,-0.01099749,0.005806779,male
HG00614,HG00614,0.2613866,0.3603274,0.02047095,-0.06991572,0.01289707,-0.02097364,-0.00521182,0.000364446,-0.01972227,0.02757009,female
HG00619,HG00619,0.2729189,0.3555501,0.0234965,-0.0757355,-0.001552526,-0.01308724,-0.02611611,-0.006735974,0.01058521,0.04656143,male
HG00620,HG00620,0.2791584,0.355306,0.03647719,-0.0632599,0.01214407,-0.008655047,-0.0004246069,0.01652441,-0.005876171,-0.02042059,female
HG00622,HG00622,0.2691924,0.3468325,0.04158588,-0.07108182,0.0006147703,-0.02040426,-0.009904788,-0.005133937,-0.001141249,0.03345359,male
HG00623,HG00623,0.268826,0.3507137,0.03111136,-0.0484092,-0.0296134,0.007664733,-0.001392468,-0.0002089175,0.0257153,0.02055878,female
HG00625,HG00625,0.2674003,0.3505027,0.01235773,-0.07258383,-0.04455417,0.008529285,-0.001401678,-0.008935554,-0.002084674,-0.02102077,male
HG00626,HG00626,0.2701294,0.353523,0.03146394,-0.07155332,-0.02296581,0.005529777,0.0001102442,0.01170422,-0.01852484,0.02338029,female
HG00628,HG00628,0.2657905,0.3576135,0.03978832,-0.08880764,-0.0145061,0.001818746,-0.004687692,0.01256556,-0.0003805726,0.007663093,male
HG00629,HG00629,0.268506,0.3648755,0.0180715,-0.06635825,0.005043017,-0.004236777,0.003565238,0.01070189,-0.003204352,0.03261107,female
HG00631,HG00631,0.2814518,0.355815,0.02148369,-0.07061321,-0.01453694,0.002148687,0.001328429,-0.001312764,-0.02573771,-0.006843754,male
HG00632,HG00632,0.2761211,0.3709473,0.004508659,-0.07122511,0.0008462978,-0.02212345,0.006899226,-0.01257999,-0.01361308,0.06386106,female
HG00634,HG00634,0.2705042,0.3526208,0.02626176,-0.07469024,-0.006394026,-0.01740487,0.01104498,0.01831,-0.04928323,0.007998281,male
HG00650,HG00650,0.2659478,0.3458605,0.01870184,-0.06267115,-0.02926154,0.01386586,0.007959187,-0.003842569,-0.004095483,0.008936748,male
HG00651,HG00651,0.2692647,0.3645169,0.03399221,-0.0727563,-0.04426282,0.003188378,0.01242423,0.002860992,8.87461e-05,0.04463443,female
HG00653,HG00653,0.2748686,0.3607683,0.03077371,-0.09043994,-0.02854503,0.006819467,-0.01277881,0.01409921,-0.004553011,-0.02076817,male
HG00654,HG00654,0.2529502,0.34493,0.01801713,-0.07014873,-0.032057,0.003482007,0.009433537,0.001828178,-0.02453888,-0.003630023,female
HG00656,HG00656,0.2640176,0.3681076,0.02290133,-0.08572442,-0.02838328,0.02580722,-0.006118778,-0.01761805,0.002387238,0.01579109,male
HG00657,HG00657,0.2761219,0.3467835,0.03095119,-0.07643413,-0.02592425,-0.002385425,-0.01851555,-0.008236722,-0.0177776,-0.0005919342,female
HG00662,HG00662,0.2827352,0.3596541,0.03442376,-0.07435959,-0.03502776,-0.006996267,0.005484134,0.0128679,-0.006500593,-0.002447868,male
HG00663,HG00663,0.2775659,0.3516258,0.03640417,-0.07870245,-0.0437901,-0.01520959,-0.00675212,-0.009152971,-0.0157589,0.009831622,female
HG00671,HG00671,0.2752234,0.3390533,0.03467138,-0.06121978,-0.01518343,-0.004042404,0.008815051,0.004537438,0.0006178612,0.006011508,male
HG00672,HG00672,0.2725666,0.3482743,0.01828377,-0.07928199,-0.03996667,-0.009626578,0.0004676673,0.0004258886,0.005613659,-0.005870987,female
HG00674,HG00674,0.2800839,0.3620867,0.03237533,-0.06573429,-0.01498402,0.02636137,-0.006598826,-0.009950707,0.004733221,0.0008179481,male
HG00675,HG00675,0.270286,0.3625464,0.02058715,-0.06327439,-0.04261325,0.005311888,-0.005911682,0.01094892,0.009929458,-0.01009017,female
HG00683,HG00683,0.2778326,0.3580691,0.01367261,-0.07121585,-0.06092879,-0.005128102,0.01628577,0.006909707,0.01360645,-0.001433241,male
HG00684,HG00684,0.258953,0.3444443,0.01500266,-0.05809485,-0.005113153,0.001457173,0.01183762,0.003291357,-0.01011035,-0.006014999,female
HG00689,HG00689,0.2680962,0.3768085,0.009105491,-0.08070222,-0.03504089,-0.0006323325,-0.008134586,-0.03128273,-0.03272677,0.008132575,male
HG00690,HG00690,0.2718301,0.3613926,0.0335499,-0.09287903,-0.04394813,-0.02400305,-0.001216608,0.0003483614,0.005538868,0.02323976,female
HG00692,HG00692,0.2718834,0.3529306,0.01069959,-0.05914071,-0.04007814,0.005354639,0.004324357,-0.0009549619,-0.002649298,-0.01461654,male
HG00693,HG00693,0.2855224,0.3567515,0.03332767,-0.06427634,-0.03535464,-0.008908136,-0.003982997,-0.00151255,-0.008564151,0.004259712,female
HG00698,HG00698,0.2702045,0.3623199,0.03829292,-0.06444381,-0.02809972,-0.01697588,-0.0009488097,0.01366735,0.02876073,-0.01200969,male
HG00699,HG00699,0.2600356,0.3480575,0.0223757,-0.06642027,-0.02235387,-0.01286745,0.01365081,0.004634975,-0.006605507,0.01368227,female
HG00701,HG00701,0.2758833,0.3650829,0.01363624,-0.0525169,-0.01849911,-0.0006011736,-0.01524315,-0.004203259,-0.0106257,0.01583813,male
HG00704,HG00704,0.2748803,0.3531926,0.02378375,-0.07227731,-0.0479197,0.01577944,-0.01687004,-0.003457325,0.01853238,-0.0120798,male
HG00705,HG00705,0.2682063,0.3503341,0.02668198,-0.07850094,-0.02491913,-0.007425898,-0.009843458,0.01143294,-0.02962763,0.02760349,female
HG00707,HG00707,0.2579319,0.3433081,0.02533627,-0.07342981,-0.02941115,-0.003392801,0.004558185,-1.892776e-05,-0.0006727838,0.004425139,male
HG00708,HG00708,0.2767599,0.3393247,0.02052911,-0.08604844,-0.01721048,0.008667374,-0.009889274,0.01428134,-0.04605815,0.01521278,female
HG00717,HG00717,0.2758447,0.3563603,0.01930973,-0.05977978,-0.03133889,-0.004310797,-0.006654977,-0.017266,-0.009908097,0.01682158,female
HG00728,HG00728,0.2708442,0.3527767,0.02718859,-0.07998753,-0.05037356,-0.01590078,0.009089195,0.01102608,-0.02122437,-0.006449751,male
HG00729,HG00729,0.2713486,0.3511713,0.0148672,-0.06939207,-0.0345842,0.003397263,-0.01185268,-0.01748468,-0.002829695,0.009152966,female
NA18939,NA18939,0.2768664,0.3329247,0.006422343,-0.04832386,0.1651188,-0.03026863,0.02028603,0.0009889969,-0.006485682,-0.0111407,female
NA18940,NA18940,0.2681156,0.3505857,0.01410594,-0.05440839,0.1497671,-0.01033197,0.01782117,0.01085508,0.006345528,-0.006132339,male
NA18941,NA18941,0.2542038,0.3340253,0.02976062,-0.04595288,0.1472761,-0.005841645,0.01490118,0.02116876,0.01454045,-0.01854329,female
NA18942,NA18942,0.2471728,0.3249305,0.04176905,-0.03980427,0.1556153,-0.01936463,-0.007354718,-0.004666063,0.01755428,-0.01709398,female
NA18943,NA18943,0.2735335,0.3421744,0.03341696,-0.04095844,0.1406792,-0.01365036,0.01611721,0.008173543,-0.007285565,-0.008975653,male
NA18944,NA18944,0.2735441,0.3398476,0.04946393,-0.05382977,0.1593555,-0.02370483,0.02508227,0.01673244,0.02371281,-0.01512242,male
NA18945,NA18945,0.267452,0.3393195,0.01904832,-0.03689841,0.1682079,-0.02383539,0.04258147,0.02919066,0.01205335,-0.03885058,male
NA18946,NA18946,0.2572134,0.3312288,0.04648244,-0.03882402,0.153983,-0.01139551,0.01277674,-0.006194794,-0.0004853074,-0.005657006,female
NA18947,NA18947,0.253021,0.3308264,0.02849575,-0.03042792,0.1446372,-0.05222779,0.02633443,0.03087867,0.02574162,-0.0187649,female
NA18948,NA18948,0.2751153,0.3185653,0.02366626,-0.03468123,0.1303057,-0.007462483,0.02597414,0.0280828,0.02355195,-0.03995739,male
NA18949,NA18949,0.2772135,0.3192905,0.03301129,-0.04739934,0.1659018,-0.0351137,0.01895327,0.009374854,0.005746874,-0.02226378,female
NA18950,NA18950,0.267967,0.3590939,0.03137544,-0.04765514,0.1597004,-0.009438002,0.009847793,0.03733012,0.04249101,-0.008981622,female
NA18951,NA18951,0.2581267,0.349669,0.03985367,-0.03667565,0.1444477,-0.03664895,0.01312456,-0.01274836,0.01160665,0.01221023,female
NA18952,NA18952,0.2725418,0.3309062,0.03439242,-0.04363872,0.1491825,-0.01143184,0.02660344,0.02082823,-0.009876402,-0.01867212,male
NA18953,NA18953,0.2605787,0.3429346,0.05077175,-0.04893334,0.1359595,-0.02938651,0.02547795,0.00481442,0.02447602,0.00673614,male
NA18954,NA18954,0.2788646,0.3378006,0.03839438,-0.0536801,0.1484521,-0.006752617,-0.008011817,0.009481991,0.0133262,0.02413142,female
NA18956,NA18956,0.2659495,0.3602324,0.03382241,-0.04649935,0.1618167,-0.02389023,0.003189746,-0.0006053647,0.01005428,-0.02828258,female
NA18957,NA18957,0.2656923,0.3480753,0.0222774,-0.04994352,0.1743916,-0.02040012,0.02757605,0.01098053,0.006225316,0.00082148,female
NA18959,NA18959,0.2697878,0.3322373,0.03240734,-0.0422402,0.1533383,-0.006943659,0.0007898198,0.02199624,-0.03081353,-0.0114133,male
NA18960,NA18960,0.2639314,0.3385051,0.02740766,-0.0349639,0.1326774,-0.005739748,0.02399249,-0.00313186,-0.006109134,-0.01621891,male
NA18961,NA18961,0.2793692,0.3424871,0.04629406,-0.03936987,0.1695485,-0.0137584,0.008744287,0.01210217,0.001401416,0.007734951,male
NA18962,NA18962,0.2575099,0.3428945,0.02003051,-0.05865205,0.1543105,-0.0263478,0.02905293,0.001753534,0.005871137,-0.02231938,male
NA18963,NA18963,0.2825284,0.3530888,0.02924861,-0.06092249,0.1302863,-0.0411606,0.006532702,0.0003375678,-0.0008746213,-0.02597098,female
NA18964,NA18964,0.2739328,0.3512743,0.03209567,-0.03983504,0.1643581,-0.01290221,0.002476707,-0.001740511,0.03249104,0.001695568,female
NA18965,NA18965,0.271941,0.3461533,0.03474462,-0.04029467,0.1421996,-0.01576022,0.01100404,0.001048538,0.009542537,0.01560328,male
NA18966,NA18966,0.2676356,0.3376963,0.02215792,-0.04140689,0.1574886,-0.02529363,0.008957635,0.01419848,0.006100118,0.008274261,male
NA18967,NA18967,0.2600277,0.3279668,0.04310111,-0.04510023,0.14132,-0.01601824,0.005721258,0.002876708,0.02907624,-0.02641034,male
NA18968,NA18968,0.2608187,0.3381555,0.03794334,-0.04008429,0.1634378,-0.03792139,0.006456571,-0.00604076,-0.006726514,-0.03032875,female
NA18969,NA18969,0.2617351,0.3484534,0.0382971,-0.03928476,0.1654748,-0.01550416,0.01420987,0.007335778,0.006627218,-0.03744498,female
NA18970,NA18970,0.2671931,0.3321156,0.04251378,-0.02988885,0.1524099,-0.006035779,0.02611181,0.0264698,0.01204533,-0.01657651,male
NA18971,NA18971,0.2701334,0.3372703,0.01604496,-0.05370045,0.1464529,-0.01394513,0.01389608,0.01211514,0.008103639,-0.02483366,male
NA18972,NA18972,0.2687806,0.3312955,0.05856628,-0.03732205,0.1410881,-0.02058433,0.004166418,-0.02307841,0.006861234,-0.008237411,female
NA18973,NA18973,0.2769548,0.3246061,0.04235532,-0.03558636,0.1468706,-0.01024183,-0.0002535316,0.01977012,0.00637881,-0.03364495,female
NA18974,NA18974,0.2663491,0.3460475,0.02439312,-0.06198092,0.149783,-0.01931716,0.02500098,0.01687177,0.003234263,-0.01243577,male
NA18975,NA18975,0.2630543,0.3372345,0.03656747,-0.04011561,0.1523296,-0.01133137,0.006920346,0.0008500715,0.0002962783,0.03463549,female
NA18976,NA18976,0.262811,0.340085,0.04152436,-0.04325692,0.1327206,-0.01374723,0.009156571,0.008407743,0.01009685,0.01044874,female
NA18977,NA18977,0.2608906,0.3190193,0.02897434,-0.05246066,0.1181086,-0.003132822,0.01790128,-0.006525628,-0.005703022,0.02888769,male
NA18978,NA18978,0.2698907,0.342221,0.0192893,-0.06289892,0.1831399,-0.02950808,0.01030254,-0.008273316,0.006164792,-0.005567954,female
NA18979,NA18979,0.2547253,0.3445396,0.0382577,-0.04389073,0.1272998,-0.02176903,0.02498732,0.004157902,0.01961098,-0.03717196,female
NA18980,NA18980,0.2807562,0.3296335,0.03026608,-0.04833724,0.1244562,0.006850983,0.009109826,0.004315844,-0.009388749,-0.02261898,female
NA18981,NA18981,0.2696982,0.3485381,0.02332216,-0.05422424,0.1302019,-0.01008481,0.02703644,0.001541201,0.01905543,-0.004618516,female
NA18982,NA18982,0.2555881,0.3360014,0.04348092,-0.03834196,0.1574278,-0.03527038,0.01136916,0.01247271,0.005463613,-0.03478329,male
NA18983,NA18983,0.2718274,0.3471018,0.03612507,-0.03668485,0.1744843,-0.01413095,0.03547351,0.004261657,0.00395496,0.008976944,male
NA18984,NA18984,0.2544496,0.3304236,0.02951894,-0.04353134,0.1585934,-0.02302544,0.01835317,0.01733961,-0.02683385,-0.03196935,male
NA18985,NA18985,0.2726441,0.3413617,0.02119075,-0.0591756,0.1609086,-0.03234158,0.04971329,0.02216708,-0.0206866,0.01397046,male
NA18986,NA18986,0.2601226,0.3275279,0.03062581,-0.03991564,0.140206,-0.01870568,0.01144538,0.002868712,0.009526041,-0.006781639,male
NA18987,NA18987,0.2624983,0.3353145,0.04069999,-0.04328464,0.1284445,-0.01685081,0.01467643,0.008492023,-0.0005936148,0.01326334,female
NA18988,NA18988,0.2650022,0.3393849,0.01748718,-0.02705331,0.1357467,-0.02304743,-0.008545277,-0.01196258,0.03102238,-0.001965296,male
NA18989,NA18989,0.2785502,0.3457546,0.01442012,-0.06087452,0.1501625,-0.01493685,0.02240975,0.0179127,-0.003617052,-0.04369488,male
NA18990,NA18990,0.2507626,0.3357387,0.008877703,-0.04805722,0.142767,-0.02215098,0.01911558,0.02671134,0.02335025,0.01507054,male
NA18991,NA18991,0.2609309,0.3546098,0.01739838,-0.06374012,0.1623081,-0.007426928,0.02029306,0.005140418,0.002884231,-0.001244281,female
NA18992,NA18992,0.2657768,0.335607,0.04781724,-0.04261391,0.1741899,-0.02703609,0.03262576,0.02033646,-0.01293762,-0.04350061,female
NA18993,NA18993,0.2817303,0.3383467,0.039725,-0.03508866,0.1561145,-0.02762803,0.03767926,0.01947395,0.01859007,-0.02289789,female
NA18994,NA18994,0.2595518,0.3287334,0.01339702,-0.03022272,0.1706324,-0.02883486,0.02831701,0.01161496,-0.02235098,0.01257643,male
NA18995,NA18995,0.2655414,0.3386291,0.04920853,-0.03966503,0.1569243,-0.01511637,0.01225597,-0.003070564,-0.01106471,-0.00720514,male
NA18997,NA18997,0.2756399,0.346389,0.01522004,-0.06570355,0.1367127,-0.0155766,0.03024651,0.02244427,0.01116756,-0.01140751,female
NA18998,NA18998,0.2617975,0.3395152,0.03266091,-0.03961637,0.1661642,-0.02823956,0.0235842,-0.001823284,0.01150873,-0.02883382,female
NA18999,NA18999,0.2739016,0.3205609,0.01576125,-0.03110098,0.1244524,-0.02104717,0.028032,0.00690186,-0.01094191,-0.01139951,female
NA19000,NA19000,0.2716358,0.3402959,0.03122231,-0.0447075,0.13803,-0.0202163,0.007057011,0.0004893051,0.003923581,-0.01098541,male
NA19001,NA19001,0.2571823,0.3389566,0.04621008,-0.02313198,0.1466188,-0.03170674,0.004040002,-0.00188797,0.0162579,-0.006672527,female
NA19002,NA19002,0.2651401,0.3329091,0.01273683,-0.05456789,0.1398187,-0.01214651,0.01445164,0.01289105,0.005923205,-0.02620066,female
NA19003,NA19003,0.260703,0.3526814,0.02528623,-0.04498491,0.1574787,-0.04223791,0.04463987,0.008968673,0.007637443,-0.0105867,female
NA19004,NA19004,0.2680314,0.3544926,0.01694991,-0.02683314,0.1723731,-0.04947109,0.0393127,0.01049167,0.02944216,-0.02130573,male
NA19005,NA19005,0.2614612,0.3501328,0.03896463,-0.0516703,0.1302528,-0.02657199,0.003267943,0.00139892,0.0219134,-0.008567867,male
NA19006,NA19006,0.270768,0.35943,0.04579916,-0.03203781,0.1609789,-0.03081448,0.02610785,0.01931546,0.001949682,0.02707487,male
NA19007,NA19007,0.2666846,0.3358614,0.0307713,-0.06656978,0.1206793,-0.001987261,0.04482754,0.003952578,-0.01178071,0.003759203,male
NA19009,NA19009,0.266931,0.330674,0.0355864,-0.02434258,0.1415843,0.0007669354,0.003152417,0.00398149,0.01817675,-0.04028946,male
NA19010,NA19010,0.284914,0.3307646,0.03811886,-0.05913823,0.1478468,-0.0189256,0.02837888,-0.009341023,0.0003576652,-0.007870951,female
NA19011,NA19011,0.2604065,0.3421564,0.02615659,-0.04323258,0.166291,-0.03446563,0.0152382,-0.003262809,-0.01809344,-0.01810523,female
NA19012,NA19012,0.2679766,0.3445906,0.02487924,-0.05211706,0.1487585,-0.02283904,0.01638256,0.003831202,0.02557822,0.06135822,male
NA19054,NA19054,0.2644869,0.3311491,0.02501832,-0.02845965,0.1742155,-0.005782728,0.01989178,0.01245914,0.005889442,-0.01788378,female
NA19055,NA19055,0.276971,0.3508839,0.01546125,-0.02579378,0.1726731,-0.01320419,-0.003791311,0.0005557541,0.008471288,-0.01020768,male
NA19056,NA19056,0.2586597,0.3260408,0.006650918,-0.05810907,0.1733722,-0.02079448,0.0171124,-0.00150679,0.01351313,-0.0221246,male
NA19057,NA19057,0.2619059,0.3316519,0.01523402,-0.04674574,0.1376025,0.002030005,0.0257621,0.02039798,0.02312692,-0.01401594,female
NA19058,NA19058,0.2828717,0.3477639,0.02033603,-0.05314128,0.1528164,-0.006707058,0.01831294,0.0001590438,-0.009166289,-0.02854844,male
NA19059,NA19059,0.2641059,0.3302754,0.0469963,-0.03981246,0.1479481,-0.02976826,0.02545397,0.0135996,-0.006994715,0.02109097,female
NA19060,NA19060,0.2590913,0.3230539,0.03702257,-0.04427104,0.1516834,-0.008364648,0.03007779,-0.005497588,-0.005157783,-0.01954067,male
NA19062,NA19062,0.2459387,0.3298469,0.02325523,-0.03213368,0.1437939,-0.01322854,0.007286649,0.01720424,0.005055418,-0.006621045,male
NA19063,NA19063,0.2673271,0.3441778,0.0280648,-0.05757459,0.1353775,-0.01524519,0.02104924,0.01754547,0.003913831,-0.03229983,male
NA19064,NA19064,0.263591,0.3460874,0.01835104,-0.04555668,0.148894,-0.0110873,0.02247897,-0.001158508,-0.009232072,4.796234e-05,female
NA19065,NA19065,0.2643641,0.3381429,0.03300898,-0.06152627,0.1767482,-0.007134581,0.03153855,0.01110832,0.0001601305,-0.02067214,female
NA19066,NA19066,0.2684815,0.3411213,0.01768235,-0.08948337,0.148269,-0.009613696,0.01042794,0.01915985,-0.009019928,0.03045763,male
NA19067,NA19067,0.2722869,0.3543472,0.04353131,-0.04287846,0.137327,-0.01175049,0.0236509,-0.005018973,-0.01123393,0.01824165,male
NA19068,NA19068,0.293861,0.3639888,0.04336171,-0.03393433,0.1422344,-0.001493722,0.02409583,0.007613144,0.01611364,-0.02860492,male
NA19070,NA19070,0.2738261,0.3378466,0.01008018,-0.04943413,0.1370763,-0.01785818,-8.40903e-05,0.02655437,0.002817451,-0.01705696,male
NA19072,NA19072,0.2696549,0.3341406,0.02173584,-0.0486805,0.1283022,-0.03250773,0.01921039,0.01970215,-0.005904821,0.008653607,male
NA19074,NA19074,0.2727852,0.3327722,0.0388598,-0.03668373,0.1550727,-0.003331962,0.02284818,0.002247129,0.0310481,-0.001444704,female
NA19075,NA19075,0.2798476,0.3340253,0.04598277,-0.03712888,0.1307452,0.003909548,0.01081054,0.008816329,0.01093309,-0.01265713,male
NA19076,NA19076,0.2728933,0.3208055,0.009171354,-0.03852297,0.1452343,-0.00343492,0.02649763,-0.009046684,0.03655966,-0.02400679,male
NA19077,NA19077,0.2581207,0.3291538,0.02278763,-0.02515047,0.11846,-0.009884224,0.01133057,-0.003517828,0.0195243,-0.03392206,female
NA19078,NA19078,0.2713434,0.3413352,0.01167645,-0.0326148,0.1266845,-0.006298282,0.0371158,-0.007767872,0.000265398,-0.006131563,female
NA19079,NA19079,0.2571297,0.3352734,0.02428703,-0.03418778,0.1313994,-0.001004237,0.006351731,0.003667921,0.04018935,-0.01034471,male
NA19080,NA19080,0.2485183,0.3350647,0.02738504,-0.05892896,0.1421501,0.007856044,0.001792008,0.007484579,-0.01716965,-0.003915496,female
NA19081,NA19081,0.27989,0.3335196,0.04445287,-0.02829465,0.1577003,-0.02651522,0.03156777,0.01939532,0.02235011,-0.03106267,female
NA19082,NA19082,0.2645517,0.3418789,0.009927675,-0.05547483,0.1518039,-0.01321081,-0.005594257,0.01774398,0.01080901,-0.03417981,male
NA19083,NA19083,0.2712673,0.335781,0.02487389,-0.05605148,0.1411677,-0.01071627,0.003237985,0.02079295,0.002211361,-0.02876999,male
NA19084,NA19084,0.2735292,0.3348275,0.04267606,-0.06222696,0.1507105,-0.02218285,0.002303043,-1.80159e-05,0.02341329,-0.0141798,female
NA19085,NA19085,0.2693168,0.3370697,0.03425228,-0.03802299,0.1599784,-0.03599742,0.01274624,0.001783093,-0.007039254,-0.06073418,male
NA19086,NA19086,0.2713937,0.3242237,0.03995375,-0.0333093,0.1268125,0.006284541,0.03860271,0.002758769,-0.007216425,3.588815e-05,male
NA19087,NA19087,0.2592339,0.3248125,0.03527523,-0.04610882,0.1362869,-0.0121451,0.01064157,0.02009074,0.02254622,0.01435595,female
NA19088,NA19088,0.2714279,0.3375818,0.03488132,-0.0695893,0.1644899,-0.01461942,0.02897909,0.006279133,-0.004080394,-0.01046,male
NA19089,NA19089,0.2811988,0.3488289,0.02788118,-0.06538434,0.1757338,-0.02340468,0.02852787,0.0307113,0.01388359,-0.007552144,male
NA19090,NA19090,0.2822422,0.3473465,0.03569615,-0.05048645,0.1311513,-0.0160147,0.01266436,0.01441322,-0.01504917,-0.02380188,female
NA19091,NA19091,0.2665283,0.3395942,0.03282647,-0.0537627,0.1550984,-0.003097428,0.01937802,0.02337171,-0.007716388,0.03709715,male
HG01595,HG01595,0.2735046,0.3541132,0.0100435,-0.07987645,-0.08145876,-0.001985016,-0.001563271,0.004139068,0.007195201,0.01722924,female
HG01596,HG01596,0.2680023,0.3407506,-0.001179134,-0.06922583,-0.08344836,0.01490201,0.0001354892,-0.0001014642,-0.01654664,-0.00996517,male
HG01597,HG01597,0.2649025,0.3508763,0.02256233,-0.05819487,-0.09354631,0.02647106,0.0005569839,-0.01968237,0.01488886,0.03553665,female
HG01598,HG01598,0.2547839,0.3293061,0.01885156,-0.08233528,-0.1000008,-0.00339234,0.001874816,-0.0125904,0.02217765,0.009088811,female
HG01599,HG01599,0.2686674,0.3465337,0.005641403,-0.06996378,-0.08812065,-0.01937172,-0.0159655,0.01432103,-0.02715381,0.01903097,female
HG01600,HG01600,0.2797076,0.3637854,0.003964452,-0.07641257,-0.06300327,0.002371248,0.008274672,0.009817885,0.003986572,-0.001681755,female
HG01840,HG01840,0.2566663,0.3355258,0.007147924,-0.07545228,-0.09364532,-0.0005772839,-0.009902339,0.0007019706,-0.005387464,0.006601143,male
HG01841,HG01841,0.2742081,0.3429387,0.01379414,-0.0745699,-0.1220459,0.02244884,0.006352012,-0.01308932,0.001390769,-0.007089561,female
HG01842,HG01842,0.2487246,0.3397691,0.01072807,-0.08410838,-0.07916712,0.001920918,-9.929121e-05,-0.01065212,-0.003620548,0.002920376,male
HG01843,HG01843,0.2703782,0.3225329,0.01181986,-0.05436555,-0.08097187,-0.003947644,0.008497505,0.001649517,0.004192892,-0.02462788,female
HG01844,HG01844,0.2641652,0.3346501,-0.004627935,-0.07647847,-0.09846897,0.004851728,-0.02143646,-0.008884456,0.01514694,-0.003690874,male
HG01845,HG01845,0.2735684,0.3288658,0.008286921,-0.07344912,-0.05532955,-0.007575379,-0.01219177,0.01176161,-0.01563998,-0.002800115,female
HG01846,HG01846,0.2631964,0.3413443,0.01326977,-0.09580844,-0.09383749,0.005691903,0.01040194,0.01773937,0.009970415,-0.01353506,male
HG01847,HG01847,0.2660133,0.3388749,0.02078021,-0.06439346,-0.1046128,0.01843306,-0.02578761,0.007712231,-0.005737744,-0.02112597,female
HG01848,HG01848,0.2691488,0.3562011,0.004635839,-0.06047418,-0.06413214,0.01098718,-0.02197501,0.01372678,0.02316398,-0.01254639,female
HG01849,HG01849,0.2655891,0.343025,0.0143993,-0.08011203,-0.07817675,0.01396091,-0.006673306,0.005024643,0.01695398,-0.01750312,male
HG01850,HG01850,0.2537374,0.3441913,0.01635914,-0.06053809,-0.08723716,0.01945745,0.005782872,0.02193918,-0.002492467,-0.0008771586,female
HG01851,HG01851,0.2624961,0.3558757,0.0212594,-0.05597136,-0.08000083,0.009981056,-0.003564858,-0.0007180906,0.01681406,-0.01597633,female
HG01852,HG01852,0.2641004,0.3541172,-0.0003800128,-0.06245084,-0.1013097,0.02390461,0.02298244,0.01298867,0.0150001,-0.01053162,male
HG01853,HG01853,0.2775609,0.3374616,-0.003229548,-0.07131101,-0.05880071,-0.0008299152,-0.003789194,0.005631862,0.008149603,0.01458919,female
HG01855,HG01855,0.2651225,0.3314013,0.00333783,-0.08190623,-0.0708535,-0.007142815,0.004897974,-0.0009332926,0.004562556,0.002737354,female
HG01857,HG01857,0.2684085,0.3447891,0.01513656,-0.06444713,-0.0678086,0.02507155,-0.004273996,-0.006434912,-0.009041675,-0.0152425,female
HG01858,HG01858,0.2649513,0.3661284,0.01751611,-0.062167,-0.08716701,0.01110503,-0.01559168,-0.02258,0.02759182,-0.01322374,female
HG01859,HG01859,0.2804201,0.3572101,0.01264138,-0.07804572,-0.08041561,0.008709154,0.01660565,0.006629883,-0.0006980217,-0.0367168,female
HG01860,HG01860,0.2579417,0.3526829,0.01844927,-0.06584537,-0.1112511,0.006699562,0.013132,0.000223346,0.01109814,0.01602228,male
HG01861,HG01861,0.2795764,0.342393,0.002973891,-0.06428647,-0.07931364,0.02175518,0.003953046,-0.006522054,0.01383446,-0.04421091,male
HG01862,HG01862,0.2763561,0.3482677,0.02795751,-0.05950539,-0.07736456,0.0145622,-0.02031339,0.02898935,0.02833587,-0.01240023,female
HG01863,HG01863,0.269164,0.3475615,0.01356238,-0.07459123,-0.06601321,0.02659331,-0.02433436,0.01827968,0.01488911,-0.04855266,female
HG01864,HG01864,0.2511353,0.3453449,-0.005568132,-0.06839017,-0.07361078,0.01302529,-0.01222507,-0.00946841,0.01365373,0.01330123,male
HG01865,HG01865,0.2754913,0.3650271,0.01540863,-0.07467945,-0.06796706,0.01854777,-0.002883479,-0.006860438,0.006979334,0.01946768,male
HG01866,HG01866,0.2823974,0.3275266,-0.004283365,-0.07392148,-0.1029018,0.003221325,0.005317455,0.003347845,-0.009810453,0.03594832,male
HG01867,HG01867,0.2704639,0.3411248,0.01524756,-0.07688979,-0.0678077,0.00837258,0.009698899,0.002392766,-0.02473907,0.003153342,male
HG01868,HG01868,0.2763234,0.3454931,0.005585618,-0.06666656,-0.07142985,0.002087035,-0.0116054,3.573347e-05,0.02039435,0.02799165,female
HG01869,HG01869,0.2806244,0.3588389,0.001881518,-0.06273181,-0.07633557,0.01160219,0.003479019,-0.005594313,0.006900684,0.028781,female
HG01870,HG01870,0.2781495,0.3550806,-0.0002600403,-0.06433786,-0.08845299,-0.001759696,-0.0007960028,-0.0002553956,-0.02098626,0.003307345,female
HG01871,HG01871,0.2759553,0.3542602,0.01809314,-0.04702153,-0.06892503,-0.003446351,0.007254657,0.006189455,0.006703052,0.01189662,female
HG01872,HG01872,0.2577784,0.3436033,0.03533284,-0.05156754,-0.0474588,0.009095518,-0.006636851,-0.003776147,0.01200412,0.02002749,male
HG01873,HG01873,0.2584678,0.3388451,0.02627205,-0.08983281,-0.0560449,0.02322536,0.009981257,-0.002630103,0.01658793,-0.004526723,male
HG01874,HG01874,0.2763734,0.3396302,0.01877027,-0.0697681,-0.09892017,-0.000187488,0.007166916,0.006680256,0.003802459,-0.0276634,female
HG01878,HG01878,0.2717897,0.3400032,0.01157782,-0.07028666,-0.08673227,0.01259711,-0.004333504,0.01205494,-0.007705887,-0.01217305,female
HG02016,HG02016,0.2568774,0.3231865,-0.02618775,-0.06057312,-0.07627972,0.00981168,0.004769259,-0.005942493,0.008560295,-0.00728092,female
HG02017,HG02017,0.2657269,0.3411366,-0.008196572,-0.06418986,-0.09660405,0.02181518,0.002254768,0.0002717486,0.001382403,-0.02342617,male
HG02019,HG02019,0.2714831,0.3584121,0.008267674,-0.05947617,-0.08772116,-0.002869651,-0.008114673,-0.0004254899,0.01678069,0.01253035,female
HG02020,HG02020,0.2732536,0.3496562,0.01922873,-0.07135403,-0.08311868,0.0108764,-0.001791071,-0.00505514,0.03011023,0.01710537,male
HG02023,HG02023,0.266976,0.3526317,0.007435504,-0.07035967,-0.08403317,-0.00118012,-0.005722654,-0.01516661,0.001544723,-0.01504482,male
HG02025,HG02025,0.2711979,0.3484408,0.02016763,-0.063732,-0.07859221,0.008322535,0.0007567437,0.008174498,-0.007155925,-0.007922137,female
HG02026,HG02026,0.2631229,0.3513439,0.02596576,-0.07137141,-0.1044415,0.009576219,-0.006838259,-0.001712565,-0.00165561,0.01129965,male
HG02028,HG02028,0.266313,0.338724,0.005994828,-0.07549039,-0.07672128,0.01603126,-0.01687661,2.75254e-05,-0.01430036,-0.00846055,female
HG02029,HG02029,0.2663711,0.3584504,0.01420292,-0.07785923,-0.03292308,-0.01973709,-0.01193994,0.01393863,0.006815044,0.002663511,male
HG02031,HG02031,0.2574509,0.3323447,0.006064485,-0.07583225,-0.05617803,0.003494229,0.008316395,-0.01523321,-0.007145154,0.0297517,female
HG02032,HG02032,0.2772111,0.3516239,0.03302943,-0.08189189,-0.04348386,0.009645342,7.041428e-05,-0.01282149,-0.003552799,-0.008297209,male
HG02035,HG02035,0.2543621,0.3326825,0.002579837,-0.06980446,-0.0668025,0.005212095,-0.0071711,-0.003513197,-0.02077443,-0.001314441,male
HG02040,HG02040,0.2664699,0.331414,-0.0005175993,-0.06799461,-0.04952579,0.008973627,0.01091694,0.0007819231,0.01205324,0.002164384,male
HG02047,HG02047,0.260668,0.3452453,-0.002899569,-0.08591193,-0.1003241,0.001021882,-0.01045308,-0.0001264422,0.004546629,0.03113161,male
HG02048,HG02048,0.2727051,0.3353111,0.01792132,-0.08358037,-0.0778243,0.009408068,0.001351775,-0.003587144,-0.01371531,-0.01302405,female
HG02049,HG02049,0.2747495,0.3336939,0.01079256,-0.074369,-0.1044901,0.01482529,-0.01784407,-0.01245574,0.03634334,0.02065557,female
HG02050,HG02050,0.2592859,0.333473,0.008008774,-0.0648886,-0.06577678,-0.00958282,-0.0001442971,0.002537068,-0.008393385,0.00860197,male
HG02057,HG02057,0.2515226,0.330954,0.00466929,-0.05509491,-0.09514376,0.01764823,-0.01124577,0.0002267159,-0.003242007,-0.02270126,female
HG02058,HG02058,0.2619899,0.3332283,0.00466999,-0.06041459,-0.0881678,0.01784155,0.008325487,-0.01520536,-0.008505335,0.004152625,male
HG02060,HG02060,0.2769292,0.3399691,0.01771231,-0.05911678,-0.09446889,0.003784485,-0.0164125,-0.001301288,-0.007188428,-0.00853505,female
HG02061,HG02061,0.2862691,0.3327347,0.01616054,-0.07013457,-0.08870591,0.02336702,-0.009953625,0.003716783,-0.02134798,-0.01295988,male
HG02064,HG02064,0.2644195,0.3297138,-0.001084508,-0.07735927,-0.08132707,0.009160017,0.01362533,-0.01308521,-0.005008086,0.02827038,male
HG02067,HG02067,0.2478134,0.3387045,0.01801298,-0.08138159,-0.08300908,0.001021563,0.003845242,0.006500932,-0.004117466,-0.008073332,male
HG02069,HG02069,0.2548802,0.3477247,0.01050931,-0.06587536,-0.08072905,0.01460999,0.01152323,-0.0315902,-0.02928261,-0.04407271,female
HG02070,HG02070,0.2685267,0.3288085,-0.004802078,-0.0739107,-0.07037005,0.007386225,-0.02396755,-0.008250856,0.01136212,0.0001610667,male
HG02072,HG02072,0.2686742,0.3275333,0.02121166,-0.06531834,-0.08506838,0.02012266,-0.01019811,0.001710817,0.0236555,0.00315347,female
HG02073,HG02073,0.2729906,0.3340453,0.01247774,-0.07981838,-0.07111311,0.01772275,0.01242778,0.006887267,-0.006137847,-0.004830826,male
HG02075,HG02075,0.2781774,0.3559223,0.02306634,-0.07149039,-0.07454856,0.00191515,0.009166409,0.006533566,0.01289453,-0.01270309,female
HG02076,HG02076,0.2640247,0.3351208,0.01995262,-0.07841597,-0.1035579,-0.02016393,-0.01810349,-0.01761491,0.01891002,-0.02766853,male
HG02078,HG02078,0.2609357,0.3345838,0.002312528,-0.05940761,-0.08348911,0.007102881,0.009065047,0.008897936,-0.02309113,-0.00508294,female
HG02079,HG02079,0.2747088,0.3645219,-0.002291976,-0.08986018,-0.08876848,0.004403339,-0.01775713,-0.0141601,0.0001428301,0.002556779,male
HG02081,HG02081,0.2736784,0.3441634,0.01415564,-0.06898951,-0.07202309,0.003936901,-0.01544728,0.002544673,-0.01725845,-0.02555223,female
HG02082,HG02082,0.2676783,0.3239986,0.001165799,-0.05650078,-0.02970013,-0.01157175,-0.004309704,-0.006441447,-0.001816362,0.005960745,male
HG02084,HG02084,0.252498,0.3455435,-0.005692098,-0.050883,-0.06653233,0.009191861,0.009821271,-0.006165916,0.01312759,-0.001346637,female
HG02085,HG02085,0.2715787,0.3598574,0.01371691,-0.08153349,-0.1024493,-0.003075935,-0.01653462,0.01896799,0.01662644,-0.03356189,male
HG02086,HG02086,0.2704683,0.3372348,0.01330462,-0.05264122,-0.06268521,0.02128787,0.02303561,-0.01139547,0.05426466,-0.01359784,female
HG02087,HG02087,0.2422595,0.3344849,0.007775637,-0.06660761,-0.08639875,0.01628029,-0.02344452,-0.003900626,-0.003038949,-0.005335026,female
HG02088,HG02088,0.2622291,0.3460348,0.004429679,-0.06890377,-0.07894234,0.008868581,-0.003764925,-0.007524691,0.0283685,-0.02523283,male
HG02113,HG02113,0.2763168,0.334968,0.02011081,-0.07160529,-0.05038019,0.008908123,-0.005810459,-0.005352838,-0.00881636,-0.01634648,female
HG02116,HG02116,0.2851499,0.3400692,0.01003398,-0.0572981,-0.07886936,0.002125106,-0.01740538,0.01931278,0.02074787,-0.0005835934,male
HG02121,HG02121,0.2643855,0.3462644,0.005702703,-0.08400809,-0.08133064,0.02099247,0.00580076,0.003232051,-0.03237005,0.001688155,female
HG02122,HG02122,0.2645557,0.341573,0.007073067,-0.07408057,-0.05227665,0.004904362,-0.01046552,-0.004227101,-0.01641514,0.007155331,male
HG02127,HG02127,0.2734805,0.3487552,0.00124649,-0.07793233,-0.09371134,0.01342674,-0.02314914,0.005910008,-0.003882915,-0.03531575,female
HG02128,HG02128,0.2643582,0.3237231,-0.00106735,-0.05884042,-0.06319865,-0.003083615,-0.002267128,-0.001242249,-0.00857944,-0.005148932,male
HG02130,HG02130,0.2674585,0.3463406,0.0001334806,-0.07502613,-0.07418388,0.003861765,-0.002161938,0.02013686,-0.01555043,-0.02379799,female
HG02131,HG02131,0.2702289,0.2883433,-0.01625238,-0.04589267,-0.08966659,-0.01262525,-0.001754622,-0.0001513787,0.008020625,0.03352922,male
HG02133,HG02133,0.2567319,0.3247249,0.004805834,-0.07462327,-0.04217951,0.0101701,-0.007771425,0.0145175,0.01868172,-0.01851726,female
HG02134,HG02134,0.2701095,0.3728355,0.008555367,-0.06898997,-0.08003694,-0.0003201236,-0.02203606,0.003033576,-0.007333311,0.001975323,male
HG02136,HG02136,0.2499269,0.3443802,0.002962648,-0.07386423,-0.06164846,0.02002972,-0.02210801,-0.008383013,-0.02180089,0.004756249,female
HG02137,HG02137,0.2821202,0.3584439,0.007234783,-0.08707101,-0.1111049,0.002917779,0.001009415,-0.0009739823,0.002162884,-0.01811416,male
HG02138,HG02138,0.2692282,0.3534596,0.007567285,-0.06494181,-0.08199288,0.02171778,0.000639337,0.007603938,0.02109545,-0.01809702,male
HG02139,HG02139,0.2693539,0.3373563,0.008072161,-0.0558926,-0.08415629,0.00979224,-0.01936794,0.01694711,0.02269651,0.03264393,female
HG02140,HG02140,0.2724421,0.3408377,0.0125351,-0.07080809,-0.07567884,-0.01863001,0.007786626,0.004282016,0.007837253,0.001070254,female
HG02141,HG02141,0.2692906,0.3538474,0.009565896,-0.07732789,-0.06983833,-0.009633783,0.004322189,-0.01566606,-0.007058719,-0.04597371,male
HG02142,HG02142,0.2547958,0.294091,0.04101484,-0.07071707,-0.07402464,-0.01716006,0.01851337,-0.004482005,-0.005651377,0.01097643,female
HG02512,HG02512,0.2726312,0.3623701,0.008296653,-0.09130887,-0.03510173,-0.007610426,0.0002034905,-0.01493863,0.001022073,0.02907097,male
HG02513,HG02513,0.2744501,0.3418615,0.02031024,-0.08859185,-0.1050875,0.02121035,-0.000542898,-0.0226936,0.004024306,0.008658325,female
HG02521,HG02521,0.2620995,0.3524776,0.01170731,-0.07530396,-0.08778177,0.01011663,-0.01937632,-0.007068426,-0.01779778,-0.01364338,male
HG02522,HG02522,0.2582378,0.3578715,0.01001126,-0.07375212,-0.08197742,0.01576353,-0.00774217,-0.0005477556,0.005820913,-0.02165807,female
NA06984,NA06984,0.1780791,-0.2672905,0.05293723,-0.08001696,-0.01011244,0.002378753,-5.868338e-05,0.0007467052,0.03680929,0.03198568,male
NA06985,NA06985,0.163719,-0.2830234,0.05430461,-0.09646932,-0.003721259,0.009232187,-0.009023692,0.00728015,0.001289669,-0.006314739,female
NA06986,NA06986,0.1744746,-0.2897201,0.05011748,-0.09083635,0.005375144,-0.01981184,0.01182565,-0.001769896,0.0001691546,0.003801851,male
NA06989,NA06989,0.1621352,-0.2689125,0.05059599,-0.09604257,-0.002637429,-0.0004289761,-0.006032283,0.01693496,0.005906467,-0.05438057,female
NA06994,NA06994,0.1804974,-0.2885506,0.06465127,-0.07414259,-0.02577123,0.01885208,-0.02651742,-0.006174108,-0.02662933,-0.03883225,male
NA07000,NA07000,0.1805596,-0.2769642,0.0533385,-0.07564019,0.01178011,0.02979709,-0.01929933,-0.008315135,0.05744229,0.01264693,female
NA07037,NA07037,0.162052,-0.2904629,0.05283634,-0.08972818,0.01095296,0.0122987,-0.02087902,-0.002212383,0.004952197,0.06414371,female
NA07048,NA07048,0.1724078,-0.2732028,0.03330361,-0.08470476,0.008386783,0.0159229,-0.03291595,-0.0020904,-0.004701917,0.03103058,male
NA07051,NA07051,0.1814297,-0.2882655,0.04621761,-0.0799229,-0.005879441,0.03613207,-0.02404177,-0.01064979,-0.02115199,0.02821164,male
NA07056,NA07056,0.188404,-0.2887568,0.05286869,-0.08219635,0.01919886,0.01258293,-0.01017994,-0.003288508,0.03328372,0.03967957,female
NA07347,NA07347,0.1653307,-0.287232,0.06820344,-0.0826326,0.02063097,0.01204096,0.02426103,-0.007197467,-0.04498103,-0.04157015,male
NA07357,NA07357,0.181004,-0.2790719,0.04962034,-0.05880884,0.007019174,0.02771418,-0.0157574,-0.007447433,0.04365252,0.003217759,male
NA10847,NA10847,0.1656665,-0.307257,0.07129706,-0.09082475,0.01890478,0.008422118,0.02350605,-0.002722416,0.01342694,-0.05493653,female
NA10851,NA10851,0.1757789,-0.2980747,0.06543147,-0.07358654,-0.006102264,0.03991003,-0.01493889,-0.0172648,0.004199014,0.04358981,male
NA11829,NA11829,0.1801116,-0.3015373,0.05555138,-0.09087308,0.01886901,0.009854079,-0.02431963,-0.005260527,0.0241041,0.01105074,male
NA11830,NA11830,0.1787579,-0.2789186,0.06783509,-0.07134804,0.0209544,0.034869,-0.03135587,0.007899999,-0.006449512,0.0592173,female
NA11831,NA11831,0.1824561,-0.2826441,0.07043881,-0.0837034,0.005999042,0.0417328,-0.007473757,-0.008524625,0.02010188,0.02817787,male
NA11832,NA11832,0.1657795,-0.273873,0.03964281,-0.1088043,0.01105831,0.002560433,-0.0009978415,0.01839995,0.0512328,0.03195029,female
NA11840,NA11840,0.184039,-0.2779466,0.05419867,-0.09002456,0.02209422,0.02429939,-0.01752045,-0.01638737,0.004452888,0.003432064,female
NA11843,NA11843,0.1757921,-0.2670012,0.05587388,-0.08296477,-0.003197142,0.02420244,0.003182912,-0.009849594,-0.004689552,0.004039883,male
NA11881,NA11881,0.1673263,-0.2799212,0.05018698,-0.09416454,0.00123098,0.01712612,-0.008485176,0.01324506,-0.03278767,-0.07171627,male
NA11892,NA11892,0.1848151,-0.2872457,0.05831611,-0.07683227,-0.01920307,0.01488323,-0.01491351,0.005283294,0.005567192,0.0272553,female
NA11893,NA11893,0.1871208,-0.2863714,0.05797061,-0.08343074,0.01350828,0.02817673,-0.007077066,-0.01090957,-0.02727503,0.03403717,male
NA11894,NA11894,0.1793764,-0.290657,0.06210923,-0.09900756,0.03412275,-0.001479095,-0.02550216,0.009184596,0.00738139,0.0184381,female
NA11918,NA11918,0.1693989,-0.290072,0.05279871,-0.07677305,-0.01392396,0.005525925,-0.00774292,0.007944684,0.01393427,0.02095842,female
NA11919,NA11919,0.1643654,-0.2936043,0.04298303,-0.09032658,0.00458401,0.02806958,-0.01164229,-0.007373775,-0.001543529,0.02079482,male
NA11920,NA11920,0.1817005,-0.3153099,0.06480613,-0.09941762,0.0001327898,-0.0003043487,-0.0203311,0.0173943,0.0007909455,-0.01101522,female
NA11930,NA11930,0.1632291,-0.2694154,0.04083432,-0.09273217,-0.002663293,0.02480668,-0.04409739,0.004363946,0.01533852,0.02073839,male
NA11931,NA11931,0.1749487,-0.3042564,0.06655954,-0.06497477,0.006815165,0.03485771,-0.0164695,-0.009828178,-0.007461956,-0.0407777,female
NA11932,NA11932,0.1901757,-0.2914024,0.0612756,-0.08308721,-0.005748985,0.02415396,0.008812609,-0.01978979,0.01326205,-0.03273785,male
NA11933,NA11933,0.1752414,-0.2820008,0.0850257,-0.07708298,0.01505214,0.02277794,-0.008121678,-0.009709462,-0.01338193,-0.05187496,female
NA11992,NA11992,0.173144,-0.2828687,0.04149281,-0.0844146,-0.01012585,0.003354265,-0.01122106,0.006977232,-0.001429626,-0.05071899,male
NA11994,NA11994,0.164199,-0.2619086,0.05399923,-0.0676534,-6.516675e-05,0.01899806,-0.003978868,-0.008162075,0.001242029,0.04018126,male
NA11995,NA11995,0.1699618,-0.3089253,0.06177874,-0.09667404,-0.00131983,0.01969471,-0.01612454,0.03685363,0.01559874,-0.001938542,female
NA12003,NA12003,0.1817534,-0.2732259,0.07375313,-0.07057459,0.01133813,0.04621111,-0.02435653,0.007662813,0.0345998,0.006818979,male
NA12004,NA12004,0.1656013,-0.2849564,0.04356602,-0.08903896,-0.01446978,0.03105902,-0.01415872,0.0006016995,0.03028422,0.04332112,female
NA12005,NA12005,0.162475,-0.3012855,0.04938671,-0.1000207,0.007274095,0.006721007,-0.009747756,0.01140261,-0.02365457,0.01244585,male
NA12006,NA12006,0.1805731,-0.2879222,0.06676147,-0.07495897,-0.01096226,0.01980091,-0.02922826,0.02662176,-0.01492298,-0.03595983,female
NA12043,NA12043,0.1652034,-0.297317,0.05536411,-0.08734596,-0.007936235,0.00861392,-0.01127468,0.0006849846,0.03086975,0.03542852,male
NA12044,NA12044,0.1833545,-0.2762104,0.07099775,-0.08335249,0.02006016,0.01752536,-0.01936064,0.003954894,0.01668265,0.0183948,female
NA12045,NA12045,0.1893525,-0.2817812,0.04759838,-0.08562052,0.004866412,-8.440619e-05,-0.02226068,0.007705161,-0.02016165,-0.01974723,male
NA12046,NA12046,0.1798115,-0.261017,0.05470672,-0.09530109,0.02361104,0.0374561,0.007671434,-0.008377319,0.005760103,0.03635362,female
NA12058,NA12058,0.165992,-0.297965,0.0655031,-0.09829922,0.01045691,0.03290495,-0.009274655,-0.01891168,-0.005098485,0.001435911,female
NA12144,NA12144,0.1634204,-0.272004,0.07645589,-0.09542614,-0.00675021,-0.02276467,0.004074765,0.009587052,-0.01293785,-0.0136991,male
NA12154,NA12154,0.1700683,-0.2679081,0.04433282,-0.08181097,0.002197485,0.02842469,-0.03981461,-0.002491812,0.0009556859,0.006732596,male
NA12155,NA12155,0.1780896,-0.2895144,0.05903692,-0.08901726,-0.002212769,-0.01086772,0.02116713,-0.007312279,-0.03067038,-0.01201195,male
NA12156,NA12156,0.165499,-0.2746437,0.06428324,-0.09266131,0.006593069,-0.02758823,0.01339174,0.004303046,-0.0006532266,-0.0007150226,female
NA12234,NA12234,0.1726899,-0.2830061,0.06038894,-0.08470226,-0.01620932,-0.006901992,-0.008224495,-0.008881568,-0.05259351,-0.0320428,female
NA12249,NA12249,0.1868209,-0.2613563,0.03614551,-0.08082341,-0.007192406,0.03713686,-0.03249369,-0.004746579,0.004014004,-0.004007318,female
NA12272,NA12272,0.1666123,-0.3083675,0.07313051,-0.09389555,0.007834843,0.003021499,-0.007722479,-0.01244542,0.04718247,0.03817383,male
NA12273,NA12273,0.1734392,-0.2891713,0.06672343,-0.08268467,0.01470439,0.01278124,0.003285095,-0.001586663,-0.01922036,-0.01316853,female
NA12275,NA12275,0.1753041,-0.2746694,0.04667377,-0.06450035,0.009942569,0.03151513,-0.01901116,-0.02577133,-0.01811596,0.05007699,female
NA12282,NA12282,0.1804617,-0.2869909,0.05677776,-0.1025102,-0.003113358,0.01562561,-0.01617301,-0.01453139,-0.00762944,-0.003060965,male
NA12283,NA12283,0.1531619,-0.2769549,0.03418239,-0.07257039,0.01504224,0.02243851,-0.0004701552,0.01120723,0.01185607,0.03542131,female
NA12286,NA12286,0.1900419,-0.2778586,0.04861606,-0.08782715,0.01572903,0.01954848,-0.02307409,0.002096924,-0.0003098778,-0.03438623,male
NA12287,NA12287,0.1765796,-0.2824029,0.05682606,-0.08039668,-0.003843943,0.003974984,0.005465489,0.01508725,-0.03417646,-0.03527823,female
NA12340,NA12340,0.1643933,-0.2949831,0.06209611,-0.1032537,0.01049318,0.01730215,-0.003882765,0.005351116,-0.04603479,-0.1148734,male
NA12341,NA12341,0.1630049,-0.2657972,0.05221578,-0.08440073,0.01857802,0.03875883,-0.009389967,-0.01763233,-0.002229308,0.01177012,female
NA12342,NA12342,0.171482,-0.2920191,0.05843062,-0.08509246,0.01482628,0.009728248,-0.006299004,0.01456848,-0.004519674,0.00165328,male
NA12347,NA12347,0.1757107,-0.2822889,0.06348844,-0.08532722,-0.0002864135,0.008044366,-0.01820445,-0.008641969,-0.01757675,-0.04677798,male
NA12348,NA12348,0.1800465,-0.2858096,0.06889906,-0.08073509,-0.008224555,0.01332804,0.01853386,0.003708277,-0.02362932,-0.01038408,female
NA12383,NA12383,0.1770852,-0.2951596,0.06158423,-0.09781216,-0.013046,0.01318617,0.005804794,-0.004360245,-0.02380695,-0.07376488,female
NA12399,NA12399,0.175964,-0.2790212,0.05970757,-0.06499177,0.006622832,0.01572632,-0.001247693,0.01792178,0.006957384,0.01243066,male
NA12400,NA12400,0.1696167,-0.2893464,0.06447537,-0.07843192,0.007054133,0.02796633,-0.02469744,0.01974868,0.02674739,0.07448476,female
NA12413,NA12413,0.1590082,-0.2775614,0.05557277,-0.07327965,-0.005184073,0.004271492,0.007412191,-0.005985267,0.01909469,0.04297803,male
NA12414,NA12414,0.1767968,-0.283829,0.05616406,-0.0811609,0.000303,0.02690726,-0.01684069,0.000216828,0.02030843,0.02970069,female
NA12489,NA12489,0.1780885,-0.2708845,0.06908061,-0.1019332,0.00714924,0.005219824,-0.00944291,0.01488717,-0.031043,-0.03811118,female
NA12546,NA12546,0.1651085,-0.2929872,0.06027139,-0.06692067,0.01831634,-0.002558847,-0.0217231,0.01027818,0.02143402,0.01404461,male
NA12716,NA12716,0.1735833,-0.2923843,0.07173383,-0.06676591,0.007825674,0.03627749,-0.008053872,0.001443207,-0.02332378,0.02184206,male
NA12717,NA12717,0.1872086,-0.29011,0.05217968,-0.07280442,0.007236443,0.0001250974,-0.01618779,0.01227493,0.01397268,0.01611368,female
NA12718,NA12718,0.1945968,-0.2956202,0.04925798,-0.07430015,0.004431541,0.0100995,-0.01699244,-0.006578126,0.01075423,-0.0186422,female
NA12748,NA12748,0.1757148,-0.2729391,0.06705209,-0.1132729,-0.01438977,0.02800489,-0.02403491,-0.00160942,-0.02360417,-0.03508412,male
NA12749,NA12749,0.1702082,-0.2800104,0.05524125,-0.08370886,-0.02381777,0.01403783,-0.03078855,0.003527326,0.01803821,0.05361255,female
NA12750,NA12750,0.1757929,-0.2781038,0.05182573,-0.0876568,-0.005994566,0.02867517,-0.03944921,-0.00437394,0.01164784,0.02787992,male
NA12751,NA12751,0.1648028,-0.3102618,0.04548328,-0.09287023,0.01931844,0.04129147,-0.02997547,0.0003041248,0.07316676,0.02696556,female
NA12760,NA12760,0.1613445,-0.2688823,0.0502406,-0.09565091,0.0007652032,0.01122976,0.005649186,-0.01722764,-0.02269827,0.06728852,male
NA12761,NA12761,0.1807516,-0.2964449,0.08121061,-0.08644473,-0.01334069,0.02171241,-0.01147964,0.005528464,-0.01829474,-0.03633636,female
NA12762,NA12762,0.1753827,-0.2909497,0.05520033,-0.07914144,0.007852552,0.01026351,0.01329952,0.00898778,-0.0230107,0.009364656,male
NA12763,NA12763,0.1701377,-0.3029421,0.04743893,-0.08413357,0.01737784,0.001680827,0.002738345,-0.006905061,0.002299611,-0.04529606,female
NA12775,NA12775,0.1651642,-0.2876343,0.04274232,-0.07616029,0.001319241,0.02561802,0.01687184,-0.005835232,0.007066753,0.02836543,male
NA12776,NA12776,0.1747355,-0.2794067,0.06633556,-0.08132256,-0.005346841,0.04054229,-0.03136036,-0.002458686,0.04152472,0.01505179,female
NA12777,NA12777,0.1849766,-0.2838272,0.05943079,-0.07918458,0.006122886,0.008931267,-0.01694755,-0.007913228,0.01301134,0.03242191,male
NA12778,NA12778,0.1769092,-0.286699,0.07632278,-0.07556053,0.0001731756,0.009764657,-0.01398306,-0.01274346,-0.01038476,0.07433793,female
NA12812,NA12812,0.1769085,-0.2928967,0.05565329,-0.09199344,0.01367984,0.02641873,-0.01201913,-0.01226409,0.003359003,0.03797579,male
NA12813,NA12813,0.1551873,-0.2939944,0.05028154,-0.08730931,0.007383395,-0.006109532,-0.006317064,0.01672994,-0.02410091,-0.02992167,female
NA12814,NA12814,0.1745988,-0.2814179,0.05751227,-0.09945262,1.826099e-05,0.005460902,-0.02566632,-0.001776221,0.01697624,0.04091565,male
NA12815,NA12815,0.1570585,-0.284789,0.05106514,-0.09471414,-0.007461934,0.03058826,-0.003652088,-0.001880737,-0.01957555,-0.0510856,female
NA12827,NA12827,0.175243,-0.2857402,0.0554757,-0.0965128,-0.01810447,0.01313634,-0.009804378,0.018281,0.002474639,0.03744751,male
NA12828,NA12828,0.194894,-0.291736,0.05386704,-0.08221671,-0.002183866,0.01511684,-0.0002062064,0.01946738,0.007768425,-0.05445687,female
NA12829,NA12829,0.1767761,-0.2871881,0.05547099,-0.07299563,-0.008370887,-0.002136429,-0.003478673,-0.01337701,0.03156266,0.01993235,male
NA12830,NA12830,0.1745644,-0.2874532,0.04740612,-0.08216043,0.01486417,0.01528967,-0.0082651,-0.01926586,0.01164466,0.03673129,female
NA12842,NA12842,0.1866011,-0.2835929,0.05331201,-0.1039338,-0.004857738,0.01725414,-0.03396764,0.008420495,0.0356813,0.064511,male
NA12843,NA12843,0.1687553,-0.278318,0.06328283,-0.09053301,-0.01133291,-0.002092123,-0.01322345,0.003613941,0.001545593,-0.03839334,female
NA12872,NA12872,0.1822906,-0.2867375,0.05022006,-0.1100945,0.009959702,0.01854916,0.009786015,0.01636569,-0.03864064,-8.808703e-05,male
NA12873,NA12873,0.1763567,-0.2809713,0.06976121,-0.07207215,0.008999284,0.01930522,-0.003609352,0.008567877,-0.008827107,0.02288765,female
NA12874,NA12874,0.1644137,-0.2953119,0.05084234,-0.08417922,-0.007195187,0.041089,-0.03099455,-0.0006098564,0.009981396,-0.01735355,male
NA12878,NA12878,0.1859562,-0.2728629,0.05906796,-0.09473288,-0.005945247,0.03464704,-0.05504195,-0.008478257,0.04599335,0.04489352,female
NA12889,NA12889,0.1727727,-0.298888,0.06555248,-0.09860479,-0.0264815,0.01763921,-0.00339958,0.01664833,0.003878495,0.0009697808,male
NA12890,NA12890,0.1609919,-0.2823187,0.06423212,-0.07878405,-0.008737702,0.003584613,-0.01619784,0.01713156,-0.03126989,-0.03330046,female
HG00171,HG00171,0.2001426,-0.2425079,0.08531052,-0.09014636,0.03702396,0.1497378,-0.09846158,-0.02455414,0.00831846,-0.005605252,female
HG00173,HG00173,0.1901181,-0.2316504,0.06524083,-0.06648084,0.03493449,0.1218663,-0.09157867,-0.04670016,0.002019529,-0.01373492,female
HG00174,HG00174,0.1955666,-0.2645552,0.08150309,-0.08516134,0.01897785,0.1130221,-0.06199985,-0.03021256,-0.01733348,-0.05690386,female
HG00176,HG00176,0.1913898,-0.235198,0.07744356,-0.0741661,0.02195029,0.1236583,-0.08454588,-0.05175408,0.01754213,0.003338003,female
HG00177,HG00177,0.1927344,-0.2235976,0.08061747,-0.07773973,0.02835452,0.122971,-0.1111213,-0.04435471,0.003451454,-0.006266134,female
HG00178,HG00178,0.1803605,-0.2465313,0.06462821,-0.08574772,0.0435667,0.1050336,-0.06543744,0.006514597,0.01584057,-0.02183061,female
HG00179,HG00179,0.1948781,-0.2383394,0.06926195,-0.09557877,0.0205519,0.1414986,-0.08276388,-0.04817323,-0.004228394,-0.04280243,female
HG00180,HG00180,0.1817692,-0.2494509,0.06525952,-0.1004221,0.04724581,0.1045993,-0.06144813,-0.02826319,-0.0600668,-0.02929677,female
HG00181,HG00181,0.1594243,-0.2373523,0.07170114,-0.06952404,0.03964985,0.08942312,-0.07991392,-0.01737823,0.04115347,-0.02292263,male
HG00182,HG00182,0.1892947,-0.2341721,0.06753608,-0.07673163,0.04250121,0.1386919,-0.0695236,-0.03078841,-0.006465963,0.01356326,male
HG00183,HG00183,0.1779545,-0.2189119,0.06944684,-0.07650038,0.04448627,0.1212679,-0.07920792,-0.03236289,0.007620253,-0.02283,male
HG00185,HG00185,0.181269,-0.230794,0.07421603,-0.08573757,0.02789226,0.1379487,-0.07766716,-0.03000226,-0.004454639,-0.01839267,male
HG00186,HG00186,0.1819776,-0.268931,0.05638606,-0.08977219,0.03015727,0.1041123,-0.0744913,-0.04210606,-0.01957956,-0.05602603,male
HG00187,HG00187,0.1903344,-0.2514966,0.07557472,-0.08000609,0.04367737,0.1515908,-0.08733432,-0.05229746,0.008665667,-0.02330535,male
HG00188,HG00188,0.1763876,-0.2511003,0.05436668,-0.06524449,0.04757034,0.123869,-0.0888165,-0.040409,-0.01623653,-0.02684267,male
HG00189,HG00189,0.1953355,-0.2131093,0.0774972,-0.09677766,0.01533789,0.1174134,-0.06238384,-0.01609718,0.01830704,0.01267554,male
HG00190,HG00190,0.1794024,-0.271418,0.06196858,-0.08127466,0.002790244,0.07189871,-0.04257328,0.005287997,-0.05024756,-0.05687891,male
HG00266,HG00266,0.1892411,-0.2373545,0.06903049,-0.07950008,0.04365567,0.1152481,-0.1082441,-0.06083488,0.01172791,-0.0008983423,female
HG00267,HG00267,0.205162,-0.2316857,0.0709168,-0.09636389,0.01433684,0.1447167,-0.08498128,-0.0235465,-0.01497703,-0.03283113,male
HG00268,HG00268,0.1817858,-0.2416945,0.05957844,-0.07520825,0.02620755,0.118248,-0.08217296,-0.01616426,-0.01433548,-0.01921266,female
HG00269,HG00269,0.1897076,-0.2421806,0.05919366,-0.08200127,0.06411146,0.1448808,-0.1212977,-0.01805892,-0.004522511,-0.03856107,female
HG00271,HG00271,0.201861,-0.2277237,0.06330084,-0.07348523,0.03177289,0.1691674,-0.1196108,-0.0479452,0.01295583,-0.004216041,male
HG00272,HG00272,0.1880604,-0.2304545,0.05315286,-0.05836868,0.04013158,0.1488081,-0.09799707,-0.02805871,0.02145076,-0.01692588,female
HG00273,HG00273,0.187558,-0.2512217,0.05161781,-0.09207792,0.04438066,0.1215761,-0.05039968,-0.02161822,-0.01168357,-0.01815383,male
HG00274,HG00274,0.2048873,-0.2595027,0.07064229,-0.08280121,0.03334729,0.09941647,-0.0529521,-0.03748589,0.003640518,0.01380053,female
HG00275,HG00275,0.1884275,-0.2509842,0.06802583,-0.08001046,0.03246286,0.08575772,-0.07531472,-0.005215246,-0.02930657,-0.04372121,female
HG00276,HG00276,0.1839984,-0.2444595,0.08048257,-0.07491556,0.0241993,0.1529454,-0.1009435,-0.04149301,0.007885436,0.01424582,female
HG00277,HG00277,0.1728541,-0.2429171,0.06052285,-0.06653745,0.03332953,0.04679532,-0.03114846,-0.0216475,-0.02700744,-0.02074701,male
HG00278,HG00278,0.1891066,-0.2282497,0.07036429,-0.07142853,0.02822658,0.1498245,-0.1093857,-0.03062478,-0.01372763,-0.0147031,male
HG00280,HG00280,0.1826901,-0.2437013,0.07446527,-0.08379855,0.03451476,0.1000046,-0.09052768,-0.03404906,-0.02494564,-0.06550715,male
HG00281,HG00281,0.1933411,-0.2670706,0.0694201,-0.06633929,0.0005780585,0.131463,-0.09100666,-0.02251651,0.01754263,-0.02754367,female
HG00282,HG00282,0.1940044,-0.2472174,0.04708432,-0.08462231,0.05313177,0.1359056,-0.1046793,-0.0173517,0.02581945,0.02647694,female
HG00284,HG00284,0.1967037,-0.2633771,0.07775183,-0.08917849,0.03889004,0.1375269,-0.08120439,-0.01665557,0.0186481,-0.02565881,male
HG00285,HG00285,0.1948895,-0.2410251,0.07689241,-0.06993227,0.03580678,0.140056,-0.08551541,-0.02424772,-0.01837443,0.01247752,female
HG00288,HG00288,0.1825707,-0.2359336,0.0615396,-0.05865213,0.03556057,0.1356232,-0.09837497,-0.02836994,-0.006409507,0.01055118,female
HG00290,HG00290,0.1993088,-0.2293725,0.07059576,-0.06320854,0.04275359,0.1470535,-0.08722173,-0.04763236,0.01418197,0.01522841,male
HG00304,HG00304,0.1931653,-0.2488176,0.0734978,-0.0865686,0.04085646,0.1572274,-0.1161279,-0.028723,0.02436538,-0.03178708,female
HG00306,HG00306,0.1920979,-0.2581646,0.072844,-0.08291652,0.05380244,0.09384906,-0.06967232,-0.02938939,0.01810607,0.01050076,female
HG00308,HG00308,0.1860898,-0.2178473,0.07009208,-0.07338131,0.01952312,0.1444725,-0.08262539,-0.003404718,0.006346967,-0.04220076,male
HG00309,HG00309,0.1794886,-0.2295968,0.09024569,-0.07908122,0.01786583,0.1350091,-0.09437097,-0.02984304,-0.02471825,0.02540037,female
HG00310,HG00310,0.2039085,-0.2524856,0.07605647,-0.08849734,0.0316035,0.09437801,-0.07015442,-0.01152554,-0.01982233,-0.1238397,male
HG00311,HG00311,0.1971694,-0.2677914,0.05915336,-0.0809201,0.01777269,0.0821278,-0.05000334,-0.01337826,-0.006957103,-0.01346122,male
HG00313,HG00313,0.1840893,-0.2436504,0.05525709,-0.07796935,0.0399474,0.1193169,-0.07506325,-0.02851026,-0.00768814,-0.00641223,female
HG00315,HG00315,0.179751,-0.2551035,0.07023859,-0.08779179,0.02812281,0.1306725,-0.0736097,-0.03190672,-0.02233039,-0.06059619,female
HG00318,HG00318,0.1882071,-0.2467442,0.0703464,-0.07790626,0.0338149,0.1357839,-0.08055053,-0.03998677,0.02473524,-0.0009031766,female
HG00319,HG00319,0.1816422,-0.2483771,0.06034658,-0.08070868,0.03861731,0.1097303,-0.08258852,-0.03129954,-0.006887796,-0.0009235879,female
HG00320,HG00320,0.1846813,-0.2332652,0.06716099,-0.08005295,0.02768029,0.1042826,-0.07011505,0.0004549633,0.01102675,-0.02006261,female
HG00321,HG00321,0.190911,-0.2521237,0.07017903,-0.07613812,0.02647637,0.122613,-0.077208,-0.02599261,-0.01986652,-0.07737072,male
HG00323,HG00323,0.1772773,-0.2417451,0.05853781,-0.07354425,0.03063469,0.1378231,-0.09871041,-0.04894378,0.04421879,0.0008582812,female
HG00324,HG00324,0.1896565,-0.2360065,0.0645804,-0.07973541,0.02245424,0.1462226,-0.08224625,-0.02064604,-0.009671548,0.02249463,female
HG00325,HG00325,0.193767,-0.214907,0.06456967,-0.08070221,0.0434274,0.1429578,-0.09773237,-0.0238544,-0.02702382,-0.03788855,male
HG00326,HG00326,0.1870997,-0.2642828,0.06978173,-0.08803593,0.02249246,0.1180921,-0.06783066,-0.0123739,-0.04063124,-0.09490778,female
HG00327,HG00327,0.1986938,-0.2446893,0.07720702,-0.0711564,0.04348893,0.151663,-0.05843308,-0.04434729,-0.006889083,0.005329336,female
HG00328,HG00328,0.1886813,-0.253124,0.07131655,-0.09146761,0.009189369,0.1102689,-0.09146342,-0.01844538,0.003236243,-0.06011629,female
HG00329,HG00329,0.1824696,-0.2678382,0.06181912,-0.09466637,0.01853807,0.0904825,-0.0695889,-0.0175202,0.004396172,-0.05890983,male
HG00330,HG00330,0.1972639,-0.241351,0.07468508,-0.06943541,0.02656202,0.1179651,-0.05881325,-0.01985044,0.00493587,0.02195289,female
HG00331,HG00331,0.1893656,-0.2337083,0.07346779,-0.08777426,0.02798152,0.1051503,-0.07204462,-0.01849361,0.02877414,-0.005525495,female
HG00332,HG00332,0.2009626,-0.2448663,0.0670432,-0.09205496,0.02247845,0.102314,-0.0937037,-0.02090463,0.0258763,0.04251564,female
HG00334,HG00334,0.193618,-0.2428695,0.07172919,-0.0952747,0.02197429,0.1178387,-0.05970987,-0.02602128,-4.9206e-05,0.01026386,female
HG00335,HG00335,0.1913541,-0.2456141,0.07295651,-0.07780758,0.0498421,0.1152719,-0.0828854,-0.02296582,-0.01999575,0.007818422,male
HG00336,HG00336,0.1872885,-0.2391045,0.06176023,-0.0735738,0.04174057,0.1279765,-0.09520436,-0.04717738,0.01284244,-0.03674636,male
HG00337,HG00337,0.1903477,-0.267034,0.04221725,-0.1034067,0.05448234,0.10266,-0.08081899,-0.02860027,-0.007040982,0.03972748,female
HG00338,HG00338,0.1859098,-0.2452342,0.05878131,-0.08556095,0.04485812,0.1220191,-0.07999786,-0.02201529,-0.008168733,-0.02220503,male
HG00339,HG00339,0.1961831,-0.2291952,0.06385048,-0.07826399,0.03964317,0.1130161,-0.08062499,-0.01585149,0.02239097,0.005645871,female
HG00341,HG00341,0.1695469,-0.2460215,0.04872922,-0.07279411,0.02091038,0.08305642,-0.02549723,-0.02066002,-0.01347347,0.004642837,male
HG00342,HG00342,0.1873934,-0.2337483,0.08247005,-0.07560935,0.03405302,0.1381714,-0.08675456,-0.0377583,0.02296909,-0.0210828,male
HG00343,HG00343,0.1892329,-0.2464051,0.0777212,-0.07820691,0.04794765,0.1432501,-0.09105787,-0.03147566,0.01625408,0.002374056,female
HG00344,HG00344,0.1848061,-0.273144,0.06773186,-0.09538191,0.01413092,0.0612655,-0.04906891,0.001002469,0.008488937,-0.03431608,female
HG00345,HG00345,0.1979959,-0.2268305,0.07802696,-0.1090208,0.03116794,0.09723782,-0.07690454,-0.03275541,-0.01177639,-0.05234298,male
HG00346,HG00346,0.18207,-0.251821,0.0682646,-0.05744139,0.03699164,0.09022059,-0.06247156,-0.01720914,0.01646196,-0.01247866,female
HG00349,HG00349,0.1920902,-0.2418478,0.05338623,-0.08446639,0.02166171,0.1448922,-0.07603885,-0.02955947,-0.002603834,-0.02691985,female
HG00350,HG00350,0.1757241,-0.2605425,0.07526963,-0.09522452,0.003294337,0.0559206,-0.06927619,-0.02126063,-0.008605339,0.03897989,female
HG00351,HG00351,0.1866994,-0.247536,0.07044092,-0.07531923,0.04750162,0.1527138,-0.08280112,-0.0504113,0.01451159,-0.0195446,male
HG00353,HG00353,0.1817363,-0.2407144,0.07113486,-0.09561835,0.0213939,0.1095986,-0.08204506,-0.04362755,0.02556504,0.01745855,female
HG00355,HG00355,0.1930265,-0.2490004,0.0579774,-0.08917787,0.04141946,0.1044273,-0.06276903,-0.01614347,-0.03595596,-0.02623565,female
HG00356,HG00356,0.1930159,-0.2430857,0.0747182,-0.07345841,0.02110322,0.1175011,-0.07122026,-0.01590903,-0.002911512,-0.01648583,female
HG00357,HG00357,0.1870609,-0.2762362,0.06823154,-0.09499143,0.02319725,0.1479088,-0.09198787,-0.0530488,0.0136768,-0.00921118,female
HG00358,HG00358,0.1878684,-0.2294076,0.06957083,-0.068371,0.0309894,0.1608091,-0.1190683,-0.04985736,-0.01013312,-0.001817237,male
HG00360,HG00360,0.1781649,-0.2566291,0.0502514,-0.08995493,0.01323426,0.1056899,-0.07423683,-0.02022168,0.01546807,-0.002294181,male
HG00361,HG00361,0.1994515,-0.2159899,0.04260016,-0.0857368,0.05599649,0.1380336,-0.1156108,-0.0432377,-0.02659858,-0.01771169,female
HG00362,HG00362,0.1847003,-0.2504904,0.06026954,-0.0834467,0.01603834,0.1185605,-0.05691206,-0.01849507,0.04491582,0.007942684,female
HG00364,HG00364,0.1859358,-0.2373492,0.07158692,-0.06428934,0.03196851,0.1251608,-0.08761504,-0.01907821,-0.01857513,0.03430408,female
HG00365,HG00365,0.1922222,-0.2353081,0.0627756,-0.05493068,0.0425584,0.1564695,-0.09639642,-0.05189708,-0.01722283,-0.03833167,female
HG00366,HG00366,0.1765528,-0.2599807,0.05990301,-0.06182954,0.02879708,0.1173332,-0.07354965,-0.04377881,0.02064701,-0.04338988,male
HG00367,HG00367,0.1951486,-0.2369887,0.08417336,-0.09135212,0.02491873,0.08626967,-0.06072903,-0.0135124,-0.05530687,-0.1196806,female
HG00368,HG00368,0.1949274,-0.2273516,0.06327966,-0.08189542,0.04071241,0.1745858,-0.1217073,-0.0440924,-0.05503903,-0.02224229,female
HG00369,HG00369,0.2051895,-0.2143079,0.0782132,-0.0658543,0.04088897,0.1396575,-0.09164385,-0.03391917,-0.00374659,-0.0295485,male
HG00371,HG00371,0.1871934,-0.2523955,0.06078869,-0.07169022,0.03345193,0.08318272,-0.07724945,-0.02486634,-0.01617337,-0.05632136,male
HG00372,HG00372,0.1949651,-0.2494439,0.05153569,-0.08802808,0.03803943,0.1216094,-0.09357436,-0.01939524,0.003829601,0.007254364,male
HG00373,HG00373,0.1974625,-0.2433193,0.06904429,-0.08771243,0.04955955,0.1586289,-0.1027752,-0.02755276,-0.03457755,-0.01292761,female
HG00375,HG00375,0.1842825,-0.2348722,0.08630198,-0.08062398,0.04292577,0.1433574,-0.08841433,-0.07108143,-0.04811315,0.02252417,male
HG00376,HG00376,0.1965842,-0.2402528,0.05621765,-0.07300849,0.02778263,0.09698737,-0.0541733,-0.01506596,-0.005164196,-0.01084724,female
HG00378,HG00378,0.200984,-0.2374089,0.06593362,-0.07619085,0.04457519,0.1441883,-0.08499576,-0.02550499,0.002108424,-0.009995592,female
HG00379,HG00379,0.1925585,-0.2469941,0.05158268,-0.07562388,0.02482227,0.1089657,-0.07984264,-0.01202269,-0.01263946,0.003561451,female
HG00380,HG00380,0.1779325,-0.2777102,0.05588509,-0.09246596,0.02002516,0.04833732,-0.05869404,0.0007019108,-0.06326828,-0.05033318,female
HG00381,HG00381,0.1931026,-0.2496499,0.05853986,-0.08408522,0.01921063,0.1335044,-0.08705091,-0.02178349,0.0328117,-0.01993146,female
HG00382,HG00382,0.182609,-0.2347892,0.0746432,-0.06973515,0.02277075,0.1358747,-0.09785496,-0.02841561,0.0005538485,0.0004444789,male
HG00383,HG00383,0.1905107,-0.2437872,0.07246781,-0.07678656,0.01922312,0.1684247,-0.1166755,-0.04403453,-0.0219421,-0.01120491,female
HG00384,HG00384,0.1998713,-0.2253126,0.07251583,-0.05850318,0.01428802,0.09753365,-0.08819615,-0.0578484,-0.02489841,-0.009419206,female
HG00096,HG00096,0.1734804,-0.2762779,0.04921014,-0.09826843,-0.0231706,0.003114601,0.003460164,-0.01077087,0.0003534045,0.007306962,male
HG00097,HG00097,0.163765,-0.2845708,0.04096925,-0.07528662,0.01436561,-0.002656283,0.01361614,-0.004880196,0.02756491,0.03116113,female
HG00099,HG00099,0.1719544,-0.2940916,0.06888591,-0.07228013,0.00904405,0.02376157,-0.02160285,-0.003072422,0.008168172,0.04531677,female
HG00100,HG00100,0.1781299,-0.3022471,0.05356364,-0.09413686,0.000850286,-0.008302962,0.008866622,0.003996628,0.005661512,0.0130531,female
HG00101,HG00101,0.1795827,-0.2637041,0.05465896,-0.07668824,0.01774446,0.007742543,-0.02106791,0.01161711,0.03163174,0.04903094,male
HG00102,HG00102,0.1861407,-0.2856867,0.06145415,-0.08440368,0.001555438,0.06325481,-0.008819277,0.00445583,0.0003189051,0.01874927,female
HG00103,HG00103,0.1673731,-0.2846793,0.04380451,-0.08728862,0.02251395,0.02530036,-0.004948082,0.0008334947,0.01386623,0.003680487,male
HG00105,HG00105,0.1738873,-0.2628278,0.02783055,-0.07509033,0.01036833,0.012183,-0.02012029,-0.004070455,0.03299123,0.05181895,male
HG00106,HG00106,0.1718813,-0.2864022,0.04794661,-0.05954479,-0.0113293,0.004442035,-0.005404244,0.01245342,-0.006032102,-0.02326994,female
HG00107,HG00107,0.168513,-0.2971426,0.07954751,-0.07950518,0.003155047,0.008575499,-0.03823318,-0.01162198,0.003756651,0.005419228,male
HG00108,HG00108,0.1695717,-0.26625,0.07343741,-0.06296121,0.01018573,0.03763745,-0.02218297,-0.02540987,-0.002826183,-0.008795909,male
HG00109,HG00109,0.1849617,-0.2678769,0.06569544,-0.1034051,-0.001437884,-0.0015635,-0.003205468,0.02646091,-0.01521945,-0.01845859,male
HG00110,HG00110,0.1847327,-0.2936686,0.05142955,-0.09190341,0.01046083,0.02243264,-0.02386039,0.004056091,-0.008515025,0.0104894,female
HG00111,HG00111,0.1841188,-0.2737337,0.05338598,-0.06141921,-0.0009382148,0.03655094,-0.03653189,0.01989726,0.0002448244,0.01742388,female
HG00112,HG00112,0.1755111,-0.2823025,0.05442414,-0.08392695,0.007948167,0.0003719579,-0.02225973,0.002961296,0.02302635,0.00585218,male
HG00113,HG00113,0.1736554,-0.2824355,0.06197057,-0.113603,-0.002592263,-0.001765201,0.001721685,0.002238769,0.009016474,0.002127027,male
HG00114,HG00114,0.1712895,-0.2760612,0.06008667,-0.08490246,0.007743931,0.0400447,-0.03168048,-0.004834299,0.009715087,-0.05052832,male
HG00115,HG00115,0.1749698,-0.2907437,0.04473195,-0.07719498,-0.0004475471,0.03343466,-0.006731492,0.01449127,0.03155286,0.006651892,male
HG00116,HG00116,0.1841969,-0.2810233,0.0608978,-0.0846181,-0.007232712,0.02786048,-0.003421677,0.006716057,-0.007875657,0.00500008,male
HG00117,HG00117,0.1842314,-0.2543998,0.04212946,-0.106428,0.004341189,0.03261106,-0.01715515,-0.002585557,0.03135975,0.09048873,male
HG00118,HG00118,0.1766233,-0.284115,0.07043134,-0.07886212,0.01100434,-0.005039267,-0.01141979,5.708868e-05,0.006508667,-0.02014144,female
HG00119,HG00119,0.1905532,-0.2818507,0.06789215,-0.08507595,0.0006498529,0.01994249,-0.01702041,-0.002107592,0.01197968,0.07728065,male
HG00120,HG00120,0.1692539,-0.2777792,0.0573148,-0.09589514,0.008688433,0.005915228,-0.01850983,-0.001159908,-0.005172097,0.03796856,female
HG00121,HG00121,0.1859237,-0.286923,0.0601467,-0.07736919,-0.003637831,0.01445067,-0.01710859,0.0148465,-0.003186626,0.02388836,female
HG00122,HG00122,0.1664884,-0.2808943,0.06602508,-0.09188942,-0.009009996,0.02225059,-0.01077942,-0.01386256,-0.009348515,0.04998104,female
HG00123,HG00123,0.1719958,-0.2963186,0.05748634,-0.0737451,0.003543399,0.02653776,-0.0280207,0.004057728,-0.008854182,0.05545648,female
HG00125,HG00125,0.1676576,-0.2894148,0.06740351,-0.07844229,-0.001457159,0.005993209,-0.0233103,-0.003175248,0.02022859,-0.03689657,female
HG00126,HG00126,0.1742068,-0.285801,0.05355382,-0.08494958,0.01314484,0.01009497,0.009918013,-0.002971041,0.01822421,-0.04478113,male
HG00127,HG00127,0.1859617,-0.2882863,0.05515916,-0.08465847,-0.006027501,0.01005849,0.01543375,-0.003638543,-0.05081196,-0.01794654,female
HG00128,HG00128,0.1632836,-0.2967893,0.04275564,-0.1051486,-0.01552811,0.02779264,-0.03488527,-0.01221368,0.01302981,0.02381634,female
HG00129,HG00129,0.1744391,-0.2768226,0.05896658,-0.06858425,0.02587003,0.01836346,-0.02278698,0.02109243,0.02571503,0.04671069,male
HG00130,HG00130,0.1810532,-0.2938978,0.04219751,-0.09461493,-0.003504167,0.01316204,-0.01536203,0.005842479,-0.01544396,-0.0209072,female
HG00131,HG00131,0.1624799,-0.2841861,0.05766112,-0.07394371,-0.001966665,0.02061584,-0.005619862,0.01143158,-0.01955709,0.01396523,male
HG00132,HG00132,0.1760691,-0.3040278,0.05463007,-0.08585273,-0.002550525,0.0188418,0.0001007053,0.01132803,0.009991575,0.006609405,female
HG00133,HG00133,0.1755459,-0.2802616,0.07228338,-0.09545186,0.006850253,0.005712663,-0.02755525,0.003453371,-0.03096371,-0.0286816,female
HG00136,HG00136,0.1847167,-0.2925048,0.07356712,-0.07988995,-0.007942259,0.02488054,-0.01656462,-0.008749898,0.00846275,-0.06174702,male
HG00137,HG00137,0.1935758,-0.280611,0.04394036,-0.1044197,-0.002248096,0.01364109,-0.002690111,0.008337242,-0.01872527,-0.02160618,female
HG00138,HG00138,0.1724712,-0.2941736,0.05601651,-0.08934253,0.01537897,-0.007520979,0.006408855,-0.006472072,-0.003942807,-0.02495168,male
HG00139,HG00139,0.1693372,-0.2880831,0.05932928,-0.08459807,0.03118228,0.003152934,-0.01869631,0.007351013,-0.01975672,0.04521138,male
HG00140,HG00140,0.172352,-0.2782462,0.06601023,-0.1023365,0.02219497,-0.003834431,0.005414149,0.01937673,-0.01137254,0.01851166,male
HG00141,HG00141,0.1858918,-0.2754782,0.0645531,-0.09103786,0.0178418,0.02822001,-0.01137492,0.00364672,-0.009290583,-0.006892928,male
HG00142,HG00142,0.1682016,-0.2936593,0.07196443,-0.08472322,0.002987088,0.0188085,-0.01175971,0.01724223,-0.01456738,0.03120523,male
HG00143,HG00143,0.1683506,-0.2929161,0.06742775,-0.08222263,-0.01335467,0.006939493,0.004494031,0.01397957,0.000622401,0.01073502,male
HG00145,HG00145,0.1751642,-0.2746129,0.05734481,-0.07437877,-0.006421602,0.02447921,-0.02398996,0.0143387,0.01671618,-0.03084718,male
HG00146,HG00146,0.1724911,-0.2877761,0.0670371,-0.08558171,-0.03012588,0.01991818,-0.01055721,-0.007228289,0.006824709,0.05832921,female
HG00148,HG00148,0.1716029,-0.2766982,0.05846374,-0.1018627,-0.008647403,0.01959753,-0.00831585,0.01339632,0.05500617,0.02776101,male
HG00149,HG00149,0.1797579,-0.3050151,0.08313357,-0.08434782,-0.02232761,0.04452699,-0.02023379,-0.01253604,0.009976704,0.02097158,male
HG00150,HG00150,0.183398,-0.2867688,0.06051608,-0.08738657,-0.01671376,0.002674485,-0.003607096,0.01890957,-0.02512141,-0.06480001,female
HG00151,HG00151,0.1812733,-0.2815236,0.05143081,-0.08369836,-0.03409891,0.002675804,-0.01567027,-0.008395,0.005350609,0.05109857,male
HG00154,HG00154,0.1657966,-0.284026,0.06056703,-0.08745611,0.004109887,0.01855094,-0.03266868,0.01564806,0.04460099,0.006706059,female
HG00155,HG00155,0.1797884,-0.2974777,0.03998883,-0.07835372,0.001455344,0.02476113,-0.01671259,0.001675795,-0.004126844,-0.003786145,male
HG00157,HG00157,0.1712754,-0.256808,0.06387436,-0.08486558,0.0168403,0.03859101,-0.02766306,0.004383592,0.02588204,0.002434443,male
HG00158,HG00158,0.1778104,-0.2774933,0.07326141,-0.07666643,-0.01102535,0.01090491,-0.006449746,0.01239788,-0.0572681,-0.05969801,female
HG00159,HG00159,0.1726096,-0.2765473,0.06608351,-0.08195762,-0.01239255,0.01168109,-0.003698588,-0.01131906,-0.02324502,-0.05061122,male
HG00160,HG00160,0.1791254,-0.2955578,0.066791,-0.1004162,0.002381563,0.01056149,-0.009424578,0.01887984,-0.03819152,-0.02638447,male
HG00231,HG00231,0.1745446,-0.2964504,0.05559736,-0.0854883,0.01269062,-0.003936217,-0.004148813,-0.01594845,-0.01324393,0.01332356,female
HG00232,HG00232,0.1743005,-0.2786244,0.05073709,-0.07367325,0.004775382,0.0173062,0.002195629,-0.01065447,0.01129836,0.03535509,female
HG00233,HG00233,0.173816,-0.2787748,0.05550915,-0.07617711,-0.0105251,-0.001931179,0.00327883,0.001963121,-0.03842185,-0.02743238,female
HG00234,HG00234,0.164209,-0.2815965,0.04362626,-0.07516824,0.01974549,0.01915253,-0.01401422,0.007764734,-0.01725543,-0.03286299,male
HG00235,HG00235,0.173294,-0.2764573,0.06635234,-0.08800545,0.01629222,0.02050581,-0.00592296,0.001690514,0.04397523,0.05755026,female
HG00236,HG00236,0.1648594,-0.2911361,0.06078284,-0.08271203,0.008601183,0.0187426,-0.03114911,0.00149373,0.008240073,0.04165836,female
HG00237,HG00237,0.1669633,-0.2814229,0.0488056,-0.09091922,-0.02169143,0.01251602,0.009698161,-0.00537164,-0.0121781,-0.00488169,female
HG00238,HG00238,0.1628763,-0.263273,0.05174054,-0.06550339,-0.003661044,-0.02936142,-0.00863543,0.01459696,-0.02923892,-0.002463564,female
HG00239,HG00239,0.1611962,-0.2995719,0.05674939,-0.08178513,-0.01027254,0.009060115,0.004935389,-0.01340291,-0.004061123,-0.05720306,female
HG00240,HG00240,0.1666855,-0.2909376,0.06733236,-0.0911628,-0.01888132,-0.001288587,0.003497347,0.011139,-0.03925292,-0.08924295,female
HG00242,HG00242,0.1675011,-0.2865233,0.0636135,-0.08593379,0.005659141,0.009861113,-0.02775473,0.005836524,-0.01049325,-0.008868455,male
HG00243,HG00243,0.1836639,-0.2850459,0.03994026,-0.06788369,0.00173745,-0.001334227,-0.009448726,0.01336956,0.04616701,-0.01573145,male
HG00244,HG00244,0.1597716,-0.2831364,0.08039087,-0.07072281,0.005032237,0.009961947,-0.03205188,-0.002656109,0.02292629,-0.0005577682,male
HG00245,HG00245,0.1810524,-0.2741892,0.04850987,-0.08266389,-0.01406468,0.01184755,-0.01539212,0.003039938,0.017165,0.05745052,female
HG00246,HG00246,0.1810359,-0.2868458,0.06007777,-0.0742344,-0.0009058147,0.00471144,-0.007384956,0.03143883,-0.02610402,-0.009487831,male
HG00250,HG00250,0.1912352,-0.2675422,0.03859048,-0.06344358,-0.00396407,-0.001941271,-0.0423802,-0.01127644,0.006372153,0.01903962,female
HG00251,HG00251,0.1756088,-0.2791893,0.0497843,-0.07997881,-0.009038654,0.01514426,0.006356695,0.01425809,0.03320421,0.00431493,male
HG00252,HG00252,0.1782042,-0.2850479,0.04428093,-0.08662982,-0.003510682,-0.004273592,0.008437539,-0.01894642,-0.01526313,-0.03216471,male
HG00253,HG00253,0.1596101,-0.2977964,0.08523496,-0.1009268,0.0162618,0.01849799,-0.01808763,-0.00239236,-0.001753762,0.04818767,female
HG00254,HG00254,0.171499,-0.2801001,0.05954387,-0.07932993,-0.006161223,-0.003299368,-0.01047892,0.001498693,-0.006025011,-0.05719966,female
HG00255,HG00255,0.1821752,-0.2822298,0.05668461,-0.1176738,-0.006642031,0.01712531,-0.00474142,-0.004545537,0.006545321,0.02731188,female
HG00256,HG00256,0.1661174,-0.2809281,0.05827968,-0.1045621,-0.002502735,0.03045594,-0.004327176,0.002659751,-0.01799694,-0.03532519,male
HG00257,HG00257,0.1756292,-0.2830364,0.04803159,-0.0773626,-0.009159272,0.02839265,-0.01009799,0.001532408,0.0100315,0.05201161,female
HG00258,HG00258,0.1778064,-0.2880923,0.0543554,-0.09130331,-0.005782006,0.01497422,0.002560998,-0.02570223,0.01476994,0.03920343,female
HG00259,HG00259,0.1746363,-0.2856318,0.0482406,-0.1009849,-0.005423244,0.02792335,-0.009535926,-0.005811432,0.06615876,0.05551083,female
HG00260,HG00260,0.176144,-0.2963349,0.0591889,-0.1031486,-0.003419944,0.009048286,-0.0217575,0.002595235,-0.0008311902,-0.02384841,male
HG00261,HG00261,0.1695603,-0.2815846,0.06139746,-0.09487518,-0.01345749,0.0007950359,-0.01109805,0.01013522,0.02916884,0.03329235,female
HG00262,HG00262,0.1835575,-0.2809748,0.07067184,-0.1039474,0.01903397,0.03325729,-0.03178602,-0.004637076,-0.02205666,0.02964123,female
HG00263,HG00263,0.1712364,-0.293479,0.05915496,-0.06888614,0.008492948,-0.009061302,-0.002707099,-0.002228228,-0.002691346,0.006326673,female
HG00264,HG00264,0.1688509,-0.2903947,0.0832758,-0.08640912,0.001969307,0.03460167,-0.01287821,-0.02562281,0.0283079,0.00970093,male
HG00265,HG00265,0.1782469,-0.3007127,0.04240996,-0.09187517,0.008943184,-0.01176885,-0.004517588,0.005012429,-0.005303393,0.02181561,male
HG01334,HG01334,0.1655912,-0.2800661,0.07630997,-0.09331706,0.01908437,0.001027023,-0.01427734,0.01948053,-0.004239028,-0.03946879,male
HG01789,HG01789,0.1833495,-0.2767965,0.0532469,-0.09528998,-0.02629699,-0.004753716,0.004781515,0.0129638,-0.0180862,-0.03404111,male
HG01790,HG01790,0.1692559,-0.2717679,0.04555889,-0.08068136,0.0002903325,0.005910975,-0.03650147,-0.001427073,0.02741208,0.02890291,female
HG01791,HG01791,0.164969,-0.2966914,0.05378307,-0.08364238,0.004147159,-0.02561056,0.0008350576,0.01074213,-0.0378959,-0.03508381,male
HG02215,HG02215,0.1746493,-0.2842458,0.06196071,-0.08634066,0.01111772,0.03788191,-0.02619341,-0.01210061,-0.007293971,0.03897199,female
HG01500,HG01500,0.1521135,-0.2547716,0.05006312,-0.07865392,0.01328729,-0.03499558,0.04771095,-0.005073986,0.01087523,-0.03817044,male
HG01501,HG01501,0.142238,-0.2797225,0.05818331,-0.08772574,-0.02122799,-0.01520074,0.02161569,-0.0009644312,0.02694622,0.02666213,female
HG01503,HG01503,0.1512719,-0.2762061,0.064149,-0.1001576,-0.00447519,-0.05933134,0.03001398,0.01208312,-0.0007358921,-0.01938164,male
HG01504,HG01504,0.1607311,-0.2885878,0.04707696,-0.09841691,0.01358934,-0.06298584,0.04227086,-0.01119426,0.02149724,-0.01881192,female
HG01506,HG01506,0.1456218,-0.2768883,0.04269759,-0.08425058,-0.00111159,-0.04444279,0.01123357,0.01326163,0.00137569,-0.00344414,male
HG01507,HG01507,0.1725011,-0.2648255,0.05128521,-0.07287408,-0.01153806,-0.04076495,0.02963295,0.0104722,0.004368109,-0.02061255,female
HG01509,HG01509,0.1433196,-0.2825855,0.0489252,-0.08444411,0.003636461,-0.03389995,0.04005906,-0.002467017,0.01880388,0.0394729,male
HG01510,HG01510,0.154183,-0.2825247,0.0620893,-0.1009812,-0.004073058,-0.03031234,0.03831662,0.001844802,-0.01955822,-0.02108574,female
HG01512,HG01512,0.1559253,-0.3062396,0.07522234,-0.0844399,-0.0008746994,-0.05066493,0.01400259,0.01566071,0.008570954,-0.02947451,male
HG01513,HG01513,0.1649147,-0.289095,0.05137245,-0.08841375,-0.006866697,-0.01627097,0.02771775,0.01342316,-0.001898739,0.02967341,female
HG01515,HG01515,0.1707937,-0.2870527,0.05617087,-0.1090683,0.008152754,-0.03276788,0.02775757,0.002060167,0.04968073,0.06417147,male
HG01516,HG01516,0.1733529,-0.2889865,0.080515,-0.1048478,-0.02389752,-0.04249475,0.03343341,0.01024252,0.007492789,-0.04709837,female
HG01518,HG01518,0.1608457,-0.2905336,0.07155254,-0.08620494,-0.0002659614,-0.02618409,0.0007923992,0.007189865,0.01807716,0.02383151,male
HG01519,HG01519,0.1660748,-0.3091399,0.08784716,-0.09142462,-0.02585472,-0.03410865,0.01712588,0.01285646,0.01008696,-0.06894052,female
HG01521,HG01521,0.1685944,-0.2954275,0.0633952,-0.09556888,0.01155996,-0.00852413,0.03478917,0.009152708,0.03669245,0.0347412,male
HG01522,HG01522,0.1695661,-0.2607715,0.06421811,-0.1038853,0.0002265891,-0.01734664,0.0108369,0.000628537,0.04399188,0.03023562,female
HG01524,HG01524,0.1432363,-0.2810311,0.06767016,-0.1089265,0.004403964,-0.03827241,0.008592787,0.01714877,-0.01777335,-0.0397026,male
HG01525,HG01525,0.1583512,-0.2721717,0.07329993,-0.1091752,-0.01880148,-0.04818849,0.04788177,0.01242954,0.02956034,-0.02178091,female
HG01527,HG01527,0.1271959,-0.2814365,0.05931733,-0.08569959,0.0003668856,-0.06435698,0.03296952,0.02560982,-0.001118482,-0.02002318,male
HG01528,HG01528,0.142956,-0.2860264,0.06162661,-0.08872122,-0.01627779,-0.03919652,0.03612086,0.01158872,0.02506798,0.06094191,female
HG01530,HG01530,0.1450775,-0.2605626,0.05740141,-0.104541,-0.009422676,-0.02437522,0.03598775,-0.001947457,-0.005801958,0.02082207,male
HG01531,HG01531,0.1432081,-0.2863501,0.06049261,-0.1017828,-0.009595048,-0.05475956,0.02852322,0.01387798,-0.01621558,-0.02243168,female
HG01536,HG01536,0.1560181,-0.2846511,0.06779027,-0.1120323,-0.005749212,-0.02950884,0.01156972,0.003921508,-0.0008962554,0.006289365,male
HG01537,HG01537,0.1577354,-0.2762458,0.06068607,-0.09302254,-0.00993561,-0.01845325,0.02524438,0.006715023,-0.01109753,0.04025091,female
HG01602,HG01602,0.1456235,-0.2791337,0.08036429,-0.0919458,-0.01927533,-0.07078823,0.005790615,0.01601784,-0.02195902,-0.04179698,female
HG01603,HG01603,0.1631739,-0.2758965,0.04880309,-0.08825287,0.001890549,-0.04475802,0.05725477,0.02024257,-0.03827914,-0.003626318,male
HG01605,HG01605,0.1603785,-0.2823231,0.05619491,-0.0992932,-0.01251673,-0.05050074,0.02123665,-0.006097241,-0.02117794,-0.01393688,female
HG01606,HG01606,0.1648383,-0.280709,0.06979667,-0.09604793,-0.02221746,-0.04171784,0.03529977,0.01121164,-0.006140611,-0.01632641,male
HG01607,HG01607,0.1573725,-0.2765744,0.05919404,-0.07547387,-0.01457965,-0.03711391,0.02474402,0.001263708,0.01045653,0.04982335,female
HG01608,HG01608,0.1636895,-0.2868172,0.07151704,-0.08183961,-0.01304677,-0.04196001,0.02466076,-0.009659574,-0.003181764,0.04458705,male
HG01610,HG01610,0.1598031,-0.2751368,0.06056444,-0.09210881,-0.0101943,-0.04252077,0.03186138,0.003896689,-0.0119759,-0.01045113,male
HG01612,HG01612,0.1492621,-0.27393,0.08496535,-0.1000915,-0.004936205,-0.0311853,0.03464259,-0.008477681,0.03000847,0.02562829,female
HG01613,HG01613,0.1414184,-0.2741181,0.04495684,-0.07641624,-0.004172451,-0.05807608,0.02369742,0.01078964,-0.001313665,0.05829164,female
HG01615,HG01615,0.1490805,-0.2913569,0.04368074,-0.07376626,-0.02124399,-0.03911458,0.0395444,0.01472526,0.0222711,0.04398009,male
HG01617,HG01617,0.1604226,-0.2715059,0.05240738,-0.09096346,-0.02396503,-0.02327372,0.03883147,0.01329769,-0.02911733,-0.01165619,male
HG01618,HG01618,0.145493,-0.2699798,0.06649676,-0.08661789,0.01949255,-0.01492895,0.02727923,0.007329019,0.02419924,0.02990814,female
HG01619,HG01619,0.1515987,-0.2945089,0.05353095,-0.1032434,0.01736588,-0.04231815,0.02213738,-0.01716779,0.06169923,0.05682611,male
HG01620,HG01620,0.1463348,-0.2677301,0.069766,-0.0907695,0.01480329,-0.01968332,0.04486535,0.002663751,-0.00600297,0.04412436,female
HG01623,HG01623,0.1393551,-0.2747473,0.04747981,-0.09993205,-0.0007370232,-0.02653208,0.01716406,-0.01577909,0.003201203,0.07921555,female
HG01624,HG01624,0.1406954,-0.2821069,0.06432814,-0.09123346,-0.0318913,-0.05721413,0.02297929,0.01949995,0.03620546,0.0512205,male
HG01625,HG01625,0.1586676,-0.2967847,0.06084571,-0.08156576,-0.01615062,-0.04099845,0.04869413,0.03101103,0.02291505,-0.0138888,male
HG01626,HG01626,0.1441492,-0.2761532,0.05148394,-0.07036245,-0.009862513,-0.06841166,0.03212499,0.0191535,-0.04624926,0.01125186,female
HG01628,HG01628,0.1269896,-0.2768864,0.04815138,-0.06609277,-0.0129751,-0.04445632,0.03257285,0.0002939512,0.03526217,0.008548712,female
HG01630,HG01630,0.130922,-0.2612254,0.04569976,-0.09099144,-0.004786478,-0.05150337,0.04468744,0.0131386,-0.006498062,0.005791748,male
HG01631,HG01631,0.1683392,-0.2988902,0.05854998,-0.09228934,-0.02481838,-0.07993451,0.03905611,0.007647417,-0.03581902,-0.1056446,male
HG01632,HG01632,0.1647748,-0.2747028,0.06292953,-0.1067878,-0.01137139,-0.0594685,0.02436714,0.05742886,-0.06032617,-0.06290345,female
HG01668,HG01668,0.1552444,-0.2729315,0.05924021,-0.08948591,-0.01330169,-0.02185796,0.005473093,0.0002930238,0.01530773,0.06751501,female
HG01669,HG01669,0.106479,-0.277178,0.06082427,-0.08964917,-0.01372399,-0.01937728,0.03567286,0.001231343,-0.009618666,0.003074128,male
HG01670,HG01670,0.1640873,-0.2733178,0.05377025,-0.08122859,-0.005683521,-0.04019903,0.03229752,-0.006268664,-0.0074239,0.0183257,female
HG01672,HG01672,0.1656189,-0.3006014,0.05720589,-0.0782038,-0.02427528,-0.03410762,0.01942022,0.006445335,-0.00958838,-0.02228362,male
HG01673,HG01673,0.1535468,-0.2929854,0.06765142,-0.08358853,-0.004444334,-0.0365671,0.003010453,0.01341014,-0.01133807,-0.08170963,female
HG01675,HG01675,0.1537912,-0.3053877,0.06831294,-0.1142472,-0.004685592,-0.04942891,0.01795084,0.005803005,-0.0337046,-0.007883738,male
HG01676,HG01676,0.1650011,-0.3024166,0.0771463,-0.1135358,-0.001967785,-0.03184647,0.03519441,0.01183888,-0.03587499,-0.0533485,female
HG01678,HG01678,0.149714,-0.2740094,0.0569298,-0.1148613,-0.02260217,-0.03426967,0.009711406,0.006848754,-0.01591427,0.02749939,male
HG01679,HG01679,0.1540234,-0.2843162,0.08315405,-0.09646707,-0.0159788,-0.03121805,0.02332423,-0.01154678,0.01350614,0.03784,female
HG01680,HG01680,0.1522597,-0.2812974,0.06681472,-0.08818142,-0.00150198,-0.03031653,0.02039539,0.001235211,0.02596389,0.054598,male
HG01682,HG01682,0.1689565,-0.2883882,0.06148577,-0.1098446,-0.0190156,-0.04033892,0.03210344,-0.001497739,0.02779511,-0.01768044,male
HG01684,HG01684,0.1777348,-0.2691694,0.0426617,-0.07772204,0.01902389,-0.03128664,0.03486582,0.02099315,0.01471221,-0.01275522,female
HG01685,HG01685,0.1575818,-0.2708035,0.07069135,-0.08906919,-0.01804381,-0.01606035,0.008018606,-0.01050349,0.02040342,0.0185642,female
HG01686,HG01686,0.1457058,-0.2893106,0.06292977,-0.08158105,-0.02108936,-0.02577495,-0.002231643,-0.008999372,-0.006110937,0.06663629,male
HG01694,HG01694,0.1179924,-0.2612138,0.05328641,-0.07936442,0.01261404,-0.05535607,0.01738742,-0.006806996,0.004201561,0.03244231,male
HG01695,HG01695,0.125934,-0.2664876,0.06195895,-0.1029567,-0.01341443,-0.06037739,0.04047136,-0.005799032,-0.03441947,0.009585743,female
HG01697,HG01697,0.1504575,-0.2705656,0.04676082,-0.08216465,0.008132877,-0.03338689,0.03920965,-0.001099319,-0.006131937,0.07068256,female
HG01699,HG01699,0.147067,-0.2743961,0.04960396,-0.08020761,-0.04319823,-0.02077764,0.03717944,0.02430708,-0.04969965,-0.02235749,male
HG01700,HG01700,0.1835924,-0.2818307,0.07005219,-0.08956523,0.0002376311,-0.03053368,0.03234623,0.01585727,0.02581844,0.02864918,male
HG01702,HG01702,0.172269,-0.2965897,0.08577651,-0.09504428,-0.009834298,-0.04976814,0.02246384,0.009323609,0.04765647,0.05445107,female
HG01704,HG01704,0.1367455,-0.2607049,0.06127704,-0.08469774,0.00303763,-0.04199609,0.01615092,-0.004415956,0.008374269,0.03002235,female
HG01705,HG01705,0.1323626,-0.2680016,0.0682495,-0.09547229,0.0164378,-0.002421628,0.02318645,0.005363359,0.03510099,0.02135079,male
HG01707,HG01707,0.1420758,-0.2637692,0.08291483,-0.09366333,-0.004290903,-0.0156429,0.0118919,-0.004724286,0.000549684,0.0279361,female
HG01708,HG01708,0.1568109,-0.2711978,0.06584442,-0.06629479,-0.03874867,-0.03247401,0.01697747,-0.02516327,0.01928039,0.06380152,male
HG01709,HG01709,0.137969,-0.2609186,0.05211645,-0.1028798,-0.007234366,-0.02631554,0.01308167,0.01702507,-0.02227925,0.02669132,male
HG01710,HG01710,0.1476984,-0.2903959,0.0425232,-0.08061404,-0.01636203,-0.01854934,0.0264131,-0.009297647,-0.004366283,0.02399676,female
HG01746,HG01746,0.1562341,-0.2803068,0.05983165,-0.09811908,-0.02189472,-0.04334553,0.05993533,0.01030566,0.01479103,0.002577236,female
HG01747,HG01747,0.1613513,-0.2917004,0.06068924,-0.07409889,-0.008437326,-0.05447879,0.01202057,0.01697936,-0.01359929,-0.0422824,male
HG01756,HG01756,0.1520198,-0.2654146,0.0641783,-0.101835,-0.006312878,-0.03280765,0.0437899,0.01222623,-0.04904609,-0.007174125,male
HG01757,HG01757,0.1495462,-0.2642132,0.06333197,-0.07755823,-0.002054883,-0.02224816,-0.004023516,-0.01418115,0.02971093,0.04882937,female
HG01761,HG01761,0.1486989,-0.2903696,0.06371718,-0.09297269,0.02725292,-0.04665308,0.03441615,0.006888753,0.01987354,-0.05310754,male
HG01762,HG01762,0.1482154,-0.2759832,0.06590889,-0.1077155,-0.008190788,-0.02280916,0.02726529,0.01018156,0.01821301,0.03144083,female
HG01765,HG01765,0.1501329,-0.2901499,0.05412931,-0.08143595,-0.002965682,-0.02326752,0.02256315,-0.002869012,0.01805196,0.02294182,male
HG01766,HG01766,0.1468486,-0.2706024,0.02709712,-0.0989517,0.01228339,-0.05792221,0.02444982,0.01988776,0.007477893,0.002672815,female
HG01767,HG01767,0.1588738,-0.2822322,0.05711115,-0.08813255,-0.008425542,-0.04166314,0.02344477,-0.00650102,-0.008528013,0.02806117,male
HG01768,HG01768,0.1581677,-0.2984157,0.06056051,-0.1005694,-0.002453937,-0.06005246,0.03765183,0.03336856,-0.01192096,-0.06961593,female
HG01770,HG01770,0.152804,-0.273838,0.07806566,-0.08331431,-0.02817696,-0.04666119,0.03959546,0.001877993,-0.02360074,-0.002858517,female
HG01771,HG01771,0.1580227,-0.291857,0.07543274,-0.09622188,-0.001991631,-0.02815703,0.01894908,0.01211498,0.006254405,0.02972908,male
HG01773,HG01773,0.1664618,-0.3027652,0.03966817,-0.09070141,-0.02543275,-0.01134945,0.0305454,0.0005392664,0.02322392,0.02641105,female
HG01775,HG01775,0.1568895,-0.2937997,0.08629671,-0.1040897,-0.02231736,-0.0118955,0.01917839,-0.000704071,0.02266756,0.03850929,male
HG01776,HG01776,0.1702664,-0.2815312,0.07746477,-0.08345163,-0.02922629,-0.03977748,0.0198815,0.01781192,0.0005606754,-0.03527242,female
HG01777,HG01777,0.1534891,-0.2819324,0.08244638,-0.106775,-0.00556903,-0.02197386,0.02479017,0.005514186,-0.007691827,3.84333e-05,male
HG01779,HG01779,0.1496931,-0.2918908,0.07335616,-0.09224086,0.02624907,-0.03751253,0.01905695,0.01169548,0.006073692,0.02637174,female
HG01781,HG01781,0.1480895,-0.2955265,0.06218452,-0.09746402,-0.01451075,-0.03828371,0.05201605,-0.00105181,0.01921272,-0.01300327,male
HG01783,HG01783,0.1497078,-0.2710041,0.05429405,-0.08919978,0.005302195,-0.02920835,0.006861233,-0.004394546,0.01824481,0.04111729,male
HG01784,HG01784,0.1483483,-0.2733119,0.03947015,-0.08596296,-0.01177263,-0.04085417,0.01764558,-0.01233609,0.0219964,0.02162279,female
HG01785,HG01785,0.1707872,-0.2909854,0.04475553,-0.1008292,0.02345203,-0.04519701,0.02646642,0.0005336317,-0.01134969,0.05050059,male
HG01786,HG01786,0.1678144,-0.2924031,0.04911792,-0.08825252,-0.0123421,-0.06002566,0.01067639,-0.009197404,-0.02019359,-0.02558252,female
HG02219,HG02219,0.151286,-0.2826604,0.06110563,-0.0947534,-0.001781324,-0.04988093,0.02708293,0.01308995,0.01351653,-0.00693201,male
HG02220,HG02220,0.1571917,-0.2733102,0.04724541,-0.08377156,-0.02070467,-0.005835434,0.006483683,0.0146286,0.007052485,0.06650897,female
HG02221,HG02221,0.1521421,-0.2873526,0.05947208,-0.1010621,-0.02150023,-0.03553,0.03157212,0.002866619,-0.009922187,0.05050817,male
HG02223,HG02223,0.1614708,-0.2766613,0.06451787,-0.08499239,-0.0162919,-0.01405524,0.01578319,-0.006514692,0.06453872,0.0629529,female
HG02224,HG02224,0.1534604,-0.2873572,0.06842197,-0.08525203,-0.01022334,-0.02261581,0.01398732,-0.008992523,0.01833706,0.05014444,male
HG02230,HG02230,0.1679082,-0.2952436,0.06090946,-0.09571701,0.02645854,-0.04014466,0.01124696,-0.01817611,0.02068576,0.0174869,female
HG02231,HG02231,0.1667239,-0.3096733,0.04673748,-0.08577262,-0.004104617,-0.04135566,0.02375794,-0.004152328,-0.001476334,-0.03165167,male
HG02232,HG02232,0.1498693,-0.277511,0.07018358,-0.1037586,-0.008619473,-0.0478352,0.03538494,0.0006071527,-0.01900763,-0.02308011,female
HG02233,HG02233,0.1592974,-0.2663351,0.05010582,-0.08677835,-0.0001089372,-0.0486143,0.05605663,0.01475284,0.01081035,0.01584237,male
HG02235,HG02235,0.1545237,-0.2784546,0.05628984,-0.07032243,-0.02536661,-0.01374573,0.02134396,0.01338783,0.04616328,0.08299929,female
HG02236,HG02236,0.1618673,-0.2871487,0.0685059,-0.09957511,-0.01740959,-0.01950866,0.006143531,0.01322087,0.02915939,0.01176158,male
HG02238,HG02238,0.1604435,-0.2682678,0.06542233,-0.08047964,-0.01486047,-0.05131174,0.04964244,0.01763697,0.03353113,0.04341038,male
HG02239,HG02239,0.1463889,-0.2754958,0.05485581,-0.08841087,0.001943635,-0.05155529,0.02665061,0.006217874,0.01755947,0.004641409,female
NA20502,NA20502,0.150058,-0.2757613,0.05784729,-0.1013274,-0.003918375,-0.05721595,0.0316771,0.02066636,0.021131,0.03438436,female
NA20503,NA20503,0.1703953,-0.2687886,0.04720447,-0.1101814,-0.0004391393,-0.0537287,0.02361314,0.01667717,0.000632884,-0.01446409,female
NA20504,NA20504,0.1653519,-0.2748602,0.02323859,-0.07503123,-0.01902443,-0.0622535,0.02367116,-0.008014487,0.03077289,0.01262862,female
NA20505,NA20505,0.1517057,-0.2808284,0.08652169,-0.09411158,-0.007617874,-0.0633931,0.037661,0.02199516,-0.01638403,-0.001637105,female
NA20506,NA20506,0.1839564,-0.2694715,0.04198939,-0.08996877,-0.0248473,-0.05870191,0.0286216,0.01016442,-0.02658696,-0.02184261,female
NA20507,NA20507,0.1619972,-0.2858915,0.0376322,-0.07726894,-0.03307605,-0.03332172,0.02112725,0.01401931,0.0056492,0.01404015,female
NA20508,NA20508,0.1581627,-0.2873609,0.05949221,-0.06733593,-0.01463049,-0.04312027,0.0314333,0.008222737,0.02878354,0.05710108,female
NA20509,NA20509,0.1470568,-0.2916878,0.05499431,-0.09043824,-0.002273889,-0.07350123,0.07127777,-0.01435343,-0.06279434,-0.07070784,male
NA20510,NA20510,0.1630222,-0.2864029,0.06573848,-0.1158903,0.02031313,-0.0549556,0.02036149,0.01271022,-0.002821093,0.03810158,male
NA20511,NA20511,0.1768687,-0.2888855,0.03327193,-0.08456743,-0.0248186,-0.05401642,0.05118012,0.0231728,-0.04655086,-0.04622088,male
NA20512,NA20512,0.1546409,-0.2907514,0.05104351,-0.09877679,-0.02790189,-0.07388985,0.0394609,0.02662909,-0.01556911,-0.04444674,male
NA20513,NA20513,0.1467895,-0.291727,0.04227937,-0.09908699,-0.01710561,-0.07041234,0.04966474,0.0136016,-0.01716488,-0.03281642,male
NA20514,NA20514,0.1739743,-0.2972194,0.04436155,-0.07494538,-0.01647922,-0.02998131,0.03482321,0.01710324,0.03573351,0.02587802,female
NA20515,NA20515,0.1551113,-0.2875821,0.0474504,-0.08665122,-0.0234086,-0.06217612,0.02471482,0.03582654,-0.04708845,-0.11513,male
NA20516,NA20516,0.1646185,-0.283531,0.04562772,-0.1008295,-0.02465872,-0.06243349,0.02963552,0.04908392,-0.01703759,-0.03528699,male
NA20517,NA20517,0.1554072,-0.2773937,0.06140427,-0.09806883,0.006688929,-0.05203807,0.03355278,0.002229246,0.005120313,-0.01583338,female
NA20518,NA20518,0.1520612,-0.2728706,0.05358514,-0.08670111,0.003380821,-0.0310873,0.01309459,0.0124446,-0.01486465,0.0559467,male
NA20519,NA20519,0.148405,-0.2714589,0.03548504,-0.07763784,0.001256561,-0.08366171,0.04187394,0.005984911,-0.005279187,-0.04117772,male
NA20520,NA20520,0.1536452,-0.2859599,0.02926247,-0.09029304,-0.01290546,-0.04995454,0.02707179,0.02480651,-0.05206274,-0.01578955,male
NA20521,NA20521,0.1645374,-0.3006923,0.04514442,-0.1099332,-0.01136243,-0.04507281,0.01749943,0.0287498,0.01903828,0.01245664,male
NA20522,NA20522,0.1612029,-0.2857857,0.06523553,-0.07884509,-0.005699053,-0.06498966,0.05703786,0.01708776,0.0008052241,-0.03129884,female
NA20524,NA20524,0.171827,-0.2701346,0.06979204,-0.1108368,-0.005748312,-0.02701434,0.032873,0.01602484,0.02544181,0.02340405,male
NA20525,NA20525,0.1635753,-0.27126,0.0314266,-0.08037318,-0.003465636,-0.02928427,0.03510427,0.01993265,0.004773757,0.05203625,male
NA20527,NA20527,0.1659545,-0.2826507,0.05437084,-0.07306571,-0.008852896,-0.06628003,0.03581009,0.003753806,-0.0406852,-0.0460806,male
NA20528,NA20528,0.1703415,-0.2687314,0.0401694,-0.08962094,-0.01488373,-0.1030512,0.044797,0.004276783,-0.05412512,-0.05810342,male
NA20529,NA20529,0.1601667,-0.2782408,0.04425777,-0.08290682,0.002246555,-0.03505364,0.01770632,0.01089115,0.0037481,0.02597969,female
NA20530,NA20530,0.1601528,-0.2892657,0.06189569,-0.09174204,-0.008077477,-0.04070898,0.03913048,-0.01066126,-0.02751628,-0.01224013,female
NA20531,NA20531,0.1578417,-0.2830935,0.04465211,-0.09228047,-0.01416229,-0.03284446,0.01834629,-0.02092448,0.005938501,0.03149276,female
NA20532,NA20532,0.1552558,-0.2776105,0.03391175,-0.08500134,-0.02146745,-0.08003108,0.04002555,0.006425901,-0.02289992,-0.007637915,male
NA20533,NA20533,0.1510556,-0.2756721,0.02919362,-0.06057987,0.001355816,-0.04204243,0.04981645,0.00695263,-0.04859324,-0.01836581,female
NA20534,NA20534,0.1579451,-0.2765669,0.0246744,-0.0966554,-0.01600709,-0.03919047,0.04596892,0.02898568,0.02032806,0.0316439,male
NA20535,NA20535,0.1607831,-0.2863931,0.04872262,-0.1039649,-0.007746233,-0.07615475,0.03081535,0.01127923,0.003153479,-0.03625423,female
NA20536,NA20536,0.1548492,-0.2621293,0.05247671,-0.08612872,-0.006571124,-0.06089914,0.04650373,-0.002351451,0.009185088,0.02850045,male
NA20538,NA20538,0.1611065,-0.294096,0.04790563,-0.1034002,-0.001465477,-0.07001833,0.04080187,0.01927925,-0.0019034,-0.01745305,male
NA20539,NA20539,0.1538266,-0.2773031,0.03420349,-0.07734826,-0.01692939,-0.0665393,0.01085405,0.01909431,-0.00180938,0.01123479,male
NA20540,NA20540,0.1717317,-0.2923887,0.05006507,-0.091382,-0.02296131,-0.0396453,0.0469911,0.01631245,0.002148993,0.03324226,female
NA20541,NA20541,0.147068,-0.2795322,0.05809908,-0.08240126,-0.01212274,-0.04336816,0.03640166,0.02098852,-0.02049953,0.003512681,female
NA20542,NA20542,0.1773841,-0.2681223,0.03149914,-0.08395946,0.00434724,-0.03383895,0.02848616,0.006650199,-0.002449301,0.02343838,female
NA20543,NA20543,0.1558997,-0.2752568,0.04119736,-0.0871356,-0.00216258,-0.07525907,0.02183494,0.0250654,0.005891705,0.07303486,male
NA20544,NA20544,0.1478328,-0.2671903,0.04171988,-0.09489994,0.01191244,-0.03360144,0.02564058,0.02042544,-0.01681708,0.03022045,male
NA20581,NA20581,0.1483703,-0.2832569,0.04574032,-0.06247143,0.004030939,-0.05407259,0.05371685,0.01103903,-0.0188063,-0.008179669,male
NA20582,NA20582,0.1693495,-0.288345,0.05236246,-0.09071991,-0.01718359,-0.04956676,0.02817419,0.006397438,-0.00144017,0.06578825,female
NA20585,NA20585,0.153212,-0.3042405,0.05253452,-0.09179028,-0.02393674,-0.03088082,0.03176733,0.02066945,0.008210878,0.03941925,female
NA20586,NA20586,0.1485915,-0.307137,0.06008869,-0.08039499,-0.0103191,-0.05624612,0.0399673,0.02042181,0.04634581,0.04378236,male
NA20587,NA20587,0.1630911,-0.2942439,0.05604713,-0.1130544,0.0008621016,-0.06564785,0.02172395,0.01115388,-0.02452179,-0.04932469,female
NA20588,NA20588,0.1764037,-0.2646802,0.01474339,-0.09278311,-0.00664568,-0.05453471,0.01915095,0.01384456,0.004699214,0.04714901,male
NA20589,NA20589,0.1547958,-0.2770099,0.03845263,-0.07709368,-0.0105173,-0.08266681,0.04596987,0.02699342,-0.01773352,-0.008733451,female
NA20752,NA20752,0.1640629,-0.2822488,0.02797761,-0.09262146,0.01028297,-0.03850099,0.02342821,-0.00698816,-0.0157186,0.02167927,male
NA20753,NA20753,0.1698921,-0.287532,0.0509602,-0.1048274,-0.01163089,-0.06395611,0.00313706,-0.0169508,-0.00163259,-0.01376467,female
NA20754,NA20754,0.1498166,-0.2663701,0.04399173,-0.08377346,-0.02124519,-0.04898477,0.03022904,0.03426969,0.03004537,0.03539217,male
NA20755,NA20755,0.1586949,-0.3026135,0.05157467,-0.08614777,-0.02421195,-0.06642376,0.03618568,0.02039267,-0.02355841,0.02200467,male
NA20756,NA20756,0.1476235,-0.2776999,0.03264852,-0.08318223,0.00231765,-0.05620029,0.03001297,0.0310007,0.01064342,-0.01760712,female
NA20757,NA20757,0.1456855,-0.2944889,0.05382733,-0.09534376,-0.0165078,-0.03379424,0.001925465,-0.008147701,0.02802145,0.05496258,female
NA20758,NA20758,0.152529,-0.2681904,0.04301267,-0.09341992,-0.008567393,-0.05814842,0.04767231,0.009675332,-0.02448723,-0.08232064,male
NA20759,NA20759,0.1620088,-0.2635466,0.0396838,-0.08814436,-0.01486572,-0.0578161,0.02074301,0.009050461,-0.02384961,-0.0216759,male
NA20760,NA20760,0.1677513,-0.2863819,0.06178796,-0.08833509,0.0004317851,-0.0406847,0.04347846,0.0246306,-0.04083432,-0.03522819,female
NA20761,NA20761,0.1587341,-0.2816366,0.03540656,-0.08452642,0.01202117,-0.03602303,0.02088296,0.007771951,0.005134807,0.02191606,female
NA20762,NA20762,0.173235,-0.2958939,0.03935434,-0.07525998,-0.03083752,-0.05839776,0.01395145,0.001654097,3.437188e-05,-0.01705929,male
NA20763,NA20763,0.1695351,-0.3002828,0.05982766,-0.08706532,-0.01055208,-0.04564617,0.02871878,0.01200148,0.01554459,-0.007120601,male
NA20764,NA20764,0.1646949,-0.2848529,0.04898874,-0.07973394,0.007609047,-0.03524241,0.04399295,0.01926956,0.02405482,-0.016726,female
NA20765,NA20765,0.1630264,-0.2591528,0.02592159,-0.0830032,-0.01739793,-0.03950196,0.03767387,0.02285835,-0.03520378,-0.02425247,male
NA20766,NA20766,0.1478837,-0.2668175,0.03554804,-0.06572301,-0.02242144,-0.02911265,0.03662703,-0.00301912,0.02052019,0.04853177,female
NA20767,NA20767,0.1528787,-0.2892065,0.04882248,-0.1134318,-0.02697267,-0.04513689,0.0101262,0.03481509,0.05261631,0.07882267,male
NA20768,NA20768,0.1597124,-0.2967344,0.0477652,-0.1060227,-0.01664183,-0.06530556,0.007870397,0.02731042,-0.08642538,-0.04303371,female
NA20769,NA20769,0.1586946,-0.2830898,0.06175924,-0.08773679,-0.0157981,-0.02497568,0.0373327,0.02383823,-0.009330801,0.0573985,female
NA20770,NA20770,0.1740785,-0.2800688,0.03728774,-0.06703661,-0.01770176,-0.07774866,0.03923337,0.01615171,-0.02502326,-0.04218684,male
NA20771,NA20771,0.1697129,-0.2949855,0.04289462,-0.07536946,-0.0193788,-0.06409704,0.05524453,0.009274058,-0.01039157,-0.03005777,female
NA20772,NA20772,0.1515382,-0.2774926,0.04088031,-0.06643098,0.009067202,-0.05834793,0.04337984,0.01814404,-0.002821056,0.00912811,female
NA20773,NA20773,0.1464313,-0.2939764,0.04480164,-0.08345501,-0.03137105,-0.05406141,0.05060377,0.03636034,-0.02552595,-0.03537535,female
NA20774,NA20774,0.1524142,-0.2754699,0.04716591,-0.09150262,0.006120031,-0.05014611,0.04956074,0.02383419,0.01140023,-0.0244724,female
NA20775,NA20775,0.1520497,-0.2857537,0.05095244,-0.09190714,0.008966293,-0.04893064,0.02329621,0.01644927,0.005958299,0.04816492,female
NA20778,NA20778,0.1601939,-0.2826075,0.04855141,-0.08056567,0.001540889,-0.04013216,0.02758227,0.01742487,0.008609323,0.04069413,male
NA20783,NA20783,0.1631326,-0.2687762,0.03957844,-0.07953246,-0.002672483,-0.04854336,0.03221319,0.01797224,0.0119956,0.06315129,male
NA20785,NA20785,0.1639243,-0.2577223,0.0479381,-0.07483156,-0.002800103,-0.04228522,0.01990223,0.02670347,0.0469869,0.03297655,male
NA20786,NA20786,0.1540615,-0.2953125,0.05375258,-0.08476254,-0.008992709,-0.06237537,0.04363085,0.01412111,-0.03276278,-0.04852415,female
NA20787,NA20787,0.1470225,-0.2759125,0.03827842,-0.09728015,-0.01002587,-0.05916186,0.03890381,0.01473831,0.01395326,0.0206045,male
NA20790,NA20790,0.1657642,-0.2998953,0.0516146,-0.08232959,0.004778735,-0.05921877,0.01733491,0.004690417,0.002738535,-0.001951028,female
NA20792,NA20792,0.1510776,-0.2859889,0.04994634,-0.07476993,-0.01763395,-0.0256182,0.02433421,-0.004051962,0.02665966,0.04530582,male
NA20795,NA20795,0.1546779,-0.2764733,0.05347872,-0.0767514,-0.03543019,-0.07125444,0.02932936,0.03516933,-0.01916849,0.003557308,female
NA20796,NA20796,0.1595886,-0.2808084,0.05002202,-0.0856898,-0.002774302,-0.05891141,0.01485267,0.002145429,0.01892591,0.02915824,male
NA20797,NA20797,0.1570453,-0.2722911,0.04274112,-0.1019013,-0.02052923,-0.07036675,0.04381193,-0.001542489,-0.03046774,-0.05381429,female
NA20798,NA20798,0.1583688,-0.2910414,0.04539629,-0.067163,-0.01089014,-0.03387416,0.04499676,0.002119524,0.007845881,0.04807465,male
NA20799,NA20799,0.1562836,-0.2825758,0.05128809,-0.1047543,-0.008977509,-0.08851945,0.05196266,0.02159511,0.007728488,0.009824121,female
NA20800,NA20800,0.1626335,-0.2717618,0.04603504,-0.08421826,-0.02263293,-0.05860631,0.03032593,0.02198,-0.01957702,-0.005432291,female
NA20801,NA20801,0.1544413,-0.2806374,0.05144566,-0.08479457,-0.01194997,-0.02984019,0.01597875,0.0141853,0.009533987,0.04556484,male
NA20802,NA20802,0.1418318,-0.281849,0.05761017,-0.08950263,-0.006168693,-0.05995058,0.03752171,0.04023993,-0.01908601,-0.02287217,female
NA20803,NA20803,0.1608307,-0.2956433,0.04973681,-0.08090363,-0.02367673,-0.05847471,0.03991541,0.006057455,-0.01543682,-0.02352572,male
NA20804,NA20804,0.1786361,-0.2860962,0.05324486,-0.06325362,-0.01078582,-0.05642685,0.04740666,0.01773485,0.002454069,0.03980107,female
NA20805,NA20805,0.1655755,-0.2813496,0.06801249,-0.104834,-0.02848585,-0.05870827,0.05148875,0.02980704,0.01483118,0.06870824,male
NA20806,NA20806,0.1642218,-0.2936015,0.05370618,-0.1103787,-0.03623779,-0.09002474,0.05902326,0.005998934,-0.03076603,-0.09589857,male
NA20807,NA20807,0.157401,-0.2938493,0.04464134,-0.08808831,-0.008376841,-0.02553029,0.0227297,0.01242046,0.01679307,-0.03667173,female
NA20808,NA20808,0.1549866,-0.2693183,0.03711811,-0.08785936,-0.003902459,-0.08355444,0.03870044,0.004078878,0.006099987,0.01353279,female
NA20809,NA20809,0.1586714,-0.2879287,0.04644729,-0.08377006,-0.01111799,-0.04196614,0.05087585,0.03072796,-0.01363414,-0.00285723,male
NA20810,NA20810,0.1533213,-0.303438,0.0642431,-0.07493008,-0.0004486437,-0.06597972,0.03687933,-0.01498822,0.03878797,-0.03800058,male
NA20811,NA20811,0.1485783,-0.2980404,0.05136457,-0.07309231,-0.0256824,-0.05022747,0.03349591,-0.00463655,-0.07039333,-0.06128789,male
NA20812,NA20812,0.1612698,-0.279227,0.05574782,-0.066918,0.0005621675,-0.05804743,0.0240534,0.02592922,0.0008094435,-0.05258554,male
NA20813,NA20813,0.1688808,-0.2744415,0.02340985,-0.07517885,-0.01919807,-0.04565246,0.04750292,0.02174434,-0.02196767,0.04459049,female
NA20814,NA20814,0.1535121,-0.2785746,0.04714618,-0.09743387,-0.0002371685,-0.08687544,0.04747764,0.03171553,-0.05587364,-0.07170012,male
NA20815,NA20815,0.1423853,-0.2652692,0.04537782,-0.0917807,-0.02942944,-0.03343529,0.02980731,0.02630325,0.009103412,0.0352055,male
NA20818,NA20818,0.1631074,-0.2825571,0.06253914,-0.09668427,0.005508445,-0.04523897,0.03814404,0.04069489,0.004791457,-0.01014766,female
NA20819,NA20819,0.1778062,-0.274473,0.02938482,-0.06910882,-0.003577142,-0.03145715,-0.006109315,-0.002620318,0.01903814,0.0282794,female
NA20821,NA20821,0.1591578,-0.2800748,0.05556364,-0.06814565,-0.02027768,-0.02950372,0.02595142,-0.005200331,0.007272231,0.0346737,female
NA20822,NA20822,0.1579895,-0.2927603,0.05815654,-0.09041413,-0.01311202,-0.0310755,0.01668638,0.007478552,0.04491678,0.0156295,female
NA20826,NA20826,0.1673628,-0.2983265,0.03680423,-0.09307798,-0.0225692,-0.07059945,0.03883406,0.01444825,-0.02347518,-0.09379114,female
NA20827,NA20827,0.1674103,-0.2814379,0.05194261,-0.08285269,0.002048138,-0.04077915,0.009730229,0.00022568,-0.02939102,-0.004886305,male
NA20828,NA20828,0.1537801,-0.287362,0.05610035,-0.07664179,-0.01277008,-0.09152714,0.04589765,0.02312733,-0.04148953,-0.07434479,female
NA20832,NA20832,0.1540521,-0.2815644,0.04989671,-0.09343992,-0.007659372,-0.05911303,0.04401598,0.0289577,-0.01272067,-0.0182592,female
HG03006,HG03006,0.195359,-0.02240727,-0.1884736,0.06208164,0.008815998,0.02925169,-0.0134119,-0.01356707,0.009844845,-0.01199841,male
HG03007,HG03007,0.1893224,-0.03103876,-0.1748572,0.07079119,7.846814e-05,0.01225712,-0.01027655,-0.01087342,0.01004739,-0.003428389,female
HG03009,HG03009,0.184834,-0.02492124,-0.171824,0.07706238,-0.0186843,-0.02008485,0.01213575,-0.01966509,0.007471401,-0.01419659,male
HG03012,HG03012,0.1887454,-0.02014563,-0.171816,0.06006488,-0.01943492,-0.0217169,-0.01042326,0.004436086,-0.01990582,-0.0643144,male
HG03585,HG03585,0.1861034,-0.01409936,-0.157801,0.07139535,-0.01157254,0.01804773,-0.003493608,-0.01602112,-0.001881375,-0.01360447,male
HG03589,HG03589,0.1967813,-0.01365017,-0.2049269,0.06914324,0.008828284,0.02113284,-0.009455006,-0.0001244659,0.04825749,0.03940624,female
HG03593,HG03593,0.1944826,-0.02357489,-0.1821958,0.06408355,-0.01687582,-0.006167228,0.008992747,0.003738647,0.032438,0.003335418,male
HG03594,HG03594,0.1912486,-0.01528791,-0.1698563,0.04496195,0.006346925,-0.006178835,0.0005482302,-0.003793256,0.001434893,0.0249423,male
HG03595,HG03595,0.1940009,-0.01510496,-0.1612018,0.05635525,-0.005101875,0.0009204757,0.008889073,-0.002774583,0.009674476,-0.02439949,female
HG03598,HG03598,0.1967147,-0.006099328,-0.1766521,0.03625419,-0.004651809,0.005625049,-0.007757712,-0.02500249,0.0360494,-0.0004530909,female
HG03600,HG03600,0.1846769,-0.03950507,-0.2352945,0.08076772,0.005466657,0.008263006,-0.01042101,-0.0008851473,0.04608928,-0.01384457,male
HG03603,HG03603,0.1927866,-0.025878,-0.1910465,0.08614279,0.000955839,-0.0284971,-0.006018175,0.01191309,0.05620872,-0.01236402,male
HG03604,HG03604,0.2006715,-0.03762964,-0.1847682,0.06822513,-0.0003772275,0.01283456,-0.01985103,-0.00596319,0.001726679,-0.01993688,female
HG03607,HG03607,0.1842043,-0.01947752,-0.1857116,0.05597199,0.01338345,-0.006901599,0.01840151,0.005028021,-0.0185185,-0.08259337,female
HG03611,HG03611,0.192969,-0.02414377,-0.1582793,0.06656686,-0.01802672,0.01951459,-0.006898947,0.001370321,-0.01422972,-0.002947757,female
HG03615,HG03615,0.1888339,-0.01863244,-0.1855765,0.06895188,0.006262209,-0.01282151,-0.01904949,0.02373478,0.01645861,-0.01125546,male
HG03616,HG03616,0.1878738,-0.01928597,-0.1819871,0.06219827,0.0008576876,-0.004371422,0.007768015,0.01322991,-0.004158745,-0.005466171,female
HG03793,HG03793,0.1830274,-0.03064388,-0.1891339,0.07000851,-0.003877836,0.006476451,0.01562678,0.01008818,0.008448051,0.03461927,female
HG03796,HG03796,0.1982819,0.02146012,-0.1483462,0.05080448,0.01061952,0.001631391,-0.01974224,-0.008884531,0.00394509,0.006712944,female
HG03800,HG03800,0.197027,0.01225075,-0.1841925,0.03812966,-0.007158032,-3.496393e-05,-7.804705e-05,0.01421063,0.01379958,0.007327096,male
HG03802,HG03802,0.1830165,-0.03814882,-0.1854239,0.05546301,0.0005578036,0.01578387,0.007155656,-0.006572377,0.01321918,0.01034425,female
HG03803,HG03803,0.173246,-0.02316443,-0.1557049,0.05638488,-0.01911094,-0.02113171,-0.02074799,0.002804323,0.01981533,-0.01618239,male
HG03805,HG03805,0.1841237,-0.02159997,-0.1790201,0.05502807,-0.001662668,0.009463554,-0.01144434,-0.05157566,0.04205242,0.006265837,female
HG03808,HG03808,0.1815994,-0.002856908,-0.1407659,0.04893241,-0.009065161,0.0007477713,0.01492424,0.01092938,-0.006989831,-0.002179145,female
HG03809,HG03809,0.1820301,-0.008160044,-0.1744376,0.06333835,-0.006082512,-0.007215643,0.007956634,0.01206324,-0.009913977,0.001547613,male
HG03812,HG03812,0.1798594,-0.009647331,-0.1592207,0.06313952,-0.001195187,0.002382829,0.005088922,0.01547096,0.02017724,0.008775282,male
HG03814,HG03814,0.1963988,-0.004420445,-0.1743392,0.04818782,0.001837289,0.01499802,-0.002469452,0.01732468,0.001943614,0.008827523,female
HG03815,HG03815,0.1758612,-0.01529017,-0.1738478,0.06525279,-0.00315465,0.001536072,0.005084794,-0.01632891,0.0002740626,0.02114179,male
HG03817,HG03817,0.2006054,-0.02463916,-0.1615232,0.05525767,0.007911062,0.01535259,-0.009297319,0.01255901,0.004662653,0.01209431,female
HG03821,HG03821,0.180335,-0.03519148,-0.1913897,0.05366185,0.0009243268,0.009500621,-0.004045087,-0.01437209,0.009173431,0.01296981,male
HG03823,HG03823,0.1941687,-0.02759904,-0.1952387,0.07952131,0.006482871,0.002354622,0.003594768,0.01140989,-0.01461726,-0.03477284,female
HG03824,HG03824,0.1963739,-0.0135592,-0.1598187,0.04704849,0.006856772,0.01207088,0.007222204,-0.001998623,-0.01305306,0.004908883,male
HG03826,HG03826,0.1871176,-0.02481698,-0.1660353,0.07736881,0.005722184,0.009197057,0.01620106,0.0188012,-0.01656016,-0.05286839,female
HG03829,HG03829,0.1827537,0.005579189,-0.2042474,0.05711432,0.01523539,0.008229937,0.004977593,-0.02378984,0.02589241,-0.03099958,female
HG03830,HG03830,0.1925638,-0.009350305,-0.1720749,0.05531643,0.006972633,0.01004091,0.007214249,0.02379114,0.0006719838,0.01228536,male
HG03832,HG03832,0.1774135,-0.01853169,-0.1857762,0.07622059,0.002442353,0.01192517,0.006438605,-0.004551934,0.03805281,-0.01926726,female
HG03833,HG03833,0.1807397,-0.01619633,-0.1546944,0.05419869,0.000420479,-0.003876844,0.01962313,-0.007433967,0.002904662,-0.003475874,male
HG03902,HG03902,0.179449,-0.04099953,-0.1520573,0.0563333,-0.02064134,0.04426781,-0.02872118,0.0116839,0.01814616,-0.002055649,male
HG03905,HG03905,0.191576,-0.02095177,-0.1696849,0.06700657,-0.01209531,0.01145809,0.01513138,-0.00681303,0.01567335,-0.01840853,male
HG03907,HG03907,0.2121728,-0.00884802,-0.1491454,0.06182237,-0.02072856,-0.01132787,-0.001531828,-0.0248281,0.05865498,-0.002690576,female
HG03908,HG03908,0.1835367,-0.04517476,-0.1823675,0.05917018,0.02055957,0.008992131,0.0001465363,0.0169627,0.03419751,0.02583958,male
HG03910,HG03910,0.1845431,-0.003890155,-0.1833738,0.05365087,-0.01008779,0.007510981,0.007837339,0.01261166,-0.01975801,-0.03149655,female
HG03911,HG03911,0.1872372,-0.0390731,-0.1752444,0.06314823,-0.001775593,0.009299174,-0.006029293,0.001286594,0.03959012,0.02734259,male
HG03913,HG03913,0.189006,-0.0154879,-0.1842649,0.05495552,-0.006456569,0.004574349,-0.01487481,0.01760602,0.0663229,-0.007588101,female
HG03914,HG03914,0.1914405,-0.001572929,-0.1667447,0.07144332,-0.01926377,0.02819958,-0.01671439,-0.001237716,0.03977721,-0.01685633,male
HG03916,HG03916,0.1865455,-0.003779537,-0.1708728,0.03521304,-0.01600118,0.004244581,-0.0202059,-0.01860249,0.03265161,-0.01604839,female
HG03917,HG03917,0.19789,-0.00286383,-0.1570551,0.06089733,-0.03557745,-0.004204808,0.008199421,-0.005488685,-0.01150911,-0.008035338,male
HG03919,HG03919,0.1749356,-0.0631975,-0.1553933,0.07056107,0.003622277,0.04733862,-0.009249259,-0.01185307,0.03425466,-0.01705497,female
HG03920,HG03920,0.191218,-0.03571714,-0.2001031,0.05911009,0.008569203,-0.007126253,-0.004596277,-0.003769409,0.01561153,0.004350491,male
HG03922,HG03922,0.1919045,-0.02300177,-0.1636935,0.06857672,-0.002045746,0.007521082,0.02628711,0.00347086,0.005013482,-0.04723474,female
HG03925,HG03925,0.1767788,-0.01425899,-0.1439179,0.06054098,-0.01410767,-0.006589889,-0.008359981,-0.001805729,-0.01621424,0.02897687,female
HG03926,HG03926,0.1733125,-0.02407456,-0.1747192,0.06860881,0.005429463,0.01659352,0.003841114,-0.01979419,0.02256089,-0.03043928,male
HG03928,HG03928,0.1731192,-0.02189225,-0.1814041,0.07253078,0.009438639,0.01529582,-0.02180759,0.0006266351,0.01336452,0.001328183,female
HG03931,HG03931,0.1872596,-0.01193648,-0.1710122,0.04177408,0.0008524077,-0.01735643,0.003377045,-0.01249987,0.008407722,-0.01487066,female
HG03934,HG03934,0.173227,-0.01900091,-0.1644762,0.02952197,-0.02367775,0.006446728,-0.01471339,0.01654312,0.02509102,0.04333104,female
HG03937,HG03937,0.1897214,-0.02317687,-0.1965705,0.07898892,-0.006283525,0.01397865,-0.02040154,0.0005925942,0.01561985,0.004685047,female
HG03940,HG03940,0.1809172,-0.03847514,-0.2241748,0.07752826,-0.001668276,0.01683443,-0.02770637,-0.01829509,0.03022318,-0.02686087,female
HG03941,HG03941,0.1858612,-0.02836209,-0.2133402,0.09263746,0.01030622,0.009479904,0.002741574,0.001133682,0.03864833,-0.0008681931,male
HG04131,HG04131,0.1782416,-0.02934288,-0.1814002,0.0703034,-0.00168224,0.01870695,0.00425609,-0.01906398,-0.006701157,-0.01259883,male
HG04134,HG04134,0.188982,-0.02340342,-0.1747406,0.06974345,0.0001180896,0.007966681,-0.003716386,0.001998716,-0.006279474,-0.00207644,male
HG04140,HG04140,0.178538,0.01140476,-0.1566802,0.05456145,0.01927401,-0.01312112,-0.01210545,0.0289924,0.02479174,0.0003154353,male
HG04141,HG04141,0.19966,-0.03118736,-0.1683171,0.05874299,-0.004476497,0.002001297,-0.008930408,0.01062591,-0.006223185,-0.06327594,female
HG04144,HG04144,0.18655,-0.04500246,-0.174547,0.05917279,0.0169252,0.02187985,-0.009334213,0.01955878,-0.03096784,0.01429357,female
HG04146,HG04146,0.1985857,-0.005944333,-0.1630573,0.06585794,0.001854578,-0.02497569,-0.01017661,-0.01449642,0.01606609,0.02774789,male
HG04152,HG04152,0.1993472,-0.02223118,-0.178754,0.0672398,0.01429493,-0.0004395586,0.01211649,-0.003479774,0.003134965,-0.05275851,male
HG04153,HG04153,0.1877653,-0.03156448,-0.1789886,0.06177374,-0.01015374,-0.02585063,0.02303321,0.0214919,0.0252447,-0.01915841,female
HG04155,HG04155,0.1909991,-0.01273346,-0.1732662,0.08005282,0.008288842,0.0323982,-0.009080659,-0.01318707,0.01520746,-0.02853278,male
HG04156,HG04156,0.1800578,-0.0303308,-0.1483138,0.0529729,0.02467668,0.009335816,-0.02150826,-0.0002763383,-0.007551593,-0.06418376,female
HG04158,HG04158,0.1837041,-0.04556612,-0.1725691,0.06828565,-0.008043493,0.00344608,0.009683314,0.006355434,0.03326493,-0.006061672,male
HG04159,HG04159,0.1742176,-0.01663738,-0.189075,0.06711907,-0.03151337,-0.0006505932,0.01120481,0.0006762475,-0.02517994,-0.006378248,female
HG04161,HG04161,0.1880001,-0.009489187,-0.1626159,0.06524039,-0.0005294175,0.02079317,0.009921318,0.01198707,0.009199479,0.007743668,male
HG04162,HG04162,0.1962652,0.005040821,-0.1617414,0.06921545,-0.003857909,0.01222113,0.002700415,0.02106176,0.02021346,-0.0007493211,female
HG04164,HG04164,0.1718876,-0.01674729,-0.1578651,0.06173691,0.02716814,-0.01356326,0.02855105,-0.0009046063,-0.001452238,-0.000559904,male
HG04171,HG04171,0.1885744,-0.007411512,-0.1885845,0.07208925,0.0001635203,0.02062782,0.002985051,-0.01323736,0.005316568,-0.005758769,female
HG04173,HG04173,0.1894696,-0.03118781,-0.1882693,0.07510702,-0.004103866,0.01117924,-0.005505239,-0.01579229,0.05710247,0.01588237,male
HG04176,HG04176,0.1907403,-0.01666468,-0.187616,0.05137642,0.008102681,0.02776317,0.001829552,0.004108715,0.03189876,-0.01818185,male
HG04177,HG04177,0.1943838,-0.01843262,-0.1946891,0.05871931,-0.02785066,0.002920737,-0.003014556,0.02546321,-0.0005008605,-0.01415024,female
HG04180,HG04180,0.1892477,-0.03280186,-0.1714196,0.06008874,-0.02539918,-0.01281496,0.02449667,0.01334355,-0.01657899,0.01988863,female
HG04182,HG04182,0.1931962,-0.01921063,-0.1851351,0.0785995,0.02526332,0.005170007,-0.01110768,-0.01842148,-0.0001689371,-0.007715576,male
HG04183,HG04183,0.1893986,-0.02437623,-0.1689686,0.06459824,0.001036041,0.003282348,0.01300419,-0.005649707,0.01796812,0.03454034,female
HG04185,HG04185,0.1892474,-0.04687103,-0.2248041,0.1036623,0.003313814,-0.02023756,0.003540567,0.004493719,0.0470373,-0.00586148,male
HG04186,HG04186,0.1703163,-0.03141491,-0.2095318,0.07611565,0.01004798,0.001929337,0.01812729,-0.01806738,0.03856004,0.003834485,female
HG04188,HG04188,0.1934345,-0.01669283,-0.1735257,0.07185777,-0.02696681,0.006611706,-0.02324247,0.02067454,0.007398034,-0.004185356,male
HG04189,HG04189,0.1755109,-0.03730786,-0.181907,0.07225188,-0.003120518,0.002413598,-0.0260698,0.002989683,0.0392496,-0.01094671,female
HG04194,HG04194,0.1855162,-0.04183933,-0.1624729,0.04848357,-0.02083693,-0.01781431,0.001529992,0.01060636,0.01842459,0.03158805,male
HG04195,HG04195,0.2027034,-0.007507818,-0.1570962,0.05350247,-0.007549634,-0.0377116,0.01645205,0.01131031,0.04376155,0.001446133,female
NA20845,NA20845,0.1764411,-0.0972982,-0.1564008,0.06857864,-0.007715861,0.001237362,-0.01343841,0.002461248,-0.03043983,0.002595464,male
NA20846,NA20846,0.1792494,-0.0934579,-0.1529645,0.05129547,-0.00847238,-0.003497964,-0.0008804895,0.00403123,-0.03281921,0.0239576,male
NA20847,NA20847,0.1811414,-0.08086293,-0.2091736,0.08842239,-0.01441238,0.002596855,0.0156329,0.02190127,-0.1808443,-0.009690427,female
NA20849,NA20849,0.1701593,-0.09464151,-0.1990748,0.08611862,0.002747967,0.004554719,-0.002701471,-0.00938984,-0.1475701,0.05427464,female
NA20850,NA20850,0.177685,-0.1281714,-0.1372799,0.0400316,0.02035019,-0.01324696,-0.01264376,0.0201863,-0.02234672,-0.04751191,male
NA20851,NA20851,0.1642469,-0.09723186,-0.2014524,0.08537477,-0.003725489,0.01735736,-0.01211007,-0.01303668,-0.1229573,0.041223,female
NA20852,NA20852,0.1813006,-0.1014023,-0.1596988,0.05632975,0.02207843,0.02858205,-0.01679907,0.007011208,0.005719397,-0.00268168,male
NA20853,NA20853,0.1682059,-0.08733538,-0.1739039,0.08642859,-0.007957892,0.02831692,-0.0195192,-0.008762167,-0.09221324,0.02845227,female
NA20854,NA20854,0.1795099,-0.1217656,-0.1704593,0.05717596,0.002861549,0.0160622,-0.0233469,-0.01061527,-0.008721513,0.01437215,female
NA20856,NA20856,0.1940537,-0.08620345,-0.2152233,0.08015784,-0.002326615,0.03180169,-0.01679559,0.02014038,-0.1202024,0.03468304,female
NA20858,NA20858,0.1621331,-0.1189258,-0.1160303,0.02874461,0.01851929,0.007601645,-0.02382469,0.01233125,-0.01576315,0.0117153,male
NA20859,NA20859,0.1748019,-0.09171112,-0.2043019,0.06504144,0.009002543,0.009032615,-0.008863659,-0.007889931,-0.1190964,0.06284273,female
NA20861,NA20861,0.1666623,-0.08409148,-0.1987976,0.09369409,0.02968917,0.01150035,-0.01706186,-0.001553423,-0.1350265,0.0512455,male
NA20862,NA20862,0.190826,-0.1289044,-0.1242439,0.06568127,0.01029595,0.01541184,0.02277132,0.01826699,0.01320671,-0.008971061,female
NA20863,NA20863,0.1777489,-0.09604058,-0.2080905,0.1030903,0.01084508,-0.008883971,-0.007487225,-0.00243018,-0.1119739,0.07251061,male
NA20864,NA20864,0.1757105,-0.1272544,-0.1483409,0.03692665,0.001628414,-0.002786802,0.02120311,-0.01135312,-0.005095681,0.04844246,male
NA20866,NA20866,0.1728848,-0.0949053,-0.1673669,0.06559875,-0.01863123,0.01479334,0.005202079,-0.001766404,-0.001844941,-0.006962523,male
NA20867,NA20867,0.1710525,-0.08420229,-0.1855936,0.07880138,0.01874509,-0.007048007,0.02339005,-0.01096533,-0.09924139,0.05454533,male
NA20868,NA20868,0.1834674,-0.07830326,-0.2061494,0.07524512,0.02351803,0.01002773,-0.003335898,-0.006655454,-0.1364301,0.06459104,female
NA20869,NA20869,0.1789059,-0.07904175,-0.2012003,0.07817374,-0.002995784,0.001182062,0.006388889,0.02096363,-0.136445,0.06635647,female
NA20870,NA20870,0.1718624,-0.1392291,-0.1293661,0.02919568,-0.007829206,0.01250962,0.002656743,-0.0007197214,0.009040586,0.009941143,male
NA20872,NA20872,0.1880436,-0.1224108,-0.1309403,0.05612945,0.01542322,-0.002668991,-0.001081661,0.0237329,-0.05634799,0.007815265,female
NA20874,NA20874,0.1690388,-0.1096027,-0.1500742,0.06284367,-0.006049016,0.005641198,-0.005164637,0.02968813,-0.0001150236,-0.01615785,female
NA20875,NA20875,0.1852563,-0.1173906,-0.1847176,0.07110276,-0.004981911,0.01668909,0.003069771,-0.02325044,-0.1189347,0.08122111,female
NA20876,NA20876,0.1829819,-0.0796166,-0.1993615,0.07227641,-0.003402958,0.008573758,0.01343974,-0.006084209,-0.09961988,0.05888956,female
NA20877,NA20877,0.173816,-0.08815908,-0.1872426,0.07810963,0.002753115,0.01613309,-0.006223203,0.005952503,-0.1887342,0.03724273,female
NA20878,NA20878,0.1723199,-0.0853667,-0.1941228,0.06343729,0.005798947,0.0108648,-0.01020647,0.005598126,-0.1210427,0.07603758,female
NA20881,NA20881,0.1761088,-0.1331887,-0.1364123,0.03949164,-0.01122013,-0.004879686,-0.005362197,-0.008168437,-0.001667579,0.03799843,female
NA20882,NA20882,0.1659963,-0.1178805,-0.1574107,0.05528012,-0.00670979,-0.001595874,-0.003017095,-0.01504704,0.02493338,0.07980293,female
NA20884,NA20884,0.1772877,-0.09450251,-0.2128779,0.09320354,0.03060341,0.008697428,-0.03007562,0.005548896,-0.1465879,0.03742829,male
NA20885,NA20885,0.1828492,-0.1109887,-0.1218191,0.04522385,-0.004907448,-0.00449062,-0.003444754,0.006870889,0.002860896,0.03048481,male
NA20886,NA20886,0.1696182,-0.1322424,-0.149851,0.04595626,0.001937522,-0.01763152,-0.01917241,0.005724608,-0.06062249,-0.0152067,female
NA20887,NA20887,0.1708506,-0.08923549,-0.1912262,0.06186615,-0.004230373,0.02508504,-0.005730248,-0.02219305,-0.01323568,-0.006947306,male
NA20888,NA20888,0.1808318,-0.09869796,-0.1848159,0.09073879,0.01686266,0.001420412,0.009756684,0.002137584,-0.1156413,0.02191691,female
NA20889,NA20889,0.1644772,-0.09259872,-0.2020335,0.08953036,-0.003402374,-0.01844668,-0.02673842,-0.006730119,-0.1272907,0.05717162,male
NA20890,NA20890,0.1683485,-0.1214279,-0.1267909,0.04395506,0.0081536,-0.01961479,0.01225426,0.01967608,-0.05128487,-0.08166466,male
NA20891,NA20891,0.1839918,-0.1149708,-0.1696774,0.05273959,0.002543747,0.01226354,0.01746972,-0.03429352,-0.01085229,0.05041552,male
NA20892,NA20892,0.1728542,-0.09357638,-0.1976488,0.08393059,0.01196507,-0.02432199,0.00449799,0.02312211,-0.142931,-0.004073787,female
NA20894,NA20894,0.1826838,-0.1258633,-0.1662588,0.05421803,-0.01675448,0.0189002,0.0185387,0.002610523,-0.03607099,0.002859878,female
NA20895,NA20895,0.1822688,-0.1122379,-0.1697421,0.07269405,0.009128992,0.007947384,-0.0249385,0.01914195,-0.0290141,-0.01516195,male
NA20896,NA20896,0.187525,-0.07398115,-0.2230442,0.07780264,0.03098202,0.006690804,-0.0141823,0.01537671,-0.1031376,0.03377322,female
NA20897,NA20897,0.1791779,-0.04886231,-0.2064995,0.07816746,-0.0007549309,-0.01434867,-0.007220569,-0.002308305,0.06268083,-0.0386138,male
NA20899,NA20899,0.1745044,-0.08704462,-0.2084204,0.08028393,-0.01404934,0.01676054,-0.0001958836,-0.001459574,-0.1000174,0.04353494,female
NA20900,NA20900,0.182176,-0.1224645,-0.155767,0.04252325,0.001653335,-0.0002162162,0.008089022,-0.03512983,0.007084365,0.1011171,female
NA20901,NA20901,0.1735663,-0.09181807,-0.1769982,0.08518677,-0.00913724,-0.008810919,0.01959396,0.01482258,0.01282231,0.02411009,male
NA20902,NA20902,0.1743906,-0.07232428,-0.2144381,0.0976255,0.01580746,-0.01669412,-0.00948955,0.01234505,-0.1837685,0.03332391,female
NA20903,NA20903,0.1687084,-0.09199879,-0.1769337,0.06087452,-0.009540945,-0.0008016498,-0.01507528,0.001429626,0.0143747,-0.01340704,male
NA20904,NA20904,0.1814947,-0.1232855,-0.1317782,0.04001563,-0.008012427,-0.01080934,0.002315426,-0.00922921,0.002069668,-0.08028521,male
NA20905,NA20905,0.1823705,-0.08988333,-0.1831267,0.06281332,-0.001889253,0.01338184,-0.006570678,0.001729179,0.04319704,0.03194517,male
NA20906,NA20906,0.1721065,-0.08441245,-0.1959376,0.05800914,0.02126548,0.01612118,-0.002128181,0.007015025,0.0410366,-0.007986977,female
NA20908,NA20908,0.1820433,-0.08197137,-0.203348,0.07250042,0.02796742,-0.009227148,-0.02721321,0.01448807,0.01624194,-0.04166906,female
NA20910,NA20910,0.1696322,-0.1257688,-0.138526,0.02946208,0.00404024,0.007925312,-0.01673368,0.0176061,-0.009210118,0.008598415,female
NA20911,NA20911,0.1719064,-0.07705613,-0.2082298,0.08359977,0.02514638,0.004058242,-0.001950578,-0.01773207,-0.1301783,0.05717797,male
NA21086,NA21086,0.186815,-0.08542925,-0.1998544,0.06481546,-0.01175336,0.005827883,-0.001666125,-0.01732995,-0.1014829,0.07805687,female
NA21087,NA21087,0.1589339,-0.07945676,-0.2011039,0.07832802,0.01892303,0.005909706,-0.006556827,-0.02202969,-0.1176621,0.01846325,male
NA21088,NA21088,0.1791595,-0.08142519,-0.1856149,0.08226005,-0.01148564,0.01010424,-0.01194182,0.0242211,-0.0957268,0.03850183,female
NA21089,NA21089,0.179541,-0.08027236,-0.1832228,0.08243857,0.003636492,0.002976126,0.008610347,0.01620181,-0.114788,0.04573728,female
NA21090,NA21090,0.1585571,-0.08617021,-0.2250854,0.09395379,0.01468517,0.01991557,0.00600958,-0.01119954,-0.08165837,0.04559009,male
NA21091,NA21091,0.1738553,-0.1010601,-0.2148336,0.07767714,-0.008804903,0.0160719,0.001931597,0.005905189,-0.126933,0.05564379,male
NA21092,NA21092,0.1995308,-0.1032589,-0.1635073,0.07219498,0.003852836,-0.01356388,0.00996441,-0.02135254,-0.03692234,-0.0191843,male
NA21093,NA21093,0.1727338,-0.09920706,-0.2032996,0.088159,0.01668708,-0.0008838145,0.01317876,0.02910604,-0.120894,0.05409416,male
NA21094,NA21094,0.1680369,-0.08557687,-0.2318601,0.1009827,0.0005495289,-0.02437113,0.004311642,0.0307225,-0.1366942,-0.02303774,male
NA21095,NA21095,0.1808888,-0.09426073,-0.2040038,0.07843284,-0.0122968,0.01003447,0.008036099,-0.01278526,-0.00282327,0.01198018,male
NA21097,NA21097,0.1641978,-0.09185186,-0.1772517,0.08729214,0.009930238,-0.02058315,0.01481252,-0.005545625,-0.03389979,-0.06475991,female
NA21098,NA21098,0.187791,-0.07491696,-0.2073246,0.08034306,0.004437006,0.006866671,-0.01815782,0.005920936,-0.1479136,0.02827321,male
NA21099,NA21099,0.1723048,-0.09843178,-0.2111178,0.07312674,0.01501397,0.0155353,-0.008179361,0.00543432,-0.1508499,0.03732816,male
NA21100,NA21100,0.1914997,-0.07379517,-0.2020518,0.0788608,-0.00761252,0.002689612,-0.01068963,-0.01004523,-0.1506686,0.05499459,male
NA21101,NA21101,0.1875455,-0.07618838,-0.1782361,0.08474467,0.01326928,0.02261955,0.01379796,-0.01678615,-0.07472809,0.03427116,female
NA21102,NA21102,0.1697873,-0.09695661,-0.2151752,0.1027682,0.01879487,0.005415344,0.003149459,-0.00465951,-0.1077945,0.06105297,female
NA21103,NA21103,0.1816793,-0.08522039,-0.2019907,0.07229945,-0.003762298,0.007211517,-0.008273891,0.01717224,-0.1771264,-0.004169406,female
NA21104,NA21104,0.183246,-0.07937924,-0.2034114,0.09440607,0.02319558,0.01090174,0.01731443,-0.01286118,-0.1772448,0.00398209,male
NA21105,NA21105,0.1776736,-0.0851191,-0.2028415,0.06477479,0.01801928,-0.004278778,-0.01140815,-0.007345862,-0.08025735,0.002560144,male
NA21106,NA21106,0.1727256,-0.08030962,-0.2037792,0.07230939,-0.0170837,0.001029435,-0.004541142,0.0009087863,-0.09792913,0.07745843,female
NA21107,NA21107,0.179037,-0.07533699,-0.1855658,0.06930088,-0.01676852,0.02151258,0.0009625882,0.0006679301,-0.1133099,0.04876671,male
NA21108,NA21108,0.1815031,-0.119693,-0.129128,0.04860659,0.005116617,-0.01144364,-0.01623113,-0.00533765,-0.02920371,0.04004753,female
NA21109,NA21109,0.1680769,-0.07016618,-0.1940906,0.08890773,-0.002484806,0.03466699,0.004499726,-0.004613627,-0.1463946,0.05559818,male
NA21110,NA21110,0.1811162,-0.08126178,-0.1957815,0.05733641,-0.009798772,-0.01544632,-0.01321374,-0.004044631,-0.1297424,0.05026985,female
NA21111,NA21111,0.1799574,-0.07624086,-0.1802593,0.05756097,-0.006902224,0.0170502,0.004210003,-0.001727936,-0.1514252,0.0446745,male
NA21112,NA21112,0.2092236,-0.0990163,-0.2067866,0.08175549,-0.003704691,0.005194596,0.005592333,0.01313328,-0.1176873,0.04607376,male
NA21113,NA21113,0.1805126,-0.07313856,-0.1957497,0.07201806,0.02201127,0.001110938,0.004424015,0.01077839,-0.1240647,0.03642159,male
NA21114,NA21114,0.1787622,-0.09342991,-0.2028522,0.09475691,-0.02546711,-0.00612497,0.01918591,0.002396879,-0.1079701,-0.01692786,male
NA21115,NA21115,0.162885,-0.08555222,-0.2200915,0.08922752,-0.003249843,-0.01707026,-0.007957948,0.01110866,-0.1530273,0.006614677,male
NA21116,NA21116,0.1833575,-0.08251106,-0.1926164,0.0730206,-0.0111341,-0.0194348,-0.00506166,0.01765094,-0.05059054,0.03372813,male
NA21117,NA21117,0.1613933,-0.09550777,-0.1886159,0.05871961,0.003643386,0.00454699,-0.003774676,-0.006339098,-0.09353272,0.0534571,male
NA21118,NA21118,0.1683275,-0.07967734,-0.1957275,0.07107978,-0.002539948,-0.006508181,-0.0005438448,-0.01393244,-0.1367355,0.09097738,male
NA21119,NA21119,0.174028,-0.08129656,-0.2175564,0.09137587,0.000715643,-0.01258718,0.01377892,-0.01632336,-0.1776929,0.03530648,male
NA21120,NA21120,0.1862891,-0.08888053,-0.1606225,0.05842316,0.008149091,-0.004899178,-0.002522316,-0.0007519034,-0.002722748,-0.02340476,female
NA21122,NA21122,0.1767128,-0.07363902,-0.195207,0.06570523,-0.01377627,0.01155676,-0.02305834,-0.01293631,-0.1422695,0.03562822,female
NA21123,NA21123,0.1826948,-0.09420448,-0.1952421,0.08433792,0.02334854,-0.0002679397,0.01654313,0.003622238,-0.1106016,0.05297107,male
NA21124,NA21124,0.179249,-0.08999864,-0.2010868,0.0724049,0.001303806,-0.002739585,-0.014925,0.01652818,-0.1066217,0.05769208,male
NA21125,NA21125,0.1880589,-0.09325299,-0.1954831,0.0709538,0.01085282,0.007816891,-0.006672558,-0.006942924,-0.1686307,-0.02574406,female
NA21126,NA21126,0.1851567,-0.07636823,-0.2163536,0.1047532,-0.01635144,0.007076135,0.01741731,0.02722448,-0.1013131,0.04220489,male
NA21127,NA21127,0.1580346,-0.06810967,-0.2173803,0.06953364,0.01351248,-0.001156464,0.008287493,0.004209059,-0.1354232,0.03709356,male
NA21128,NA21128,0.1840354,-0.09639817,-0.2080633,0.09708982,-0.005348147,0.008670391,-0.006881087,-0.01285914,-0.1105759,0.02288902,male
NA21129,NA21129,0.162765,-0.05982749,-0.2069056,0.08523219,0.009689701,0.001425451,-0.009474408,-0.008551115,-0.1291219,0.05206693,male
NA21130,NA21130,0.1782329,-0.06958354,-0.193943,0.08900498,0.01234653,-0.01210559,0.01134798,0.01941549,-0.154133,-0.01723109,male
NA21133,NA21133,0.181258,-0.1012187,-0.1822644,0.08350941,0.01886394,0.001769381,0.003439386,-0.008019234,-0.1363197,0.02537395,male
NA21135,NA21135,0.1746561,-0.08648941,-0.1876085,0.06858407,-0.003327208,0.01202483,-0.002506286,0.01627893,-0.1699288,0.06388946,male
NA21137,NA21137,0.1788635,-0.08969558,-0.1886292,0.07780777,-0.003815408,0.006097147,-0.008803335,0.008247863,-0.09115185,0.03206445,female
NA21141,NA21141,0.1784677,-0.07886181,-0.2168444,0.07113563,0.001153555,-0.01630981,-0.01864003,0.01029233,-0.1408846,-0.002186481,female
NA21142,NA21142,0.1809332,-0.08823168,-0.2009337,0.07036133,-0.001162443,0.01378832,0.009202914,0.0001121516,-0.08471953,0.05234886,female
NA21143,NA21143,0.1875181,-0.1015502,-0.2264132,0.0788688,-0.01291834,0.009422901,-0.007139083,0.007870781,-0.1542895,-0.03197957,female
NA21144,NA21144,0.1789256,-0.07422513,-0.1962983,0.07542598,0.0002391509,0.01198758,0.01536941,-0.02273672,-0.1325189,0.04128747,female
HG03713,HG03713,0.1784081,-0.08948415,-0.176793,0.07042742,0.01647012,0.01820243,-0.005502902,-0.00557755,0.0185289,0.006726223,male
HG03714,HG03714,0.161382,-0.08995029,-0.1569533,0.07157131,-0.03164275,0.002229996,-0.01838193,0.002166459,0.04511712,-0.0008541789,female
HG03716,HG03716,0.1634959,-0.105257,-0.1900165,0.08224475,-0.002212815,0.007143909,-0.01098652,0.004862459,-0.002425382,-0.003354155,male
HG03717,HG03717,0.173904,-0.05510621,-0.2166227,0.09520133,-0.02849441,0.02980386,-0.005950262,-0.01037045,0.02024686,0.01777132,female
HG03718,HG03718,0.1825851,-0.05785884,-0.2280186,0.08027012,-0.01754783,0.01741035,-0.004524075,-0.01223827,-0.01122147,0.0005088294,male
HG03720,HG03720,0.1833417,-0.0599044,-0.212945,0.09671373,0.008951846,0.005032271,0.01736926,0.02138093,0.004155278,-0.01036122,male
HG03722,HG03722,0.177756,-0.03776442,-0.2315608,0.09055269,0.02320999,0.0007752886,-0.01235021,0.01487703,0.0346012,-0.004985224,female
HG03727,HG03727,0.1787297,-0.06420882,-0.1678432,0.09744546,-0.004609375,-0.006902338,-0.00749658,-0.002377261,0.0148759,-0.01922776,male
HG03729,HG03729,0.1831128,-0.07895124,-0.2152296,0.07355762,0.02497651,-0.01289433,-0.006788805,-0.003171715,0.05042295,0.009063775,male
HG03730,HG03730,0.1800585,-0.01994252,-0.2376339,0.09521376,0.002375026,-0.006889869,0.01077503,-0.0009725182,0.05466098,-0.02748842,female
HG03731,HG03731,0.1699746,-0.07998829,-0.2163024,0.08023937,-0.006106094,0.01342637,-0.009179236,0.01896881,0.009713739,-0.009320839,female
HG03742,HG03742,0.186561,-0.03866844,-0.2242638,0.09519565,0.003491091,-0.009055103,-0.0207921,0.007165997,0.04918856,0.0148954,male
HG03770,HG03770,0.1896592,-0.03915804,-0.208355,0.07770302,-0.01292158,-0.01980875,-0.007269572,-0.01269024,0.04289481,0.04320073,female
HG03771,HG03771,0.1752416,-0.05084425,-0.2143418,0.06299959,-0.003892306,0.003324779,0.01126196,0.007265703,0.04840219,0.05161266,male
HG03772,HG03772,0.1810601,-0.05102817,-0.2497053,0.1166763,0.0001831409,0.005154455,0.0001502117,-0.005289867,-0.02427586,0.003643685,female
HG03773,HG03773,0.1862261,-0.07184674,-0.2338799,0.09142445,0.001592139,0.02931335,4.259102e-05,-0.010509,0.01906357,-0.01394263,male
HG03774,HG03774,0.1734199,-0.06636627,-0.2151462,0.08804176,-0.0009707869,-0.0306432,-0.004318319,-0.001351943,-0.000587343,-0.05628174,female
HG03775,HG03775,0.1714962,-0.05707833,-0.2193013,0.0896101,-0.03480715,0.002251746,0.005340548,-0.01102155,0.03514805,0.0005150808,male
HG03777,HG03777,0.1870245,-0.07509679,-0.2100202,0.06034546,0.01620143,-0.008493084,0.02150729,0.02383187,-0.003302859,-0.04971492,male
HG03778,HG03778,0.1799767,-0.0409969,-0.21631,0.06505961,-0.01113561,0.009956671,0.009041563,0.004281168,0.06134907,0.005740211,male
HG03779,HG03779,0.1608518,-0.07373296,-0.1925358,0.07377947,0.0001532234,0.02428695,0.01247143,-0.01071281,0.01049125,-0.03544672,male
HG03780,HG03780,0.1703572,-0.07369146,-0.1845917,0.06510485,0.001557467,-0.002609145,0.01666893,-0.007951324,0.02933595,-0.02998207,female
HG03781,HG03781,0.173292,-0.07420045,-0.1902983,0.06297768,0.006456578,0.006937389,0.0185608,0.0004765294,0.006523089,-0.003068978,female
HG03782,HG03782,0.1713101,-0.06697962,-0.1842201,0.07411443,-0.00222205,0.02207412,-0.00598843,-0.009387404,0.0008962933,0.01712295,female
HG03784,HG03784,0.1866815,-0.0473534,-0.2356136,0.1094862,-0.0274371,0.0002033287,0.02113048,-0.0004477227,-0.03049298,0.006790598,female
HG03785,HG03785,0.17741,-0.05604539,-0.2442872,0.08921226,-0.02447878,0.005621437,0.006171164,0.00885451,-0.0004095805,0.02961635,male
HG03786,HG03786,0.1903767,-0.06784689,-0.2364505,0.1161756,0.001237528,-0.01880232,0.00219626,0.02465019,-0.03578616,0.02205872,male
HG03787,HG03787,0.1832499,-0.04398601,-0.2276838,0.1054061,-0.003241714,-0.009645096,-0.0239634,0.01558668,0.04200271,-0.03943218,female
HG03788,HG03788,0.1634892,-0.07534329,-0.1793248,0.06704011,-0.00133963,-0.02378456,-0.004252997,0.01811098,-0.00834641,-0.04628489,male
HG03789,HG03789,0.1869984,-0.08245901,-0.1741446,0.06679231,-0.02631973,0.02038996,0.007741631,0.003640271,0.02131981,-0.02979791,female
HG03790,HG03790,0.1864733,-0.09390584,-0.2007272,0.06340503,0.00192781,-0.03307592,-0.001182267,0.004143641,-0.00350525,-0.07268934,male
HG03792,HG03792,0.1809207,-0.07801887,-0.1741803,0.0672465,0.02433397,0.00495716,-0.01569379,-0.01045148,0.03546081,-0.02047204,male
HG03861,HG03861,0.1666755,-0.05372783,-0.2307052,0.1036992,-0.01755689,0.01138368,-0.004767159,0.004975824,-0.007095336,0.0186369,female
HG03862,HG03862,0.1696065,-0.09761237,-0.2021407,0.07550659,-0.004908911,0.005130609,-0.01528944,-0.01112372,-0.01060389,-0.005673921,female
HG03863,HG03863,0.184567,-0.07037516,-0.212875,0.08505577,0.0001510181,-0.02633768,0.002959824,0.009235621,0.03355323,-0.04752336,female
HG03864,HG03864,0.1624784,-0.06557777,-0.2165777,0.07619763,0.01488135,-0.002792697,0.004746199,0.01356998,0.03160065,0.0163995,male
HG03866,HG03866,0.1718685,-0.06130841,-0.2203801,0.08717708,-0.005131869,0.007066805,0.002113794,0.007177628,0.02601703,-0.03806961,male
HG03867,HG03867,0.169009,-0.02318713,-0.223626,0.08689291,-0.0146756,-0.0006633859,0.004227165,-0.0120004,0.04871642,-0.03244039,male
HG03868,HG03868,0.1919581,-0.09048515,-0.2008439,0.07191799,0.001961785,-0.016119,-0.001690361,-0.01596145,-0.002254537,-0.004530665,female
HG03869,HG03869,0.1755335,-0.09522031,-0.1992434,0.09201912,0.005909241,-0.01750679,-0.003910672,-0.01861585,0.05280859,0.005464376,male
HG03870,HG03870,0.172962,-0.07120227,-0.2046378,0.0753466,-0.03013135,-0.01736708,0.02727688,0.009027604,0.02379003,0.00619127,male
HG03871,HG03871,0.1737579,-0.07743277,-0.2214094,0.06660196,-0.01279907,-0.007026963,0.006386911,0.0074924,0.03753206,0.01491374,male
HG03872,HG03872,0.1642813,-0.06431387,-0.1852697,0.07258538,0.01405318,0.003833806,0.01081213,-0.005698118,0.02995382,-0.007035112,male
HG03873,HG03873,0.1788614,-0.0541182,-0.2276276,0.08203145,-0.01951483,0.01065971,0.004920239,-0.01315721,0.05916256,-0.04981119,female
HG03874,HG03874,0.1771126,-0.04481085,-0.2002596,0.07721676,-0.008953655,0.006838761,0.01079255,0.01901102,-0.005304835,-0.02654111,female
HG03875,HG03875,0.1826475,-0.0872194,-0.1587817,0.05856012,0.00387062,-0.007827032,-0.0002431298,0.004978929,0.01999943,0.005833812,male
HG03882,HG03882,0.1684259,-0.07538954,-0.1939339,0.08700609,-0.01356048,0.001815263,0.001122728,-0.02240561,0.02069715,0.01582387,female
HG03960,HG03960,0.1776719,-0.06037568,-0.19621,0.08650912,0.009213512,0.01061875,0.01346938,-0.01753311,0.02726908,0.004353589,male
HG03963,HG03963,0.1886527,-0.0371383,-0.2148891,0.09617295,0.006554204,0.01238851,-0.0146214,-0.0006642364,0.01394277,-0.04550985,male
HG03965,HG03965,0.1783212,-0.0426559,-0.2051639,0.0812017,-0.0001706222,-0.01126736,0.01473211,-0.02124859,0.05059134,-0.004491515,male
HG03967,HG03967,0.1960737,-0.05474297,-0.2015758,0.07694785,0.01084817,-0.003942947,0.005037753,0.01394405,0.03207301,-0.01579458,male
HG03968,HG03968,0.1775195,-0.06111325,-0.2062573,0.07953377,0.01776418,-0.01081306,0.03278452,0.001252853,-0.00514637,0.0264668,female
HG03969,HG03969,0.1795348,-0.07203714,-0.1978204,0.08124696,0.01325191,-0.002401809,-0.0001861682,0.02218319,0.04656761,0.02340576,male
HG03971,HG03971,0.1849072,-0.06697951,-0.2081721,0.07968364,0.007144693,0.006997269,-0.01130819,0.001419311,0.0497828,-0.007401551,male
HG03973,HG03973,0.1808054,-0.0606589,-0.1977258,0.05387415,-0.006831007,-0.03919087,0.02272045,0.01065205,0.01333876,-0.03807116,female
HG03974,HG03974,0.1911558,-0.06660211,-0.1983557,0.1023144,0.0129835,-0.01995092,0.01049984,0.006725858,0.06850099,-0.01075171,male
HG03976,HG03976,0.1791549,-0.0450224,-0.2125249,0.08019987,-0.009130495,-0.008180547,-0.008458075,0.001750573,0.02362223,-0.001664602,male
HG03977,HG03977,0.1911895,-0.02144356,-0.2246936,0.09390527,0.008583166,0.005893155,0.01876577,0.005224435,0.03093811,-0.01916135,female
HG03978,HG03978,0.1824269,-0.04787743,-0.2186008,0.08789852,-0.01076747,0.001850401,-0.002624425,-0.01293814,0.03554069,-0.01466282,male
HG04001,HG04001,0.17819,-0.06555342,-0.2166359,0.0669585,-0.002264017,-0.01921662,-0.002148464,0.01773696,0.04385605,-0.003349609,female
HG04002,HG04002,0.1736895,-0.05627331,-0.2048817,0.052115,-2.511088e-05,-0.02361041,-0.003796668,-0.01448598,0.02389063,0.05180563,male
HG04014,HG04014,0.1871682,-0.04664656,-0.2043566,0.07930438,0.003670787,-0.01526535,0.01979383,-0.002046202,0.02940346,-0.01063137,female
HG04015,HG04015,0.1917114,-0.03728371,-0.2063825,0.08405944,-0.01300103,0.01242889,0.0005462733,0.01665104,-0.008980744,0.004692392,male
HG04017,HG04017,0.1825354,-0.05099642,-0.2322674,0.08973308,-0.006002486,0.004740122,0.01957586,0.005894557,-0.01346401,0.003275454,male
HG04018,HG04018,0.1742737,-0.07665714,-0.195606,0.07863036,-0.009095986,-0.009235554,0.007764823,0.01051535,0.02789282,-0.056159,female
HG04019,HG04019,0.1707782,-0.07943923,-0.198147,0.09516603,-0.0142267,-0.01267488,-0.01504315,-0.01283781,0.05235584,0.03939574,male
HG04020,HG04020,0.1808424,-0.0696024,-0.1853969,0.05163123,0.0003857756,0.02531946,0.01457337,0.0004941508,0.009754878,0.01415092,male
HG04022,HG04022,0.1719626,-0.08216645,-0.2199469,0.0871664,-5.536879e-05,0.01010251,-0.01177115,0.01209166,0.04059136,-0.04456393,male
HG04023,HG04023,0.1922125,-0.04391239,-0.2300456,0.1125522,0.004135238,0.008699966,-0.0102514,-0.006713787,0.006504938,0.003470899,male
HG04025,HG04025,0.1762179,-0.05518796,-0.2388314,0.1044339,-0.01537506,-0.010537,0.002555208,0.007204496,-0.02739789,0.05169919,female
HG04026,HG04026,0.1717088,-0.06187573,-0.2568184,0.1009472,-0.03358396,0.008455475,-0.0007779943,0.01776861,0.004048811,0.01273924,female
HG04054,HG04054,0.1765639,-0.05858798,-0.2547605,0.1079773,0.003739763,0.01206968,-0.01302468,0.00393793,0.003794453,-0.02809485,female
HG04056,HG04056,0.1696041,-0.06907126,-0.2284208,0.1117603,-0.004539346,0.0108241,0.01011052,0.01046693,-0.004795488,-0.01713606,male
HG04059,HG04059,0.1712442,-0.07522379,-0.1914769,0.08151575,-0.01044601,0.01209334,-0.01428933,-0.001211388,0.001964537,-0.01502105,female
HG04060,HG04060,0.1824797,-0.100385,-0.1784645,0.0857924,-0.01680526,-0.0125126,0.001331519,-0.0003488333,0.02395008,0.02145849,male
HG04061,HG04061,0.1833412,-0.02402871,-0.2365902,0.09204229,0.01132994,0.008335547,0.009129949,0.0103921,-0.001242187,0.01018054,male
HG04062,HG04062,0.1725178,0.0036127,-0.2269956,0.08714762,0.009348051,-0.007573804,-0.005982882,-0.004043726,0.05799288,-0.01329285,female
HG04063,HG04063,0.1916515,-0.05399407,-0.2398941,0.1061409,0.007503964,0.01265585,0.01819334,-0.01273389,-0.03585526,0.008281347,female
HG04070,HG04070,0.1750462,-0.05297116,-0.2151431,0.07309213,0.003473601,-0.01204436,0.009126247,-0.01042818,0.04255343,0.04201168,female
HG04076,HG04076,0.17345,-0.05209525,-0.2104587,0.07688391,-0.005390935,-0.02939936,0.02249437,-0.0119998,-0.03519182,0.0007148142,female
HG04080,HG04080,0.1702125,-0.08137485,-0.178041,0.07003272,-0.008356368,0.0136364,0.0200759,0.00887382,0.01795699,-0.03955532,male
HG04090,HG04090,0.1855132,-0.05739856,-0.216214,0.07713268,0.00076343,-0.004159264,0.01756079,-0.0008721718,0.0670051,0.0143135,female
HG04093,HG04093,0.1744239,-0.07356894,-0.2093205,0.09703849,0.0013378,0.01339086,0.01323285,-0.001319967,0.01871757,0.001437779,male
HG04094,HG04094,0.1800772,-0.06257066,-0.2077665,0.0597919,-0.02562326,0.008461334,0.002466542,0.0126839,-0.0009797758,-0.08475954,male
HG04096,HG04096,0.177507,-0.05902785,-0.2104934,0.08326588,-0.00689684,0.002169958,0.008428206,-0.00748352,-0.01380029,0.009304241,male
HG04098,HG04098,0.1930997,-0.06886666,-0.2019962,0.05989314,-0.001895395,-0.005244405,0.01334118,0.002844192,0.02203012,0.0285464,male
HG04118,HG04118,0.160552,-0.04285731,-0.2185622,0.06595047,-0.023699,0.00829637,0.01013235,-0.008581709,0.05281868,0.003557837,female
HG04198,HG04198,0.1807492,-0.09096575,-0.2034601,0.07656715,-0.01269098,-0.02747331,0.000253119,0.01012261,0.007136925,0.04281603,male
HG04200,HG04200,0.1693171,-0.07310088,-0.19319,0.06538806,0.005494681,-0.006009916,-0.008806521,0.01617705,0.02048736,-0.01220249,female
HG04202,HG04202,0.169665,-0.05770653,-0.2227503,0.08115534,0.001285297,-0.02258121,0.03705877,0.01530336,0.04019324,-0.0002068016,female
HG04206,HG04206,0.1536755,-0.06557739,-0.2016635,0.06372066,-0.005600804,0.01252056,-0.005073844,-0.008033886,0.02753292,-0.04513728,male
HG04209,HG04209,0.1765367,-0.08036006,-0.2087077,0.09608509,-0.01275154,-0.005641153,0.01164481,-0.007350521,0.01754988,0.03964887,female
HG04211,HG04211,0.1634899,-0.07622501,-0.2009512,0.08112102,0.01880073,-0.01890679,-0.001847461,0.01663819,0.01773178,0.007467525,male
HG04212,HG04212,0.159642,-0.07522526,-0.2024934,0.07935795,-0.005275421,-0.01766667,0.02103878,-0.004394112,0.06051758,-0.004216872,female
HG04214,HG04214,0.173752,-0.07747597,-0.2093329,0.0838227,-0.02021039,0.002330963,0.01320554,-0.01081116,0.0121319,-0.002928626,female
HG04216,HG04216,0.1721686,-0.05393575,-0.2149597,0.08919587,-0.00249979,0.005316434,0.01097429,0.009044518,0.04347828,-0.00156435,female
HG04219,HG04219,0.167888,-0.0698226,-0.2009478,0.08307467,0.0114257,0.01135063,-0.009839357,0.01013329,0.0419564,-0.005037944,male
HG04222,HG04222,0.1746684,-0.05299037,-0.2263258,0.06784878,0.005566762,0.009612136,-0.003147268,-0.01181618,0.03096391,0.007653166,male
HG04225,HG04225,0.1834776,-0.06408087,-0.2077803,0.08358757,0.01020203,0.009897066,0.01319189,-0.01718632,0.01196189,-0.006994966,male
HG04235,HG04235,0.185608,-0.06404984,-0.2023958,0.05684998,-0.01947,-0.00994642,0.001575269,-0.02029527,-0.04224617,0.01766521,male
HG04238,HG04238,0.1798654,-0.0546088,-0.2119264,0.07555636,-0.0002022045,0.0008812236,0.01170487,-0.02113388,0.008618481,-0.01033788,male
HG04239,HG04239,0.1563128,-0.05821319,-0.2292369,0.07855724,0.005395915,-0.001124768,-0.01690746,-0.01057548,0.03744165,0.0006457398,male
HG01583,HG01583,0.1756216,-0.1204529,-0.1554558,0.06235216,0.007638607,0.02325483,0.009114347,0.009793169,-0.01475793,0.002171809,male
HG01586,HG01586,0.1927653,-0.1120087,-0.1183445,0.05102217,0.001225582,0.01051383,0.009634562,0.005396272,0.03292024,0.02988943,male
HG01589,HG01589,0.1698659,-0.1236325,-0.1460343,0.04317407,-0.00452926,-0.001754586,-0.002962485,-0.005382281,0.001228169,-0.0006031006,male
HG01593,HG01593,0.1881488,-0.1395887,-0.130136,0.03642808,0.01824921,0.02099696,0.002944841,0.001201944,0.006220948,-0.04808968,female
HG02490,HG02490,0.1837065,-0.1399859,-0.1278892,0.03087557,-0.004779087,-0.02355121,0.01344808,0.01718535,-0.009962279,0.03402351,male
HG02491,HG02491,0.1619025,-0.1101918,-0.1673724,0.0531142,-0.01087178,0.004932431,-0.02402828,0.005865008,0.02637526,0.001107965,female
HG02493,HG02493,0.166792,-0.1177111,-0.155722,0.05610366,0.001862645,-0.005852579,-0.01195463,0.01080559,0.0350358,-0.002267791,male
HG02494,HG02494,0.1968239,-0.1157541,-0.1188616,0.03954188,-0.002208737,-0.006213905,0.02456056,0.002986046,-0.0003991333,-0.0411453,female
HG02597,HG02597,0.1729692,-0.1514844,-0.1337833,0.04003621,0.004886546,-0.03954911,0.005345878,-0.005358513,-0.02191208,-0.02727538,male
HG02600,HG02600,0.1779158,-0.08046041,-0.180983,0.05849149,0.01845592,0.008264467,0.003235138,0.0276861,-0.03420678,-0.06307519,male
HG02601,HG02601,0.1610212,-0.09966377,-0.1750666,0.07202818,0.007535401,0.002135177,-0.006448038,-0.01541342,-0.003645785,0.01125526,female
HG02603,HG02603,0.1767798,-0.1256588,-0.142744,0.02613117,-0.005992358,-0.01304487,0.01248931,0.002777414,-0.02811777,-0.04101952,male
HG02604,HG02604,0.1948831,-0.1442764,-0.1137663,0.01838116,-0.001104823,0.01781703,0.006927343,-0.009556185,-0.04196709,-0.05590704,female
HG02648,HG02648,0.1574689,-0.1293661,-0.1034759,0.04339207,-0.009040864,-0.003147813,0.02799658,0.005858264,0.01748075,0.03751896,male
HG02649,HG02649,0.1662733,-0.1415533,-0.1154519,0.04547014,-0.007865936,-0.008654955,0.01478493,0.007484358,0.01044024,-0.01421753,female
HG02651,HG02651,0.1794338,-0.1219313,-0.1470901,0.05217539,0.01038527,0.008711452,0.003796511,0.008592075,-0.0009189616,0.03408712,male
HG02652,HG02652,0.176793,-0.1211825,-0.1336505,0.05263462,0.02290662,0.01773372,-0.01045829,-0.001954522,0.01954725,0.01313465,female
HG02654,HG02654,0.1807577,-0.1259864,-0.1085208,0.04848244,-0.008438006,0.007695061,-0.003597629,-0.00200948,0.01746029,0.004246884,male
HG02655,HG02655,0.1699989,-0.1376675,-0.1123307,0.02754137,-0.004461029,0.004664229,-0.004065436,0.02140177,-0.01384242,0.05033039,female
HG02657,HG02657,0.1829038,-0.1206144,-0.157795,0.06579341,0.004207053,-0.007066474,-0.004985842,0.009494227,0.00617833,0.01430543,male
HG02658,HG02658,0.1676403,-0.1056937,-0.1475759,0.04811912,-0.002664531,-0.04830887,0.009801351,0.01233402,-0.003698344,-0.1316134,female
HG02660,HG02660,0.1749178,-0.1085728,-0.1329121,0.03651018,0.005760526,-0.0338616,0.001426658,-0.003859333,0.01204878,-0.004086146,male
HG02661,HG02661,0.1770926,-0.09011938,-0.1535005,0.06020205,0.01563013,0.01827335,-0.001177117,0.009736124,0.02154944,-0.02259155,female
HG02681,HG02681,0.1778038,-0.1277702,-0.1334641,0.01539659,-0.01012648,0.01826232,-0.0328459,0.01296251,0.02093241,-0.02415153,male
HG02682,HG02682,0.1701064,-0.1517883,-0.1251352,0.01966826,0.01720148,-0.00579216,-0.03877477,-0.004640053,0.00712054,0.01112161,female
HG02684,HG02684,0.1635007,-0.0602958,-0.1966872,0.0619809,-0.004471237,0.0101263,-0.01702685,-0.001599528,0.05497092,-0.009609255,male
HG02685,HG02685,0.1690406,-0.0765792,-0.2133209,0.08368016,0.0179437,-0.002980966,-0.02858208,0.007197574,0.08887227,-0.01834988,female
HG02687,HG02687,0.1928018,-0.07198186,-0.2054994,0.09118227,0.01992234,0.00135231,-0.009655089,-0.00589429,0.09393807,0.0263916,male
HG02688,HG02688,0.1835286,-0.09098322,-0.2072785,0.06360687,0.008476027,0.014595,0.006200211,0.01781179,0.05952351,-0.007118881,female
HG02690,HG02690,0.1588977,-0.1364753,-0.1171709,0.03710558,0.003014886,-0.01396554,-0.0144848,0.04004276,0.006347194,0.0330103,male
HG02691,HG02691,0.1805048,-0.1362858,-0.1167846,0.04624779,0.02105818,-0.02582584,-0.01073391,0.02354698,-0.0003678768,-0.04670172,female
HG02694,HG02694,0.1817008,-0.1551083,-0.1071703,0.03857394,0.00435532,-0.003162225,-0.009445686,-0.005530885,-0.004785675,0.07113677,female
HG02696,HG02696,0.1820642,-0.1028577,-0.1587309,0.04927352,0.008394752,0.02268217,-0.01702622,-0.01343547,0.02181503,0.04829356,male
HG02697,HG02697,0.1688093,-0.1347523,-0.1334681,0.05612106,0.01238389,-0.001568071,0.01606094,0.004907076,0.001699426,0.01930846,female
HG02699,HG02699,0.1561641,-0.1224652,-0.12606,0.03550637,-0.005023255,0.01434724,-0.02192902,0.0230508,0.02226783,0.07452665,male
HG02700,HG02700,0.17227,-0.1168484,-0.1193278,0.03471358,-0.002254185,0.02350892,0.005796199,-0.006252838,0.0006958161,0.03275347,female
HG02724,HG02724,0.1846695,-0.05957712,-0.2185137,0.101613,-0.0002388334,0.005845406,-0.01078582,-0.0002918101,0.06777871,0.001772356,male
HG02725,HG02725,0.1636396,-0.05021496,-0.2126173,0.07535951,0.01063186,0.002857546,0.008597585,0.01486446,0.06147371,0.003228778,female
HG02727,HG02727,0.179518,-0.05858775,-0.2212388,0.07559039,0.02843976,0.01020494,-0.01444227,-0.02670841,0.07323895,0.05032634,male
HG02728,HG02728,0.1818195,-0.04211965,-0.196474,0.08824158,0.02377504,0.008179735,0.001961889,-0.01956481,0.02547476,-0.02688567,female
HG02731,HG02731,0.1661367,-0.1060512,-0.1807114,0.0524617,0.006081218,-0.01837434,-0.007551065,0.01484458,0.01292778,0.007088532,female
HG02733,HG02733,0.1743089,-0.1133616,-0.1779521,0.05186213,0.006349751,-0.02725574,-0.001100395,-0.03384275,-0.0003634061,0.04550592,male
HG02734,HG02734,0.1686564,-0.1354975,-0.1200815,0.03533492,-0.004337921,-0.02271533,-0.005630919,0.009384899,-0.04697955,-0.09763123,female
HG02736,HG02736,0.1724982,-0.1281007,-0.1283239,0.04570588,0.009534089,-0.01464226,0.001125656,0.00234591,-0.0387554,-0.06768074,male
HG02737,HG02737,0.18047,-0.1197069,-0.1283039,0.03571619,0.01453651,-0.002830687,0.003175159,-0.001662264,-0.01050405,-0.05847199,female
HG02774,HG02774,0.1743445,-0.09476168,-0.1829843,0.06321983,0.0189198,-0.01909156,0.02080182,0.01613215,0.05827773,0.02105772,male
HG02775,HG02775,0.1867487,-0.05267605,-0.1928504,0.07210003,0.005719425,-0.01590124,0.003042631,-0.00200319,0.06576328,0.0040881,female
HG02778,HG02778,0.1603195,-0.06815892,-0.1924424,0.07816952,0.01155485,-0.009509138,0.004911508,0.003954791,0.066049,0.03402678,female
HG02780,HG02780,0.1865785,-0.07842599,-0.2006908,0.07096141,-0.01936804,-0.001936347,-0.02637172,-0.02704787,0.07960908,0.02343795,male
HG02783,HG02783,0.1786851,-0.06717766,-0.2032684,0.08338763,-0.01588002,-0.008925906,0.001219855,-0.007359201,0.1080353,-0.03859387,male
HG02784,HG02784,0.191355,-0.07385032,-0.2024168,0.08265204,-0.002326645,0.008276781,0.007725919,-0.01070713,0.06672179,-0.04757577,female
HG02786,HG02786,0.1785913,-0.06044321,-0.1942235,0.09575393,0.02795581,0.007221633,0.0006273917,-0.01091659,0.06058199,0.02358234,male
HG02787,HG02787,0.1757198,-0.08373291,-0.2087398,0.08628425,-0.01136021,-0.003065304,0.02667641,-0.005325907,0.05503511,-0.01094083,female
HG02789,HG02789,0.1777813,-0.06555561,-0.2061954,0.0547443,0.01501546,0.003114657,-0.02007042,0.0001643323,0.03549536,0.001472159,male
HG02790,HG02790,0.1809345,-0.06053584,-0.1876631,0.06883423,0.02145323,-0.00265371,-0.01154738,-0.002847125,0.030628,-0.0444444,female
HG02792,HG02792,0.1806505,-0.05721204,-0.2108503,0.07563974,0.006507981,0.01453064,-0.0003698112,-0.00500413,0.06024076,0.002102494,male
HG02793,HG02793,0.1886111,-0.07106035,-0.197726,0.06645071,0.007608117,0.003157323,-0.0007586454,-0.01076472,0.06616512,-0.004480564,female
HG03015,HG03015,0.1868227,-0.07735312,-0.1903003,0.07818324,0.02056354,0.01362851,-0.02675363,-0.01718566,0.06269907,-0.009334071,male
HG03016,HG03016,0.1678214,-0.06919852,-0.175143,0.07662384,0.010592,-0.008533695,0.01172947,-0.009894337,0.02875047,-0.08526522,female
HG03018,HG03018,0.1703211,-0.07763781,-0.2108911,0.07615815,0.01547181,-0.01295568,-0.002750556,-0.02534803,0.04232572,-0.02255904,male
HG03019,HG03019,0.1736434,-0.05473423,-0.1901462,0.06343574,0.02122275,0.002830761,-0.02625522,-0.006338438,0.07163039,-0.01491767,female
HG03021,HG03021,0.1730874,-0.04581908,-0.2024468,0.06485036,0.02981841,0.00693164,-0.003685182,-0.0201138,0.05487295,0.03379169,male
HG03022,HG03022,0.1851105,-0.08497525,-0.1946244,0.08528522,0.01154097,0.01906291,0.002102891,-0.009684975,0.05221839,0.02117366,female
HG03228,HG03228,0.1781085,-0.0759754,-0.169573,0.0636835,-0.01804902,0.01659045,-0.00383927,-0.02189803,0.02398474,0.01713859,male
HG03229,HG03229,0.1825219,-0.07884793,-0.1704629,0.05627456,-0.004521905,0.02630055,0.0004813466,-0.00651721,0.03312393,-0.03249588,female
HG03234,HG03234,0.1535321,-0.1310914,-0.1379332,0.0575123,0.008158944,-0.01654275,0.01466647,0.006889521,0.01203026,0.01481327,male
HG03235,HG03235,0.1719228,-0.1336802,-0.1526951,0.05525548,0.00604806,0.02971337,-0.0001541769,-0.001900087,0.004425168,0.007070806,female
HG03237,HG03237,0.1567613,-0.1396571,-0.1311736,0.03921922,0.009427683,0.002027359,-0.01536752,-0.002241218,-0.02828718,0.003245569,male
HG03238,HG03238,0.1650326,-0.1699074,-0.09008528,0.00449334,-0.01368241,0.01509316,-0.001671931,0.004532665,-0.03621184,-0.06357683,female
HG03488,HG03488,0.1729126,-0.1057708,-0.1497036,0.05792188,0.006721177,-0.004847477,0.003866527,0.008203961,-0.04421685,0.01038958,female
HG03490,HG03490,0.1738234,-0.1222537,-0.126327,0.05089935,-0.01101549,-0.01758924,-0.001911491,0.01263945,-0.03578111,0.01586706,male
HG03491,HG03491,0.1746094,-0.06565512,-0.1990985,0.08135692,-0.001152858,-0.005373107,0.0008884721,0.001847605,0.02731212,0.002713573,female
HG03619,HG03619,0.1687375,-0.1561038,-0.1137634,0.04679447,-0.01270495,0.002575979,0.007471196,0.01340613,0.01667626,0.02855316,female
HG03624,HG03624,0.1717011,-0.1319824,-0.1292043,0.03487723,-0.01304204,0.004735928,-0.005419278,0.01403796,0.001625719,-0.009216011,male
HG03625,HG03625,0.1673015,-0.1437409,-0.1373054,0.02064614,0.01287123,-0.01455838,0.02712606,0.008796789,0.06842826,0.03616328,female
HG03629,HG03629,0.1744472,-0.1207518,-0.1616556,0.06011117,0.009751359,0.01625275,0.001714351,0.007448719,-0.002463832,0.002329979,male
HG03631,HG03631,0.1728515,-0.1187842,-0.1626643,0.0516344,0.02487513,-0.01555443,-0.01211704,0.01642613,-0.03494645,-0.04871713,female
HG03634,HG03634,0.1602667,-0.1317265,-0.1254686,0.02818422,-0.004449373,-0.006805182,-0.005276606,0.01676442,-0.005135488,0.04363045,female
HG03636,HG03636,0.188214,-0.1105163,-0.1317022,0.03660331,-0.01624024,-0.02774959,0.001070728,0.01133997,-0.006980594,-0.00486447,male
HG03640,HG03640,0.1855756,-0.06053576,-0.1963329,0.06167014,0.01708737,0.001759201,-0.01777516,-0.01483205,0.07218423,0.02135891,female
HG03649,HG03649,0.1789563,-0.09560716,-0.1559466,0.05539794,0.006483125,0.004194115,-0.004074883,0.005715562,0.01219205,0.008242004,male
HG03652,HG03652,0.1913609,-0.09402654,-0.1808494,0.05386772,0.008527017,-0.003952168,-0.004354562,-0.005769191,-0.002550865,-0.001418735,male
HG03653,HG03653,0.1806003,-0.09183059,-0.167833,0.04882199,0.005058559,0.02191644,-0.002902199,-0.01191949,0.01277669,-0.003248885,female
HG03660,HG03660,0.199229,-0.06067855,-0.2019115,0.05920243,0.01633553,0.009935665,-0.002368667,-0.003895092,0.07383978,-0.0154647,male
HG03663,HG03663,0.1917128,-0.05905926,-0.2068423,0.07258319,0.009163965,0.02667161,-0.01697566,0.007911525,0.08133597,-0.004392911,male
HG03667,HG03667,0.1743752,-0.0195277,-0.1936295,0.0546777,-0.0003678296,-0.002001966,-0.003607585,-0.005346112,0.005200889,-0.04387636,male
HG03668,HG03668,0.1870505,-0.07666269,-0.1589017,0.06490283,-0.009610778,0.00243687,0.01008738,-0.01564203,0.007793751,0.01839562,female
HG03702,HG03702,0.1893021,-0.07897841,-0.1855037,0.05700144,0.005490744,-0.01616291,-0.001318577,0.00889647,-0.008777027,-0.0414168,male
HG03703,HG03703,0.1830668,-0.08535976,-0.1811315,0.05679289,0.008425359,0.006001581,0.008272292,4.951532e-06,0.01283578,0.006181816,female
HG03705,HG03705,0.2044238,-0.0494364,-0.2164576,0.06445251,-0.001237595,0.02548201,-0.002355902,0.006135232,0.06911604,0.003679007,male
HG03706,HG03706,0.1949709,-0.07487648,-0.2363376,0.06409702,0.01520224,0.01550732,-8.049398e-05,-0.04047,0.07355249,0.002390396,female
HG03708,HG03708,0.1633246,-0.09197193,-0.1585422,0.05402056,0.008064588,-0.0267508,0.005682894,0.004006625,-0.01863659,-0.06303216,male
HG03709,HG03709,0.2025056,-0.08678913,-0.1727425,0.05849698,0.008769385,0.008260276,-0.004942237,-0.00314257,-0.01802874,-0.0522827,female
HG03762,HG03762,0.1737477,-0.06388867,-0.2023307,0.04790385,0.01357434,-0.0006043991,0.006169251,-0.004474401,0.01978633,0.001417715,female
HG03765,HG03765,0.1718041,-0.1193773,-0.1376711,0.03629851,-0.006884791,0.005888045,-0.003837226,-0.0286688,-0.008786957,0.04510891,female
HG03767,HG03767,0.1646439,-0.1545434,-0.1299995,0.01623674,0.0147519,-0.03260747,0.02751935,0.02798446,-0.013403,0.03655824,male
HG03642,HG03642,0.1817048,-0.05479011,-0.2282873,0.09750721,0.01749643,-0.0251677,-0.01234412,-0.001514695,0.0214351,-0.02529633,female
HG03643,HG03643,0.182869,-0.04676908,-0.2081027,0.08830488,0.0209234,0.008372411,0.006376299,-0.007662736,0.01213872,0.009272171,female
HG03644,HG03644,0.1773863,-0.06439257,-0.210061,0.09070186,0.009676749,-0.003794236,0.008561983,0.004248296,0.04793646,-0.02323122,male
HG03645,HG03645,0.1706013,-0.05775458,-0.1994492,0.09601993,0.0201956,0.00787648,0.0004346142,0.002437685,-0.02059592,0.01114508,female
HG03646,HG03646,0.1746546,-0.0512553,-0.197358,0.08419872,0.002648455,0.001771213,0.01309623,-0.01712119,0.03150442,0.008996542,male
HG03672,HG03672,0.1688008,-0.08204768,-0.227031,0.07574234,-0.02986072,0.01469441,-0.01374855,-0.007279319,0.004774661,0.007381928,male
HG03673,HG03673,0.1766961,-0.05023871,-0.2080627,0.07417191,-0.001723061,0.01236196,0.01329207,-0.0008280193,0.06469659,-0.01641578,female
HG03679,HG03679,0.1543597,-0.07477269,-0.1986297,0.079473,-0.02411856,-0.02499388,-0.0167934,-0.01298874,0.02530548,-0.0001567267,male
HG03680,HG03680,0.1806206,-0.05372305,-0.1967312,0.07383635,0.002210137,0.01087801,-0.007286383,-0.006359308,0.002149634,-0.009455378,male
HG03681,HG03681,0.1799778,-0.07717115,-0.2093975,0.06829563,-0.01995907,0.0001684378,0.005834398,-0.009887221,0.01140774,-0.01706358,male
HG03684,HG03684,0.1793881,-0.04481663,-0.2377754,0.09625538,0.005998293,-0.007445844,-0.009518689,0.0203782,0.03623524,-0.06261635,female
HG03685,HG03685,0.1785896,-0.05676762,-0.2218317,0.08581255,-0.01256866,-0.01209355,-0.005078612,0.0009976336,0.0142724,-0.01494648,male
HG03686,HG03686,0.1753147,-0.05335483,-0.2186118,0.09252348,-0.002832525,0.008815438,0.01596238,0.0002126361,0.02160544,0.01676682,male
HG03687,HG03687,0.1649862,-0.07683994,-0.1951662,0.07873746,0.005355438,0.01363837,0.01014545,0.01189599,-0.002064876,0.01923054,male
HG03689,HG03689,0.1919349,-0.06653598,-0.2095703,0.0813846,-0.0008674831,-0.02858501,0.02100078,-0.01274448,-0.01657317,-0.07798867,female
HG03690,HG03690,0.1621636,-0.05228152,-0.2229664,0.0869251,0.01566227,-0.003883371,0.004527234,-0.0002127039,0.04959874,-0.02401661,female
HG03691,HG03691,0.1699246,-0.03655307,-0.2113302,0.07384533,-0.03894374,0.007985681,-0.01029958,0.02334993,0.05342107,-0.0285958,male
HG03692,HG03692,0.1763609,-0.03858648,-0.2087349,0.06053813,-0.002480933,-0.03144517,0.01218906,0.02892506,-0.01585248,-0.02682758,female
HG03693,HG03693,0.1828768,-0.04673765,-0.2119148,0.08403571,0.01326129,0.01077705,-0.01577858,-0.0003627368,0.04761206,-0.0006427374,male
HG03694,HG03694,0.1859628,-0.06880723,-0.1651733,0.02224292,-0.01166344,-0.008796052,-0.002538714,-0.005211124,0.02383005,-0.02374131,male
HG03695,HG03695,0.1675094,-0.05838811,-0.1955753,0.08580791,-0.01172476,-0.01932546,0.01772881,-0.01391723,0.04602424,0.00183569,male
HG03696,HG03696,0.1758525,-0.0447896,-0.1930046,0.08418631,0.01844043,-0.0358247,0.009011579,0.01155276,-0.04598202,0.01583128,male
HG03697,HG03697,0.1770424,-0.05120609,-0.198819,0.08961054,0.01389119,-0.008028336,-0.0005297734,0.02483566,0.01785524,-0.01909212,male
HG03698,HG03698,0.1791423,-0.06503117,-0.1905347,0.08233768,0.01123209,0.01916638,0.01496785,0.02113136,0.03433548,-0.02403217,female
HG03711,HG03711,0.1931567,-0.05530727,-0.2042198,0.07856977,-0.01552444,-0.01034477,0.007898167,-0.003054023,0.06344371,0.0205719,male
HG03733,HG03733,0.1712134,-0.05324859,-0.2284425,0.07928377,0.02197071,0.004946032,-0.007716047,-0.03012139,0.08071386,-0.08812149,female
HG03736,HG03736,0.1833859,-0.07683791,-0.2029265,0.07450553,-0.007703678,-0.02597298,-0.01207144,0.01232048,0.03757548,-0.008535032,female
HG03738,HG03738,0.2023128,-0.04986831,-0.2177905,0.06945596,0.01821349,-0.01111312,0.01288203,0.003067659,0.01922102,-0.003189853,male
HG03740,HG03740,0.1723324,-0.07865638,-0.238703,0.08097035,0.006035514,-0.01135782,-0.0008320733,-0.004071797,0.04130693,-0.0178108,male
HG03741,HG03741,0.1893389,-0.04208736,-0.2362677,0.08699447,0.01084383,0.02101785,-0.001915438,-0.01832668,0.02580868,-0.01844227,female
HG03743,HG03743,0.1879772,-0.02831924,-0.230445,0.09843133,-0.000487469,0.01773954,0.006561516,-0.001852802,0.04208789,-0.04115155,male
HG03744,HG03744,0.1664455,-0.06006242,-0.2102892,0.07850201,0.02092169,-0.0245874,0.01877202,0.02839321,0.04854082,-0.06021403,male
HG03745,HG03745,0.1665112,-0.06141357,-0.1974017,0.08738009,-0.01035521,-0.006781929,0.001585096,-0.0143806,0.01993045,-0.02510957,male
HG03746,HG03746,0.16486,-0.1032741,-0.1552712,0.06870932,-0.006582309,-0.002984189,0.02534988,-0.003001357,0.01144181,-0.02066727,male
HG03750,HG03750,0.1726507,-0.04922773,-0.2182126,0.0784761,-0.004474856,-0.001109779,-0.001259071,0.007270978,0.1018261,0.03021321,male
HG03752,HG03752,0.1656658,-0.06910285,-0.2096309,0.0829237,-0.01065244,0.002026376,-0.02795863,0.003006817,0.03083097,-0.02292886,female
HG03753,HG03753,0.1590356,-0.06267071,-0.2314811,0.08061765,-0.0123588,-0.003728586,0.0004226354,-0.00675024,0.04594116,-0.04536282,male
HG03754,HG03754,0.1776328,-0.03963734,-0.2336368,0.07578235,0.005293529,0.01419534,0.01083117,0.00712092,0.09968875,0.02457222,female
HG03755,HG03755,0.1745093,-0.06842543,-0.1991642,0.07294544,-0.01745938,0.003588619,0.0113827,0.006787837,0.0215581,-0.01534564,male
HG03756,HG03756,0.1867487,-0.05405289,-0.200615,0.07953274,-0.0006771834,-0.01298474,0.01455657,0.01318637,0.0399798,-1.251521e-05,female
HG03757,HG03757,0.176137,-0.02191614,-0.2134635,0.07851065,0.01549124,0.008278153,-0.002910226,0.009382414,0.03047856,-0.04182472,female
HG03760,HG03760,0.1657039,-0.06787152,-0.2138972,0.07718879,0.02496421,-0.006955271,0.01633685,-0.02278103,0.01366842,0.03445502,female
HG03836,HG03836,0.1769173,-0.06407844,-0.2168202,0.0858821,0.009879725,0.001991305,-0.01987524,0.006735701,0.01372924,-0.006852702,female
HG03837,HG03837,0.1866358,-0.04575045,-0.1875988,0.0785013,-0.004355828,0.002909104,-0.02168654,-0.01592255,0.03543647,0.009182156,male
HG03838,HG03838,0.1683638,-0.04006936,-0.2199099,0.07647772,0.01262425,-0.01081538,0.01602624,-0.003177241,0.07561242,0.008791279,female
HG03844,HG03844,0.1662465,-0.04461054,-0.1763886,0.07729589,0.007532146,2.863648e-05,0.003344791,-0.003921092,0.03795124,-0.03554115,male
HG03846,HG03846,0.1794752,-0.03237188,-0.2253882,0.07592174,-0.01356649,-8.204299e-05,0.01400791,0.01833737,0.04876,-0.01000163,male
HG03848,HG03848,0.1791355,-0.06734584,-0.2083999,0.123392,-0.009418487,-0.01767588,0.004455979,0.001955099,0.0385665,0.02917892,male
HG03849,HG03849,0.1785475,-0.05435948,-0.1897552,0.07041549,-0.005087056,0.007511774,-0.002338017,0.01084852,0.03291158,0.001488405,female
HG03850,HG03850,0.1843518,-0.06435728,-0.2133653,0.08630802,-0.003203259,0.00786631,0.01349946,-0.00892644,0.06082478,0.0006409245,male
HG03851,HG03851,0.1710048,-0.0582348,-0.210306,0.07483986,-0.003956607,0.005304238,-0.01248946,-0.009443007,0.01023365,0.02657877,male
HG03854,HG03854,0.1666199,-0.02647299,-0.1871183,0.09002646,-0.01768319,0.006360068,0.01124513,0.000859096,0.06033777,-0.01367129,male
HG03856,HG03856,0.1947858,-0.03110525,-0.2531007,0.09397406,0.0228537,0.009560544,-0.008937416,-0.004348032,-0.008313596,0.01127142,male
HG03857,HG03857,0.1834295,-0.0581604,-0.2117183,0.0711389,-0.01097278,-0.001264675,0.001627161,-0.007315429,0.05828128,0.04132816,female
HG03858,HG03858,0.1797475,-0.01651397,-0.2131859,0.07501397,-0.005989248,-0.02934862,0.007279153,0.0126354,0.05908341,-0.02593515,female
HG03884,HG03884,0.1841892,-0.04694992,-0.2134488,0.0832563,0.04011432,-0.01691195,-0.01418159,0.0008270861,0.03245619,0.008151082,female
HG03885,HG03885,0.1818251,-0.04634041,-0.2071207,0.08347146,-0.01800594,0.04353513,0.01229253,-0.01903555,0.02817717,-0.03458125,male
HG03886,HG03886,0.17634,-0.05388388,-0.2140226,0.09270639,0.005637041,0.02357249,-0.002920505,0.001129428,0.04256852,0.002881099,female
HG03887,HG03887,0.190521,-0.07735203,-0.2071209,0.07695895,0.004893741,0.0184468,0.005832756,-0.003974073,0.02930598,-0.001718999,male
HG03888,HG03888,0.1786641,-0.09590303,-0.1730914,0.05404014,-0.004529203,-0.003719309,-0.01546101,0.006807716,-0.01413662,0.001352478,female
HG03890,HG03890,0.1789187,-0.03006806,-0.2279609,0.07450063,-0.008297818,-0.01573415,0.01140513,0.007939152,0.03650123,0.01215622,male
HG03894,HG03894,0.1730247,-0.05799869,-0.2152928,0.08792794,-0.01030389,-0.02896015,-0.001843577,0.004941704,0.03680116,-0.04199384,female
HG03895,HG03895,0.1660392,-0.04697105,-0.218413,0.07865841,0.0009703286,0.00573372,-0.0002967702,-0.01973725,0.08173678,-0.02884749,female
HG03896,HG03896,0.1713851,-0.05802748,-0.2248593,0.08850368,-0.03925631,-0.02398061,0.003595578,-0.01346379,0.03942134,-0.05171468,male
HG03897,HG03897,0.1763204,-0.06187185,-0.1937637,0.07523166,-0.01765318,0.002359726,-0.01564934,-0.01572916,0.06150903,-0.03587961,female
HG03898,HG03898,0.1681902,-0.06612932,-0.2167776,0.07041519,0.01573619,0.001229305,-0.004458611,-0.03316308,0.08822756,-0.02129042,female
HG03899,HG03899,0.185503,-0.06395684,-0.2261812,0.0685044,0.003428325,0.01423631,-0.0135629,-0.03218574,0.07702509,-0.08949466,male
HG03900,HG03900,0.1839454,-0.04931421,-0.2031932,0.07020548,0.007756204,-0.004962433,0.01277827,0.01695394,0.05473462,-0.04358224,male
HG03943,HG03943,0.1942133,-0.06824338,-0.2193452,0.07635013,-0.003373459,0.02149319,-0.01647262,-0.0006141596,0.07358826,-0.01350347,male
HG03944,HG03944,0.176822,-0.05954741,-0.2126413,0.06833937,-0.001907217,0.004338667,-0.01193773,-0.02390246,0.04421384,0.002618919,female
HG03945,HG03945,0.1842468,-0.0801041,-0.217911,0.07048198,0.01242147,-0.0001148528,0.01506667,0.006361626,0.0130545,0.009859496,female
HG03947,HG03947,0.1887283,-0.04363321,-0.2206276,0.08173852,-0.007516742,-0.006005547,0.003289259,0.01667909,0.05053776,-0.04023018,female
HG03949,HG03949,0.1824297,-0.06797147,-0.1960557,0.05917394,0.001865964,0.002237065,-0.009922312,0.01945373,0.04687383,-0.009492906,female
HG03950,HG03950,0.184093,-0.05405738,-0.2190442,0.08698304,-0.009026013,-0.01142257,0.01251363,0.003425532,0.01246974,-0.005979526,male
HG03951,HG03951,0.1817348,-0.07558993,-0.2240338,0.06344025,-0.01705914,0.01961923,0.01831131,-0.006928054,0.05445139,-0.05077738,female
HG03953,HG03953,0.168973,-0.05362835,-0.20629,0.07138554,0.004336288,-0.00266034,-0.004518725,0.01180031,0.03113133,-0.02153115,male
HG03955,HG03955,0.1857969,-0.07437298,-0.2060048,0.06163179,0.01185149,-0.00808094,-0.01622975,-0.03106612,0.01302026,-0.03487729,female
HG03985,HG03985,0.1803727,-0.0231807,-0.2227138,0.09469505,0.001238582,-0.008373989,0.008029255,-0.030095,0.06661764,0.02695906,male
HG03986,HG03986,0.1786442,-0.06713087,-0.1951819,0.09139425,0.01201516,-0.009835461,0.005839347,-0.01274389,-0.002440658,-0.06123018,female
HG03989,HG03989,0.1703356,-0.05985571,-0.2067338,0.09941386,0.001492282,0.01542077,-0.004106181,0.006015344,0.05465264,-0.04693766,female
HG03990,HG03990,0.1705639,-0.05259488,-0.2015683,0.08360515,-0.01422072,-0.001406494,-0.0162168,0.02148383,0.02573946,0.01645399,male
HG03991,HG03991,0.1678119,-0.07773882,-0.2205849,0.07494837,0.005305985,-0.01434943,0.004252428,-0.02977316,0.01748839,-0.01570586,male
HG03995,HG03995,0.1622133,-0.05050823,-0.2072873,0.08016059,-0.01969346,-0.00734111,-0.007365055,0.0160389,0.05127086,-0.03305977,female
HG03998,HG03998,0.1698687,-0.05764837,-0.2220882,0.06971024,-0.02021338,0.0002192429,0.013449,-0.004963992,0.04865917,-0.04912452,male
HG03999,HG03999,0.1810938,-0.04844322,-0.2156276,0.08174091,-0.002718698,0.006259055,0.002185557,-0.01852535,0.06252887,-0.01642499,male
HG04003,HG04003,0.1898595,-0.08618243,-0.1636344,0.05046396,0.001264941,0.004461527,-0.01770223,-0.01430019,0.01099232,0.000208314,male
HG04006,HG04006,0.1623441,-0.03698646,-0.2140259,0.09193723,-0.009462963,-0.005972506,-0.00127454,-0.01427683,0.0173301,-0.01148636,male
HG04029,HG04029,0.1869096,-0.05059715,-0.2098243,0.07874894,-0.009437751,0.00315552,-0.003376615,-0.003642734,0.02829344,-0.01116342,female
HG04033,HG04033,0.1792449,-0.0605345,-0.2339368,0.09192355,0.0004616494,0.003586571,-0.001900734,0.02091831,0.051522,0.01702275,male
HG04035,HG04035,0.1762973,-0.04194506,-0.2164973,0.08973032,-0.001517474,-0.01527865,0.01105248,0.01701502,0.04584584,-0.05396905,female
HG04038,HG04038,0.1786902,-0.03995946,-0.2052113,0.07233283,-0.02708772,-0.02559508,0.02422731,0.005221365,0.05334022,-0.07631339,female
HG04039,HG04039,0.1796198,-0.05074358,-0.194389,0.08286876,-8.66829e-05,0.00118955,0.007917876,0.01152569,0.05404703,-0.008085478,male
HG04042,HG04042,0.1731833,-0.06674003,-0.2140665,0.0790016,0.0100395,-0.01853001,0.02032074,-0.004373122,0.05859493,0.006684639,female
HG04047,HG04047,0.1703047,-0.04375573,-0.2128911,0.07409549,-0.00800553,0.01970441,0.000281132,0.00842891,0.007300779,0.008479761,female
HG04075,HG04075,0.1764028,-0.05536057,-0.2161457,0.08348727,-0.002180652,-0.0001727096,0.00815054,-0.01631432,0.05005462,-0.0009245714,female
HG04099,HG04099,0.1769402,-0.06639596,-0.1962756,0.0915383,-0.001426474,-0.0131145,-0.0007688757,0.01756525,0.007770326,-0.06385752,female
HG04100,HG04100,0.1733441,-0.04750566,-0.1925425,0.07665186,-0.008270545,0.006199423,-0.004601226,-0.0149334,-0.001642057,0.01041999,male
HG04106,HG04106,0.1721293,-0.04932548,-0.2164119,0.07607497,-0.006456701,0.008588031,9.657819e-06,-0.006119759,0.01384619,0.002652082,female
HG04107,HG04107,0.1695205,-0.06209039,-0.2040348,0.09066686,-0.008946228,0.02920556,0.003322696,-0.01544006,0.03972395,0.01387962,male
HG04210,HG04210,0.1701049,-0.05151086,-0.1979193,0.0646141,0.01595613,0.01602892,-0.002960044,-0.00478861,0.0377594,-0.001325658,male
HG04227,HG04227,0.1863504,-0.01543328,-0.2021272,0.07593171,-0.006260235,0.003805486,0.002656397,-0.006030159,0.02388068,7.004083e-05,female
HG04229,HG04229,0.1784015,-0.055473,-0.205868,0.06995739,0.01189344,0.01037326,-0.002848007,0.01953688,0.03864571,0.005161131,male
