,ari,sim_W,sim_W_null,tuning_metric,run,split,sim_id,job_id,sim_H_G,sim_H_G_null,sim_U_G,sim_U_G_null,sim_H_C,sim_H_C_null,sim_U_C,sim_U_C_null,rel_error_G,rel_error_C,coph_corr,run_name,lambda_option,overdispersion_nu,out_path
0,0.0,0.33333333333333326,0.33333333333333326,-0.0,0,tune,0,3,,,,,,,,,,,,MVBC,0.001,0.0,/home/jupyter/repos/SCoNE/output/models/overdispersion_nu/tune_3
1,0.0,0.33333333333333326,0.33333333333333326,-0.0,0,tune,0,4,,,,,,,,,,,,MVBC,0.01,0.0,/home/jupyter/repos/SCoNE/output/models/overdispersion_nu/tune_4
2,0.0,0.33333333333333326,0.33333333333333326,-0.0,0,tune,0,2,,,,,,,,,,,,MVBC,0.0,0.0,/home/jupyter/repos/SCoNE/output/models/overdispersion_nu/tune_2
3,0.0,0.33333333333333326,0.33333333333333326,-0.0,0,tune,1,14,,,,,,,,,,,,MVBC,0.0,0.1,/home/jupyter/repos/SCoNE/output/models/overdispersion_nu/tune_14
4,0.0024411631177444467,0.36321302106949044,0.30716673460050026,-0.0024411631177444467,0,tune,0,6,,,,,,,,,,,,MVBC,1.0,0.0,/home/jupyter/repos/SCoNE/output/models/overdispersion_nu/tune_6
5,0.0,0.33333333333333326,0.33333333333333326,-0.0,0,tune,0,5,,,,,,,,,,,,MVBC,0.1,0.0,/home/jupyter/repos/SCoNE/output/models/overdispersion_nu/tune_5
6,0.0,0.33333333333333326,0.33333333333333326,-0.0,0,tune,1,15,,,,,,,,,,,,MVBC,0.001,0.1,/home/jupyter/repos/SCoNE/output/models/overdispersion_nu/tune_15
7,0.0,0.33333333333333326,0.33333333333333326,-0.0,0,tune,1,16,,,,,,,,,,,,MVBC,0.01,0.1,/home/jupyter/repos/SCoNE/output/models/overdispersion_nu/tune_16
8,0.0,0.33333333333333326,0.33333333333333326,-0.0,0,tune,1,17,,,,,,,,,,,,MVBC,0.1,0.1,/home/jupyter/repos/SCoNE/output/models/overdispersion_nu/tune_17
9,0.0009605486413226309,0.3585091443525006,0.3119652276464886,-0.0009605486413226309,0,tune,1,18,,,,,,,,,,,,MVBC,1.0,0.1,/home/jupyter/repos/SCoNE/output/models/overdispersion_nu/tune_18
10,0.0,0.33333333333333326,0.33333333333333326,-0.0,0,tune,2,26,,,,,,,,,,,,MVBC,0.0,0.5,/home/jupyter/repos/SCoNE/output/models/overdispersion_nu/tune_26
11,0.0,0.33333333333333326,0.33333333333333326,-0.0,0,tune,2,27,,,,,,,,,,,,MVBC,0.001,0.5,/home/jupyter/repos/SCoNE/output/models/overdispersion_nu/tune_27
12,0.0,0.33333333333333326,0.33333333333333326,-0.0,0,tune,2,28,,,,,,,,,,,,MVBC,0.01,0.5,/home/jupyter/repos/SCoNE/output/models/overdispersion_nu/tune_28
13,0.0,0.33333333333333326,0.33333333333333326,-0.0,0,tune,2,29,,,,,,,,,,,,MVBC,0.1,0.5,/home/jupyter/repos/SCoNE/output/models/overdispersion_nu/tune_29
14,-5.883154684477314e-05,0.3496650897416056,0.30992310358273867,5.883154684477314e-05,0,tune,2,30,,,,,,,,,,,,MVBC,1.0,0.5,/home/jupyter/repos/SCoNE/output/models/overdispersion_nu/tune_30
15,0.6378273729631178,0.8388504078749086,0.4366334729816409,1.0387522703220033,0,tune,0,7,0.5205029845478459,0.30011360551839744,0.8429081139917524,0.38063339768983584,0.8765925478430008,0.3826046047333797,0.8456565697402084,0.23223785351998838,0.4922132564555798,0.5465390138664236,0.9355989536243895,SCoNE,0.0,0.0,/home/jupyter/repos/SCoNE/output/models/overdispersion_nu/tune_7
16,0.40472876369077027,0.7567373911558797,0.45059832297246694,1.055697622992106,1,tune,0,7,0.36484028765547555,0.26556582223940384,0.851065665098246,0.45217888180795834,0.808270988358892,0.35365827054977944,0.7980328155094563,0.2763570690647405,0.5045771632099983,0.5511204597821077,0.9355989536243895,SCoNE,0.0,0.0,/home/jupyter/repos/SCoNE/output/models/overdispersion_nu/tune_7
17,0.3888972812541554,0.7671381052645948,0.45603519405548326,1.046771237569802,2,tune,0,7,0.4102071423418971,0.2819430173162311,0.8554884191600869,0.42866741155103655,0.8118410224338176,0.33806424505684435,0.841589917745858,0.2210531523176932,0.5082466669850587,0.5385245705847432,0.9355989536243895,SCoNE,0.0,0.0,/home/jupyter/repos/SCoNE/output/models/overdispersion_nu/tune_7
18,0.47255936636846474,0.7889929627860593,0.4469194232897871,1.0536250716447726,3,tune,0,7,0.35431803157896796,0.27396505226963835,0.838712269913851,0.442168175075822,0.9000380108357197,0.37862209052879947,0.914559841942592,0.22603764115898223,0.503308502589746,0.5503165690550267,0.9355989536243895,SCoNE,0.0,0.0,/home/jupyter/repos/SCoNE/output/models/overdispersion_nu/tune_7
19,0.4468289714022344,0.7783255587844717,0.45015387629651565,1.0506102519188982,4,tune,0,7,0.39858988109001137,0.2651042851459931,0.8809427336807778,0.40388425433525915,0.8337996029988292,0.38672325403729885,0.8463980911353158,0.2531537320392702,0.5026969363394472,0.547913315579451,0.9355989536243895,SCoNE,0.0,0.0,/home/jupyter/repos/SCoNE/output/models/overdispersion_nu/tune_7
20,0.5910051913524246,0.8180382350673194,0.44736476208187,1.0386969986863868,5,tune,0,7,0.5366056797118789,0.29114379708419486,0.8807857836914647,0.3868449575298576,0.8497114027517698,0.3749806249770349,0.8541126126108025,0.22419972600042923,0.49513642194777974,0.543560576738607,0.9355989536243895,SCoNE,0.0,0.0,/home/jupyter/repos/SCoNE/output/models/overdispersion_nu/tune_7
21,0.6421688115660901,0.8479993381034294,0.43570166919652986,1.0378656890474782,6,tune,0,7,0.4872545659070168,0.3070686509182347,0.8122027060172825,0.37857350833436176,0.8553513664003008,0.4012084409274332,0.786318187576237,0.24385855423914424,0.49746661607502735,0.5403990729724509,0.9355989536243895,SCoNE,0.0,0.0,/home/jupyter/repos/SCoNE/output/models/overdispersion_nu/tune_7
22,0.41937449678670385,0.7568124316961377,0.44855186208884845,1.0564166226771619,7,tune,0,7,0.3198813987968426,0.277169261567667,0.8090214489991547,0.4760282096341835,0.8335358961691828,0.37398980646585955,0.8739592793724373,0.2569327258533397,0.5033068336937596,0.5531097889834021,0.9355989536243895,SCoNE,0.0,0.0,/home/jupyter/repos/SCoNE/output/models/overdispersion_nu/tune_7
23,0.5929701864023557,0.824893734947868,0.44621181468369997,1.0411974546823273,8,tune,0,7,0.4938314792720246,0.27833022707951083,0.8585252283144728,0.42093872551373335,0.8701625286226076,0.3786385589125763,0.85848114992926,0.22651390039356148,0.49908587219840006,0.5421115824839273,0.9355989536243895,SCoNE,0.0,0.0,/home/jupyter/repos/SCoNE/output/models/overdispersion_nu/tune_7
24,0.6516131556506022,0.8511448352616066,0.42991458625988627,1.0385315630858591,9,tune,0,7,0.5165218369594693,0.31136360280269115,0.8525610530469891,0.3876725355089268,0.8498156474825848,0.39815541554784206,0.7848970974267844,0.2511000771062785,0.49298524826745205,0.545546314818407,0.9355989536243895,SCoNE,0.0,0.0,/home/jupyter/repos/SCoNE/output/models/overdispersion_nu/tune_7
25,0.6191521227024672,0.843118977617642,0.4362482539327343,1.0377818743176996,10,tune,0,7,0.515072040042603,0.2902496746700929,0.8625918967928797,0.4125211354750381,0.8744957217955835,0.37278251316853817,0.8610584395704695,0.2554513204297401,0.49770275644898143,0.5400791178687182,0.9355989536243895,SCoNE,0.0,0.0,/home/jupyter/repos/SCoNE/output/models/overdispersion_nu/tune_7
26,0.40556708933590324,0.749412917889349,0.44914517977774665,1.0595726564250523,11,tune,0,7,0.33942998145353453,0.25007367910099,0.8110979469278775,0.509813737027936,0.8597519113688464,0.36483298531035957,0.8952082922407253,0.25874380472459707,0.5011652559501146,0.5584074004749376,0.9355989536243895,SCoNE,0.0,0.0,/home/jupyter/repos/SCoNE/output/models/overdispersion_nu/tune_7
27,0.466532216497213,0.7828172041788333,0.45129116331000135,1.0508508412786641,12,tune,0,7,0.38537885540596256,0.2695815787334961,0.8274430672121705,0.4486425071566201,0.8325575259189978,0.3687300672607794,0.8710752687823964,0.2350403091825758,0.5060378806930887,0.5448129605855754,0.9355989536243895,SCoNE,0.0,0.0,/home/jupyter/repos/SCoNE/output/models/overdispersion_nu/tune_7
28,0.41686236986975295,0.7733484821919004,0.45778935767425,1.0461344330616584,13,tune,0,7,0.4460489128187473,0.27277746658862534,0.8877689633726374,0.4460819014433327,0.8147029199679192,0.36754811700677664,0.8332916853163015,0.21778261839673127,0.507492021855839,0.5386424112058195,0.9355989536243895,SCoNE,0.0,0.0,/home/jupyter/repos/SCoNE/output/models/overdispersion_nu/tune_7
29,0.3739690733291773,0.7437036169232675,0.4566185118066474,1.0495932500530327,14,tune,0,7,0.41217741933176255,0.261986370211883,0.895682492319236,0.42190524121910467,0.7782116241213014,0.35580363605615,0.8374170983655609,0.24361278790861363,0.507231647791057,0.5423616022619758,0.9355989536243895,SCoNE,0.0,0.0,/home/jupyter/repos/SCoNE/output/models/overdispersion_nu/tune_7
30,0.6139073626650505,0.8378006027109901,0.44063598181666763,1.0376678297986577,15,tune,0,7,0.5244731343074559,0.30459282116467556,0.8706592806372615,0.40059174193603736,0.8944500726853003,0.38933109403089866,0.8752274343821264,0.2178465251263418,0.49784701166744255,0.5398208181312152,0.9355989536243895,SCoNE,0.0,0.0,/home/jupyter/repos/SCoNE/output/models/overdispersion_nu/tune_7
31,0.44485933280478207,0.7734480791672664,0.44853618308655996,1.0523494825966626,16,tune,0,7,0.39352599826257634,0.2829855290531604,0.8244249627988691,0.4483510810226699,0.8232448851296896,0.3701793088425069,0.8708178874484016,0.2562554639699524,0.503814204762924,0.5485352778337385,0.9355989536243895,SCoNE,0.0,0.0,/home/jupyter/repos/SCoNE/output/models/overdispersion_nu/tune_7
32,0.39347282835739794,0.7517923756240269,0.44887530304351614,1.0566087406440638,17,tune,0,7,0.335738606262883,0.2572940587786589,0.8615335948359933,0.49188644003807974,0.8621616008240288,0.351002932521232,0.8845909424991806,0.24094741358922395,0.503532096239633,0.5530766444044308,0.9355989536243895,SCoNE,0.0,0.0,/home/jupyter/repos/SCoNE/output/models/overdispersion_nu/tune_7
33,0.5064581912205117,0.788724806479634,0.45318070376809333,1.0504234474433853,18,tune,0,7,0.42296441772144133,0.2867763806444535,0.877500221675701,0.42669257503917174,0.8527938895249766,0.38797394753925474,0.834099491928799,0.21175244410055505,0.49820814073232844,0.5522153067110568,0.9355989536243895,SCoNE,0.0,0.0,/home/jupyter/repos/SCoNE/output/models/overdispersion_nu/tune_7
34,0.6356558043681269,0.8442926055584073,0.4392561814120773,1.0377430554002247,19,tune,0,7,0.5366189168747645,0.27980799652050625,0.8738805646565543,0.4202307178053141,0.8635851626260196,0.3708224980364516,0.7607965952541241,0.19999673570850837,0.49659946458703597,0.5411435908131887,0.9355989536243895,SCoNE,0.0,0.0,/home/jupyter/repos/SCoNE/output/models/overdispersion_nu/tune_7
35,0.5112631863172276,0.7992505088224753,0.44883119915510794,1.0498738965382513,20,tune,0,7,0.40572747752310323,0.2845859898612637,0.8577952283899053,0.4411445454840953,0.8934689055821453,0.36467093893881086,0.8976453058317391,0.2398186691344268,0.5034109729339397,0.5464629236043116,0.9355989536243895,SCoNE,0.0,0.0,/home/jupyter/repos/SCoNE/output/models/overdispersion_nu/tune_7
36,0.5852759534492037,0.8215786722331672,0.4432365074744299,1.0388592090006878,21,tune,0,7,0.5099526497584169,0.28188804012783364,0.8463900269401493,0.38541897729657426,0.8537186310558834,0.3840032604434217,0.8326899361193337,0.2196588852348867,0.49348339720250484,0.545375811798183,0.9355989536243895,SCoNE,0.0,0.0,/home/jupyter/repos/SCoNE/output/models/overdispersion_nu/tune_7
37,0.6131852160450156,0.8321955786753256,0.44290227937820115,1.0393042419698264,22,tune,0,7,0.530256066622705,0.2879153087971114,0.876365126382546,0.3943243585062683,0.8808510633403754,0.3988408692097954,0.8662418215137799,0.23933233717218072,0.4959536352286518,0.5433506067411745,0.9355989536243895,SCoNE,0.0,0.0,/home/jupyter/repos/SCoNE/output/models/overdispersion_nu/tune_7
38,0.5361806984342309,0.817612457234714,0.4298154411414258,1.0439156429170469,23,tune,0,7,0.4858789181258626,0.32853116576385216,0.8662057303105601,0.3824277541798431,0.8750084884976883,0.36850685525922894,0.904722658081572,0.22216897238704625,0.5037258697508371,0.5401897731662096,0.9355989536243895,SCoNE,0.0,0.0,/home/jupyter/repos/SCoNE/output/models/overdispersion_nu/tune_7
39,0.5023139776489954,0.7958139269877409,0.4585384258047679,1.0431185674163759,24,tune,0,7,0.4810755539413277,0.26969003030275834,0.8483967565710956,0.3781429829573091,0.8366012331156277,0.3672820464310227,0.8239923147713526,0.22361163492375163,0.4981924671813669,0.544926100235009,0.9355989536243895,SCoNE,0.0,0.0,/home/jupyter/repos/SCoNE/output/models/overdispersion_nu/tune_7
40,0.5844039909813243,0.8204890615168187,0.44668750273610847,1.0394901622113757,25,tune,0,7,0.5075542826369052,0.30050248260456586,0.8202790245786079,0.3609774741229647,0.8482018959690053,0.38882041197999767,0.8073570427705706,0.22037184581733144,0.4928099312921069,0.5466802309192688,0.9355989536243895,SCoNE,0.0,0.0,/home/jupyter/repos/SCoNE/output/models/overdispersion_nu/tune_7
41,0.3448839496020653,0.7086608360580303,0.4469728935750623,1.0627089716243692,26,tune,0,7,0.3031567248208761,0.26022886400457407,0.8346993756555876,0.49744604697311423,0.802661448426298,0.36435446415572953,0.8707594248275359,0.23715842861697772,0.5036144236404682,0.5590945479839011,0.9355989536243895,SCoNE,0.0,0.0,/home/jupyter/repos/SCoNE/output/models/overdispersion_nu/tune_7
42,0.4665467177270686,0.7863962343914902,0.4467746003447364,1.0549869103807687,27,tune,0,7,0.39331550365540074,0.2641168303130674,0.8492190744884142,0.45020569757132817,0.8143928326950953,0.38746154249079123,0.7961554827923203,0.23927399425700302,0.5032252135106325,0.5517616968701362,0.9355989536243895,SCoNE,0.0,0.0,/home/jupyter/repos/SCoNE/output/models/overdispersion_nu/tune_7
43,0.6333882919911298,0.8357751912104906,0.43856527990470623,1.0379991177098349,28,tune,0,7,0.5464888189961049,0.2845219849590711,0.894478440648837,0.42352896432577175,0.8766234037855668,0.39095707143225106,0.8769874095776361,0.20681136889997162,0.49648735918227527,0.5415117585275596,0.9355989536243895,SCoNE,0.0,0.0,/home/jupyter/repos/SCoNE/output/models/overdispersion_nu/tune_7
44,0.3712441418750014,0.7317273503163779,0.4506421870002586,1.0594878694599492,29,tune,0,7,0.3210421671762124,0.2628351787817314,0.8708843428244786,0.49449183416908055,0.8188085296347363,0.38120157569395474,0.8829321239172914,0.25671316022790974,0.5017045880934,0.5577832813665492,0.9355989536243895,SCoNE,0.0,0.0,/home/jupyter/repos/SCoNE/output/models/overdispersion_nu/tune_7
45,0.5562120374200684,0.8155731246674052,0.44922462988618017,1.0392119308790124,30,tune,0,7,0.5003638436469937,0.2865320523181721,0.8483371121008205,0.39331874769048464,0.847515384776515,0.36898168676680576,0.8408157432097956,0.24686719405203278,0.49641520027520725,0.5427967306038053,0.9355989536243895,SCoNE,0.0,0.0,/home/jupyter/repos/SCoNE/output/models/overdispersion_nu/tune_7
46,0.626847073268265,0.8405656340322337,0.4421587230814749,1.0384908437279918,31,tune,0,7,0.5365261589317686,0.30247574169368835,0.8854377668310078,0.4146898186810114,0.8775510518011219,0.3767643084421098,0.8495845230165397,0.22546289823123142,0.4980745255481063,0.5404163181798854,0.9355989536243895,SCoNE,0.0,0.0,/home/jupyter/repos/SCoNE/output/models/overdispersion_nu/tune_7
47,0.5891609255526467,0.8320728209379311,0.4401736777230876,1.0395913671179358,32,tune,0,7,0.5400770410407914,0.2816292743844625,0.9200074607510308,0.4323947090171666,0.9072861453556542,0.37245971254430776,0.884165022396018,0.23071852814520025,0.5010163370237392,0.5385750300941966,0.9355989536243895,SCoNE,0.0,0.0,/home/jupyter/repos/SCoNE/output/models/overdispersion_nu/tune_7
48,0.5556012109945067,0.8176534827740256,0.4543751801644879,1.0408829472363252,33,tune,0,7,0.4846418613196419,0.3100863907801212,0.8444957689351471,0.39094520364261653,0.8609383254747228,0.3815637992265621,0.8626867941080018,0.22673148509826546,0.4968027080333334,0.5440802392029919,0.9355989536243895,SCoNE,0.0,0.0,/home/jupyter/repos/SCoNE/output/models/overdispersion_nu/tune_7
49,0.3304943955501563,0.7122433079329229,0.44461214101693264,1.061134546171668,34,tune,0,7,0.336648020247533,0.2804004893474884,0.8337917811084982,0.4638357049914177,0.7546951520770648,0.3346444939344717,0.8405492211000343,0.3040215362768678,0.5045499752744617,0.5565845708972064,0.9355989536243895,SCoNE,0.0,0.0,/home/jupyter/repos/SCoNE/output/models/overdispersion_nu/tune_7
50,0.5317248312052599,0.7960347644186111,0.456910422218472,1.0468531717990377,35,tune,0,7,0.40201627097031717,0.25380517265519237,0.8260222330329906,0.3829972564854625,0.8440997226476478,0.3679887845192829,0.857665450336496,0.22666941738549504,0.5067023544347895,0.5401508173642483,0.9355989536243895,SCoNE,0.0,0.0,/home/jupyter/repos/SCoNE/output/models/overdispersion_nu/tune_7
51,0.6030889291499735,0.8314570402820127,0.443979480950793,1.0415001065563767,36,tune,0,7,0.4683198966545598,0.2926844805546505,0.8458061883343818,0.39514694153103946,0.8833432395265388,0.3871761304573091,0.8994784977792648,0.2410642798645473,0.49812243148053714,0.5433776750758396,0.9355989536243895,SCoNE,0.0,0.0,/home/jupyter/repos/SCoNE/output/models/overdispersion_nu/tune_7
52,0.32367978455212126,0.7133811589152673,0.46039613124903384,1.0546602131250986,37,tune,0,7,0.3469702400537754,0.26536716475884864,0.8151061667459432,0.40101135933665494,0.7682346262377442,0.3547768574417019,0.8769124461839891,0.23276270475891458,0.5056907538342388,0.5489694592908599,0.9355989536243895,SCoNE,0.0,0.0,/home/jupyter/repos/SCoNE/output/models/overdispersion_nu/tune_7
53,0.6096037171097257,0.8302515792922459,0.43944674164683023,1.040332042284674,38,tune,0,7,0.49371606503031007,0.2889676985244772,0.8253849604747563,0.36943653211831157,0.8545837711898976,0.3966470267024028,0.896199927550091,0.2123979050179507,0.4923442279826295,0.5479878143020445,0.9355989536243895,SCoNE,0.0,0.0,/home/jupyter/repos/SCoNE/output/models/overdispersion_nu/tune_7
54,0.6340731463757651,0.8464055093863012,0.4346604397967808,1.0380016438615887,39,tune,0,7,0.5111403732426705,0.29338208794146814,0.8825152528602854,0.40468394297905314,0.907492191129471,0.37683027112673506,0.926352329810206,0.26016804052753395,0.4984829730641928,0.5395186707973958,0.9355989536243895,SCoNE,0.0,0.0,/home/jupyter/repos/SCoNE/output/models/overdispersion_nu/tune_7
55,0.3855268738996359,0.7401962406134339,0.44073980266512586,1.0610159243143564,40,tune,0,7,0.3315362077299524,0.26177112026293736,0.8286173214910343,0.5155419910788579,0.7887382773015261,0.3888357607291427,0.8654949755247293,0.2717917997749555,0.5024891447098158,0.5585267796045407,0.9355989536243895,SCoNE,0.0,0.0,/home/jupyter/repos/SCoNE/output/models/overdispersion_nu/tune_7
56,0.3772484304652743,0.7539054595498004,0.45378828088964585,1.04974221189455,41,tune,0,7,0.39246818593176985,0.26764393942663145,0.8295896397834176,0.37932607497847975,0.7947843512866118,0.33919525703616193,0.8826814012261005,0.22889038234489,0.5054358355740658,0.5443063763204842,0.9355989536243895,SCoNE,0.0,0.0,/home/jupyter/repos/SCoNE/output/models/overdispersion_nu/tune_7
57,0.4220256020261457,0.7684384895088895,0.4473325982249635,1.0536939335787916,42,tune,0,7,0.3642178764046986,0.2542801181650811,0.8181310115153554,0.46565880710243057,0.8414422378182997,0.3612591516550189,0.8454911983510166,0.22388607281224313,0.5043230714670016,0.5493708621117901,0.9355989536243895,SCoNE,0.0,0.0,/home/jupyter/repos/SCoNE/output/models/overdispersion_nu/tune_7
58,0.48779657319681285,0.7917897638155785,0.4530821237593241,1.0490896604815416,43,tune,0,7,0.4144070355220588,0.27160859969494455,0.8503518164256797,0.4284645805884445,0.8451577501301218,0.3595190729517502,0.8807148133946257,0.24846742297561364,0.5018859957188965,0.5472036647626451,0.9355989536243895,SCoNE,0.0,0.0,/home/jupyter/repos/SCoNE/output/models/overdispersion_nu/tune_7
59,0.642985962427557,0.848395178771066,0.43212054900860636,1.0385621954940634,44,tune,0,7,0.5095487090563754,0.3058112449879728,0.8941014651892105,0.41307103186758404,0.9232190295428685,0.36559089632982433,0.9221507385591274,0.25502834654749035,0.4983721053524318,0.5401900901416314,0.9355989536243895,SCoNE,0.0,0.0,/home/jupyter/repos/SCoNE/output/models/overdispersion_nu/tune_7
60,0.4179207250262435,0.7679509928648113,0.44810223609119376,1.057640172592301,45,tune,0,7,0.376055375945655,0.29831481425162293,0.8169130363038148,0.4195923275022222,0.8268478313408804,0.3498729016329751,0.8844792421453648,0.29250415056365464,0.5012673184364195,0.5563728541558816,0.9355989536243895,SCoNE,0.0,0.0,/home/jupyter/repos/SCoNE/output/models/overdispersion_nu/tune_7
61,0.47149018245086743,0.7879785578998427,0.46005046397367194,1.04699834075612,46,tune,0,7,0.46135830869329175,0.2503430108270357,0.8860555651628474,0.4454647685132901,0.8199427403739208,0.37052940261772527,0.8218185086811576,0.20815209938232193,0.5043718579983645,0.5426264827577557,0.9355989536243895,SCoNE,0.0,0.0,/home/jupyter/repos/SCoNE/output/models/overdispersion_nu/tune_7
62,0.6358428244034428,0.8465290152341094,0.43944464349572465,1.0377756354550165,47,tune,0,7,0.4853377256871062,0.29015440949929294,0.8087508282405586,0.35946738291128744,0.855920442997098,0.36297707432127857,0.7988833284673512,0.22110885947640477,0.49629879040628644,0.5414768450487302,0.9355989536243895,SCoNE,0.0,0.0,/home/jupyter/repos/SCoNE/output/models/overdispersion_nu/tune_7
63,0.3949385769855837,0.7541578306733835,0.4498795761489465,1.0566390033976236,48,tune,0,7,0.3294296150028072,0.2667482343700272,0.825832801785659,0.4770137217136521,0.8020461770245826,0.3763424389406404,0.8447211144334364,0.26902934280590507,0.5057256277401273,0.5509133756574962,0.9355989536243895,SCoNE,0.0,0.0,/home/jupyter/repos/SCoNE/output/models/overdispersion_nu/tune_7
64,0.6301949689007125,0.8405948489721285,0.4302832728182392,1.041751224272989,49,tune,0,7,0.5512656042660814,0.29939216934580526,0.9104274933566042,0.41795627506916483,0.864760661675231,0.37835915371200274,0.8389889135542998,0.22468850106341265,0.5059380958514347,0.5358131284215543,0.9355989536243895,SCoNE,0.0,0.0,/home/jupyter/repos/SCoNE/output/models/overdispersion_nu/tune_7
65,0.40366825799937467,0.7759618489203662,0.4501079432503468,1.0873165990387688,0,tune,2,31,0.49272068714765044,0.2999890024379122,0.8880096909884619,0.41622499472802127,0.7335856777853418,0.32081489817438774,0.720154930264593,0.19755111882227236,0.5129680884283467,0.5743485106104221,0.9026179071036307,SCoNE,0.0,0.5,/home/jupyter/repos/SCoNE/output/models/overdispersion_nu/tune_31
66,0.44699916451775107,0.7845381771479697,0.4511644643532297,1.0902957972848395,1,tune,2,31,0.47014765560011673,0.2868114123216168,0.8605148074820598,0.40760308241388443,0.7964643865906303,0.31387718616431093,0.8585939005952992,0.21266743760773818,0.510719401126741,0.5795763961580985,0.9026179071036307,SCoNE,0.0,0.5,/home/jupyter/repos/SCoNE/output/models/overdispersion_nu/tune_31
67,0.5464059548547003,0.8209859159671061,0.43742041503306917,1.0860300780769443,2,tune,2,31,0.5260017683177166,0.3021304327058095,0.9070391628918459,0.40128755014127426,0.8470077351367251,0.35119181792383936,0.7066519577006569,0.19272058751898913,0.5040010822918708,0.5820289957850735,0.9026179071036307,SCoNE,0.0,0.5,/home/jupyter/repos/SCoNE/output/models/overdispersion_nu/tune_31
68,0.5202945053064117,0.8138725067873447,0.43722852919099436,1.0849574904302914,3,tune,2,31,0.5397592679287059,0.3065255757767858,0.9193845469348436,0.42033848362542114,0.8394392733017829,0.3561205944679532,0.748872162549864,0.20982685179001892,0.5077998322598067,0.5771576581704847,0.9026179071036307,SCoNE,0.0,0.5,/home/jupyter/repos/SCoNE/output/models/overdispersion_nu/tune_31
69,0.45235206100243497,0.785373654041238,0.44663760697155674,1.0916094833597865,4,tune,2,31,0.46630292706946763,0.2711371356096623,0.9030638978616061,0.417931607692645,0.8061390218236384,0.3548559170893762,0.7468174514060799,0.21049148999598036,0.5100493938329242,0.5815600895268623,0.9026179071036307,SCoNE,0.0,0.5,/home/jupyter/repos/SCoNE/output/models/overdispersion_nu/tune_31
70,0.31963886773323746,0.7204582377607097,0.45354324492842485,1.0961922690572234,5,tune,2,31,0.35213340580090935,0.26909530919538754,0.8963821703653483,0.41999509044887906,0.7451685291500906,0.3482271084261083,0.746476908711918,0.20724246644943756,0.5176676142927474,0.5785246547644759,0.9026179071036307,SCoNE,0.0,0.5,/home/jupyter/repos/SCoNE/output/models/overdispersion_nu/tune_31
71,0.4507320724297846,0.7805507173771408,0.4547821234305413,1.0926838568020756,6,tune,2,31,0.46826929535465106,0.2881491168219011,0.8844639609458299,0.3968051072207169,0.7947838342414236,0.3228182109361039,0.7967041558414903,0.22949996363704642,0.51004040152509,0.5826434552769855,0.9026179071036307,SCoNE,0.0,0.5,/home/jupyter/repos/SCoNE/output/models/overdispersion_nu/tune_31
72,0.3209571554428388,0.7174747694036188,0.46176519663191695,1.0929367096027924,7,tune,2,31,0.34722638313867804,0.2757060558422217,0.8441547861582858,0.377426445338123,0.718690179157472,0.29188020954581184,0.7327197223257825,0.21242821820957525,0.51965172353052,0.5732849860722724,0.9026179071036307,SCoNE,0.0,0.5,/home/jupyter/repos/SCoNE/output/models/overdispersion_nu/tune_31
73,0.22123501119281683,0.6192594601545491,0.44991995470645985,1.0957870928692413,8,tune,2,31,0.4698805095598283,0.29575376484765237,0.9252440266300522,0.44290451229304845,0.6878158492112528,0.3363773658302297,0.7005636140918665,0.21067359403008432,0.5258392835791372,0.5699478092901041,0.9026179071036307,SCoNE,0.0,0.5,/home/jupyter/repos/SCoNE/output/models/overdispersion_nu/tune_31
74,0.5091896224048992,0.802259549050188,0.43928156899034076,1.1010621147755812,9,tune,2,31,0.45237896633675345,0.29110317327975643,0.9031577759634094,0.45475196722650024,0.8261324715559268,0.37441163171512104,0.6988691713818953,0.2276472025722051,0.5091226357097114,0.5919394790658699,0.9026179071036307,SCoNE,0.0,0.5,/home/jupyter/repos/SCoNE/output/models/overdispersion_nu/tune_31
75,0.44747090689297286,0.7875753033535061,0.4543482218260538,1.0871737866654507,10,tune,2,31,0.5007190225339645,0.3155591631889399,0.8890877372757685,0.4298230685482448,0.7685794571587943,0.3292410837961201,0.6987794217255685,0.18179123910898742,0.5135682079945171,0.5736055786709336,0.9026179071036307,SCoNE,0.0,0.5,/home/jupyter/repos/SCoNE/output/models/overdispersion_nu/tune_31
76,0.38416752728846204,0.7527342008394683,0.4496446822076725,1.093780088463497,11,tune,2,31,0.46177951343203016,0.2856288936151179,0.9135427006980559,0.4376605891353612,0.7617599125554971,0.3574958839830603,0.637280211836212,0.19275807706850048,0.5165306576709868,0.5772494307925101,0.9026179071036307,SCoNE,0.0,0.5,/home/jupyter/repos/SCoNE/output/models/overdispersion_nu/tune_31
77,0.3668364013029445,0.7463595221045493,0.44622497697082986,1.095200579265086,12,tune,2,31,0.44945344458458186,0.2774217301686551,0.9164333174693167,0.43386483923416974,0.8058111017564967,0.36298697829437254,0.8153623205608885,0.21674114011795692,0.5129049403677216,0.5822956388973645,0.9026179071036307,SCoNE,0.0,0.5,/home/jupyter/repos/SCoNE/output/models/overdispersion_nu/tune_31
78,0.5674449919859457,0.8268957375057759,0.4269199362903522,1.087044578027774,13,tune,2,31,0.5064227702862585,0.29819542291618284,0.8933574920331527,0.430049207083069,0.8821511835758891,0.39239748329468654,0.8720354730645622,0.21033238843529783,0.4983600058326508,0.5886845721951233,0.9026179071036307,SCoNE,0.0,0.5,/home/jupyter/repos/SCoNE/output/models/overdispersion_nu/tune_31
79,0.37104267348263836,0.7441121114585575,0.4570701543156763,1.0951248790110784,14,tune,2,31,0.4238856173087339,0.2785393289613487,0.8327820109342595,0.37067830886910214,0.7404286843767256,0.30052669923311254,0.6790188210744215,0.2154719063550626,0.5121041368117072,0.5830207421993712,0.9026179071036307,SCoNE,0.0,0.5,/home/jupyter/repos/SCoNE/output/models/overdispersion_nu/tune_31
80,0.5470888085002253,0.8181810110610378,0.43972997868341956,1.088371577892433,15,tune,2,31,0.5314216902592684,0.29987800757812344,0.9162657526385102,0.40857499188475566,0.8896840119422955,0.3771163987441662,0.8569029561592839,0.2285380736816297,0.5021209219002647,0.5862506559921684,0.9026179071036307,SCoNE,0.0,0.5,/home/jupyter/repos/SCoNE/output/models/overdispersion_nu/tune_31
81,0.4559026605982601,0.7827898358561594,0.45432058439234047,1.089656927816195,16,tune,2,31,0.47694443525257046,0.30337916233430406,0.883065031631666,0.39708868740632364,0.7716552148981494,0.3114753742767687,0.7870890264537466,0.20579021632890385,0.5124406346924858,0.5772162931237091,0.9026179071036307,SCoNE,0.0,0.5,/home/jupyter/repos/SCoNE/output/models/overdispersion_nu/tune_31
82,0.3370400120721451,0.7061990066001425,0.43558749716119377,1.1101245918927667,17,tune,2,31,0.2897794696855865,0.2616398880930173,0.8488271008598934,0.4335426291275942,0.7882468633832823,0.35737223964591863,0.797410465034765,0.22397898955508072,0.5174603084420474,0.5926642834507192,0.9026179071036307,SCoNE,0.0,0.5,/home/jupyter/repos/SCoNE/output/models/overdispersion_nu/tune_31
83,0.5703901951660068,0.8253555190639914,0.4349249733101788,1.0896814889843365,18,tune,2,31,0.5248108165836529,0.28606240373742986,0.8878651028721691,0.41484725230695957,0.8416962954705856,0.3906153969163715,0.6950848391319467,0.20436610124740448,0.5000621011245826,0.5896193878597539,0.9026179071036307,SCoNE,0.0,0.5,/home/jupyter/repos/SCoNE/output/models/overdispersion_nu/tune_31
84,0.279082545357298,0.6508929942098821,0.4455143945814551,1.100742770791222,19,tune,2,31,0.37754947885669915,0.25191163140329337,0.9411691338966283,0.4316492128430752,0.698790536111849,0.30644035522538504,0.6467705108068854,0.24966457130711953,0.5190203110247715,0.5817224597664505,0.9026179071036307,SCoNE,0.0,0.5,/home/jupyter/repos/SCoNE/output/models/overdispersion_nu/tune_31
85,0.39336112818272084,0.7680078725361104,0.44781794753642923,1.0915134741614392,20,tune,2,31,0.4938754452146458,0.29167751119506524,0.926321311351276,0.433003518026719,0.810584448003563,0.3419057158787129,0.7893656270735407,0.22047736256403647,0.5145387124940056,0.5769747616674336,0.9026179071036307,SCoNE,0.0,0.5,/home/jupyter/repos/SCoNE/output/models/overdispersion_nu/tune_31
86,0.30503028934238063,0.7144985040109761,0.4544814073324693,1.0961060469968062,21,tune,2,31,0.4505673807297329,0.2637117217813007,0.898449619126724,0.41661346897271906,0.7257255396754283,0.3264899664626161,0.7100593741200624,0.2379936225247954,0.5156595265918201,0.5804465204049862,0.9026179071036307,SCoNE,0.0,0.5,/home/jupyter/repos/SCoNE/output/models/overdispersion_nu/tune_31
87,0.5405582933127207,0.821334749071801,0.44078446586537673,1.0869709049965217,22,tune,2,31,0.4943384104259441,0.2919247149291706,0.8699384682294901,0.3812822548759582,0.8207809581198875,0.36453615179037585,0.6586463851882162,0.1706756070549324,0.5097004882334943,0.5772704167630275,0.9026179071036307,SCoNE,0.0,0.5,/home/jupyter/repos/SCoNE/output/models/overdispersion_nu/tune_31
88,0.5484900408549862,0.8126568115810585,0.4412216078377429,1.0883020019689682,23,tune,2,31,0.5000533862717043,0.2945755253111585,0.873731760757644,0.4047542321598441,0.8449697552828661,0.35718501012888554,0.7956899953170702,0.2150126374415538,0.5037451488911983,0.5845568530777698,0.9026179071036307,SCoNE,0.0,0.5,/home/jupyter/repos/SCoNE/output/models/overdispersion_nu/tune_31
89,0.515225888735898,0.8116720496893904,0.44291944310745035,1.0869522432581897,24,tune,2,31,0.49523687237922864,0.3124730122537612,0.8763810569568097,0.3983743302144719,0.8315393291175366,0.3646979182006636,0.7033917826333002,0.1998006051809319,0.5015679673355501,0.5853842759226398,0.9026179071036307,SCoNE,0.0,0.5,/home/jupyter/repos/SCoNE/output/models/overdispersion_nu/tune_31
90,0.2109609813607893,0.6682836385074761,0.4630552279039059,1.0978026195793256,25,tune,2,31,0.32973976923719495,0.2501821218740007,0.9003535522176658,0.45222840614308824,0.5812721598999624,0.2757681034328979,0.7275176373418059,0.20667206027589366,0.5300793083384409,0.5677233112408847,0.9026179071036307,SCoNE,0.0,0.5,/home/jupyter/repos/SCoNE/output/models/overdispersion_nu/tune_31
91,0.49005871878066326,0.8072262304722486,0.4480000220840813,1.092034446315564,26,tune,2,31,0.4850884726091747,0.2818711594951836,0.8866080637657064,0.4449364598147742,0.8376886245936634,0.36653943939731093,0.7679038825093887,0.22580114334938448,0.5034846059028235,0.5885498404127404,0.9026179071036307,SCoNE,0.0,0.5,/home/jupyter/repos/SCoNE/output/models/overdispersion_nu/tune_31
92,0.3474237846120962,0.7334502536337891,0.44943444165926755,1.1009321978573885,27,tune,2,31,0.3250949846570076,0.2728908251691836,0.8645751933773522,0.4344958703128555,0.7343559575950198,0.3339873364084325,0.5642819330005812,0.20897199079581966,0.5196760047619539,0.5812561930954345,0.9026179071036307,SCoNE,0.0,0.5,/home/jupyter/repos/SCoNE/output/models/overdispersion_nu/tune_31
93,0.24280889951723822,0.6609844852104011,0.45430808820934965,1.1023049809209775,28,tune,2,31,0.30656072642560184,0.2945287956029828,0.8825022748038363,0.4111274701241631,0.7213767413980238,0.32587278730178687,0.752425290395115,0.19967655071525242,0.5236197875068361,0.5786851934141413,0.9026179071036307,SCoNE,0.0,0.5,/home/jupyter/repos/SCoNE/output/models/overdispersion_nu/tune_31
94,0.2932943562809328,0.6673843443683889,0.43456189330495026,1.1040197710326958,29,tune,2,31,0.29843651479058186,0.2559417439003186,0.9347737682158008,0.46625469528193264,0.7483284235214782,0.3572895614581348,0.7615305066668404,0.2091763554291272,0.5238528817602621,0.5801668892724337,0.9026179071036307,SCoNE,0.0,0.5,/home/jupyter/repos/SCoNE/output/models/overdispersion_nu/tune_31
95,0.27361961270507484,0.6402478854574111,0.4387534174637242,1.1085544386917483,30,tune,2,31,0.26035035630468845,0.24363827966754137,0.835816958287132,0.4029971055402961,0.7229286825715653,0.3543476027704909,0.7429987346016553,0.20734799133452442,0.5188022024633477,0.5897522362284006,0.9026179071036307,SCoNE,0.0,0.5,/home/jupyter/repos/SCoNE/output/models/overdispersion_nu/tune_31
96,0.3637953129544587,0.7577098231350706,0.44781420288135526,1.0888865118849589,31,tune,2,31,0.4877339205902453,0.28455973005758356,0.9070437841287728,0.41549323036559044,0.7518876490634883,0.32734527384005313,0.6995588451670152,0.16728841151080634,0.5175984670436703,0.5712880448412887,0.9026179071036307,SCoNE,0.0,0.5,/home/jupyter/repos/SCoNE/output/models/overdispersion_nu/tune_31
97,0.4564381551718459,0.785995148459214,0.4506200904885908,1.0960480564851318,32,tune,2,31,0.41041823589186854,0.26934745609418975,0.8479100105838779,0.410527493075614,0.8019045153389912,0.3273165240142169,0.7986532890999481,0.2406312997086348,0.5113613886063884,0.5846866678787433,0.9026179071036307,SCoNE,0.0,0.5,/home/jupyter/repos/SCoNE/output/models/overdispersion_nu/tune_31
98,0.38066944193443425,0.7513793943776564,0.44270277899074584,1.1070291334271891,33,tune,2,31,0.4317141210212809,0.28234783828277654,0.8942469230303723,0.4470081438943269,0.7949476835028374,0.3717218469870286,0.8113529918447104,0.20259775592374168,0.5154907521737905,0.5915383812533987,0.9026179071036307,SCoNE,0.0,0.5,/home/jupyter/repos/SCoNE/output/models/overdispersion_nu/tune_31
99,0.3902083724819622,0.7525254050716764,0.44261982474501266,1.103515827790112,34,tune,2,31,0.3664096864534395,0.250749383929249,0.9025312266447529,0.49534205542230075,0.773295128308879,0.3743701995744111,0.7358346229707864,0.24860382877148365,0.5129348170031912,0.5905810107869208,0.9026179071036307,SCoNE,0.0,0.5,/home/jupyter/repos/SCoNE/output/models/overdispersion_nu/tune_31
100,0.5153015743674354,0.8055033489530401,0.44723412689391134,1.0916177392428867,35,tune,2,31,0.508764673671878,0.29584210137656497,0.8951024630503457,0.4069372007845862,0.844392308865944,0.3711459194612031,0.7645979467168897,0.22802837557161376,0.5053315749709143,0.5862861642719726,0.9026179071036307,SCoNE,0.0,0.5,/home/jupyter/repos/SCoNE/output/models/overdispersion_nu/tune_31
101,0.550701192374196,0.8147943438193155,0.4362355605238333,1.0899846500066817,36,tune,2,31,0.5475166933270114,0.3019486189611575,0.9480059025109784,0.4337716040166734,0.8550017090071063,0.3745313099552979,0.7339454766999367,0.19763131736331174,0.5057251700493027,0.584259479957379,0.9026179071036307,SCoNE,0.0,0.5,/home/jupyter/repos/SCoNE/output/models/overdispersion_nu/tune_31
102,0.32276827897606986,0.7218875274557336,0.45437949424097623,1.1001370960051449,37,tune,2,31,0.3530866632410732,0.27835222964948086,0.8846958729223869,0.4281596406752454,0.7563922732351275,0.349375520149492,0.7058573057844165,0.18816919546748917,0.5178594639745726,0.5822776320305723,0.9026179071036307,SCoNE,0.0,0.5,/home/jupyter/repos/SCoNE/output/models/overdispersion_nu/tune_31
103,0.3152657102994436,0.7173674121429032,0.4481341819905785,1.0976655677374132,38,tune,2,31,0.34496294628161717,0.2579603831288497,0.8961431859824103,0.4563415139084045,0.7439897332438578,0.3492806156339308,0.7541889324280805,0.2326587138940448,0.52113306344524,0.5765325042921731,0.9026179071036307,SCoNE,0.0,0.5,/home/jupyter/repos/SCoNE/output/models/overdispersion_nu/tune_31
104,0.24331034853846623,0.6368024567567018,0.4432018675423932,1.1006680252843175,39,tune,2,31,0.3172120585444491,0.2699124216627624,0.8770266833728566,0.3962257051474491,0.6356504331673322,0.2940733269143295,0.8421749714745466,0.23129207850007485,0.5155361440399792,0.5851318812443385,0.9026179071036307,SCoNE,0.0,0.5,/home/jupyter/repos/SCoNE/output/models/overdispersion_nu/tune_31
105,0.5024076479972063,0.8078941608880463,0.43944683300755244,1.0896136225678403,40,tune,2,31,0.47460520188541494,0.29840393707143326,0.8659902437741444,0.4112529747811542,0.8365907730938001,0.37544452731908257,0.7902358992299724,0.2187016980176494,0.5011991720174795,0.5884144505503609,0.9026179071036307,SCoNE,0.0,0.5,/home/jupyter/repos/SCoNE/output/models/overdispersion_nu/tune_31
106,0.2964893738934103,0.7014800847732303,0.45404259588375173,1.1005585331641448,41,tune,2,31,0.34040899272907005,0.2543155470434234,0.8757361803423457,0.40787783281607565,0.7660472928719646,0.3601570450002576,0.844851304044299,0.19461044526965715,0.5156239147799063,0.5849346183842384,0.9026179071036307,SCoNE,0.0,0.5,/home/jupyter/repos/SCoNE/output/models/overdispersion_nu/tune_31
107,0.5970564229478765,0.8323194215866251,0.43424879336317324,1.0894956101825897,42,tune,2,31,0.47843965361956464,0.29947186264613224,0.8577755620381534,0.3967223610368823,0.9038722849591027,0.3753779885193086,0.8951750666012511,0.23063474831413333,0.49888175623106945,0.5906138539515202,0.9026179071036307,SCoNE,0.0,0.5,/home/jupyter/repos/SCoNE/output/models/overdispersion_nu/tune_31
108,0.5816159897078207,0.8230962684566931,0.436167195608486,1.0883050044329736,43,tune,2,31,0.5036836034708472,0.3083191426857975,0.8881364934090249,0.4111387723815958,0.8465032343372721,0.3805055682868057,0.7364709233198458,0.2130011723025219,0.5023705848813378,0.5859344195516357,0.9026179071036307,SCoNE,0.0,0.5,/home/jupyter/repos/SCoNE/output/models/overdispersion_nu/tune_31
109,0.47002120084392907,0.7885859014947049,0.4395309815515023,1.093482964079894,44,tune,2,31,0.46523342434096887,0.29149247986535753,0.916491387456658,0.45363138928777214,0.8284020564022301,0.3831049925951421,0.7109118481166072,0.19212699183709042,0.5101339161880081,0.583349047891886,0.9026179071036307,SCoNE,0.0,0.5,/home/jupyter/repos/SCoNE/output/models/overdispersion_nu/tune_31
110,0.2956048661441981,0.6571418356219481,0.4359014132331819,1.1121681862364985,45,tune,2,31,0.2632563630665543,0.24491901556626416,0.8443381408088219,0.4037301120553164,0.6994212079922956,0.34551034327458363,0.6967354326939964,0.21297497410831812,0.5170367817891237,0.5951314044473748,0.9026179071036307,SCoNE,0.0,0.5,/home/jupyter/repos/SCoNE/output/models/overdispersion_nu/tune_31
111,0.23951276664018353,0.6620705855416408,0.45656041886399895,1.1027250800245565,46,tune,2,31,0.38698599066124734,0.28035091160047215,0.8523840201758396,0.400798300762295,0.5782735114791459,0.27135133520271776,0.7054075379522821,0.2143773127852902,0.520456212499067,0.5822688675254895,0.9026179071036307,SCoNE,0.0,0.5,/home/jupyter/repos/SCoNE/output/models/overdispersion_nu/tune_31
112,0.32989254558104536,0.7074930624349217,0.4475660126318617,1.1087396175485953,47,tune,2,31,0.2686835245424387,0.24410767540211586,0.8709742253386169,0.4912394610189307,0.7475402639080477,0.3622492895520392,0.7063645765427995,0.27508017306742155,0.5148933820779982,0.5938462354705972,0.9026179071036307,SCoNE,0.0,0.5,/home/jupyter/repos/SCoNE/output/models/overdispersion_nu/tune_31
113,0.42266747175074504,0.7620764421673069,0.43838673665831523,1.1072151291678742,48,tune,2,31,0.3783762600351016,0.30030538848374116,0.9249664751676918,0.4756354418888973,0.801355003707656,0.3676750527966027,0.7112851612020762,0.19095595823572992,0.5123565183057426,0.5948586108621315,0.9026179071036307,SCoNE,0.0,0.5,/home/jupyter/repos/SCoNE/output/models/overdispersion_nu/tune_31
114,0.37023584169782336,0.7528374241650753,0.45054006837675203,1.0899145166375999,49,tune,2,31,0.4308112253044468,0.29060283367501094,0.8914557124106205,0.42543344145777773,0.7227055752694015,0.3221051373947315,0.7416687124256061,0.20514617021867024,0.5237545230625061,0.5661599935750937,0.9026179071036307,SCoNE,0.0,0.5,/home/jupyter/repos/SCoNE/output/models/overdispersion_nu/tune_31
115,0.6223098271710926,0.8454014262397324,0.4355887376028376,1.0412724285345782,0,tune,1,19,0.508598809509369,0.29996318434300556,0.8403783554960232,0.38556720408195205,0.8807741858394467,0.3874777290783634,0.845246782826098,0.22927831802095017,0.49499389147935724,0.546278537055221,0.951980574484689,SCoNE,0.0,0.1,/home/jupyter/repos/SCoNE/output/models/overdispersion_nu/tune_19
116,0.5606659983315918,0.8196636048931522,0.4503131307773016,1.0419452219372296,1,tune,1,19,0.4972654787029709,0.28072772166209825,0.8316609707054692,0.39101423703280686,0.84495782175864,0.37628198057521123,0.7858291793545062,0.2231471253446521,0.49711047845570755,0.5448347434815222,0.951980574484689,SCoNE,0.0,0.1,/home/jupyter/repos/SCoNE/output/models/overdispersion_nu/tune_19
117,0.6262906939999134,0.8381814340970488,0.43935669015986795,1.044056869869974,2,tune,1,19,0.5098685788819248,0.2991721852084666,0.8482423541985453,0.40335412495514433,0.9020449271243186,0.38722792491038405,0.8770431853730406,0.23102414573298055,0.49794113624971154,0.5461157336202623,0.951980574484689,SCoNE,0.0,0.1,/home/jupyter/repos/SCoNE/output/models/overdispersion_nu/tune_19
118,0.5213700390684458,0.8017647661505929,0.44347381417609,1.0536049980539506,3,tune,1,19,0.38619635719478235,0.2706109647264666,0.8835521460637795,0.4369646640837052,0.9196590687153294,0.3874106824954409,0.9369413756533372,0.23133400482843275,0.5042340024393921,0.5493709956145586,0.951980574484689,SCoNE,0.0,0.1,/home/jupyter/repos/SCoNE/output/models/overdispersion_nu/tune_19
119,0.40235866575965834,0.7635616001071175,0.4470914863893632,1.0604328178194202,4,tune,1,19,0.3506431741463434,0.2610297671826064,0.8798033179302527,0.4595653520837071,0.839337265555727,0.3989306056547139,0.8690700306036407,0.2540192223262079,0.5048634512088701,0.5555693666105502,0.951980574484689,SCoNE,0.0,0.1,/home/jupyter/repos/SCoNE/output/models/overdispersion_nu/tune_19
120,0.5559936519825126,0.8273853767956553,0.4405340355009886,1.0402139924172795,5,tune,1,19,0.5336893949273765,0.2981638589579019,0.8776600496987187,0.381056859931938,0.8612081795579182,0.3787823628593498,0.8537074411749618,0.22148266003546266,0.49453933197454725,0.5456746604427322,0.951980574484689,SCoNE,0.0,0.1,/home/jupyter/repos/SCoNE/output/models/overdispersion_nu/tune_19
121,0.6549586135433451,0.8475776562406943,0.437573189469355,1.0417414471998052,6,tune,1,19,0.49030496498464854,0.31094091200386376,0.8150778481605963,0.37361039364716675,0.8671975878130272,0.4085617420600664,0.7847106127708195,0.23740620468604753,0.49883889099804346,0.5429025562017619,0.951980574484689,SCoNE,0.0,0.1,/home/jupyter/repos/SCoNE/output/models/overdispersion_nu/tune_19
122,0.45453525117956106,0.7840304066331413,0.44848804279873744,1.0557237094980712,7,tune,1,19,0.3722681184269735,0.2867912889279458,0.8796907426307566,0.4492952075795087,0.8506201335935516,0.3889724744331358,0.8908904425992318,0.23764493301723214,0.5046540974590381,0.551069612039033,0.951980574484689,SCoNE,0.0,0.1,/home/jupyter/repos/SCoNE/output/models/overdispersion_nu/tune_19
123,0.6338552574771349,0.842221561612184,0.4362806599475065,1.0423927322105453,8,tune,1,19,0.4966826128445019,0.28377234220371983,0.8593914790590044,0.4170468637549615,0.8817439877712695,0.3919536607622313,0.8562687977712483,0.22412496735650658,0.4984814865271187,0.5439112456834265,0.951980574484689,SCoNE,0.0,0.1,/home/jupyter/repos/SCoNE/output/models/overdispersion_nu/tune_19
124,0.6559934352505177,0.8484333749036298,0.43714562062095325,1.0405133018552866,9,tune,1,19,0.5207495675323336,0.30721333431690623,0.8539682796101014,0.3845204911035846,0.8663736647263197,0.40577343156623513,0.7943471258752463,0.23349443075165122,0.49483329057032494,0.5456800112849616,0.951980574484689,SCoNE,0.0,0.1,/home/jupyter/repos/SCoNE/output/models/overdispersion_nu/tune_19
125,0.6438523063516743,0.8447786352856593,0.43703927395340153,1.0418758465877929,10,tune,1,19,0.5061490738708142,0.28860410702925826,0.8609413348425378,0.4090103291691146,0.8864276439862577,0.37519780615938036,0.8735805818371535,0.25922769116887834,0.4974879022137217,0.5443879443740712,0.951980574484689,SCoNE,0.0,0.1,/home/jupyter/repos/SCoNE/output/models/overdispersion_nu/tune_19
126,0.40013623591797426,0.7579729548016265,0.44595485058789913,1.0630502194810845,11,tune,1,19,0.32938439966926136,0.2543073867064444,0.8455330927978058,0.49733633997808135,0.8586766954881718,0.38124724475478156,0.9232077862198083,0.2563879294903109,0.5023945036770742,0.5606557158040103,0.951980574484689,SCoNE,0.0,0.1,/home/jupyter/repos/SCoNE/output/models/overdispersion_nu/tune_19
127,0.5804230548321089,0.8295571804066284,0.44182367218294893,1.0412552370801071,12,tune,1,19,0.5102613720323098,0.292518261299546,0.8602766378103486,0.407741493086812,0.8846860386742947,0.40468190291678785,0.900784383212908,0.21054458035471257,0.4964606394458686,0.5447945976342384,0.951980574484689,SCoNE,0.0,0.1,/home/jupyter/repos/SCoNE/output/models/overdispersion_nu/tune_19
128,0.5889190014548185,0.8294298708446762,0.44550680703036216,1.0417991269411822,13,tune,1,19,0.4804490068595666,0.30133157047705206,0.8606698850257329,0.41427400687190813,0.8485948605964665,0.3957232270845879,0.7841285199572762,0.19752733336283212,0.5038061866191349,0.5379929403220473,0.951980574484689,SCoNE,0.0,0.1,/home/jupyter/repos/SCoNE/output/models/overdispersion_nu/tune_19
129,0.33767353992109916,0.7251200315663888,0.4579335819247256,1.0563841859258285,14,tune,1,19,0.4011765343627725,0.26336239807727574,0.9184044418890457,0.4259873568592854,0.7897631954605369,0.37199981789012626,0.8517447969472766,0.24802199897779764,0.5096968987163287,0.5466872872094999,0.951980574484689,SCoNE,0.0,0.1,/home/jupyter/repos/SCoNE/output/models/overdispersion_nu/tune_19
130,0.6390460359196628,0.8369461086528996,0.44297430262868787,1.0408629373874398,15,tune,1,19,0.5037273050798363,0.30870685276527693,0.8476524178807339,0.3877857190011337,0.8834575588376857,0.3829350902327447,0.828379074575144,0.213030981820685,0.498573014094177,0.542289923293263,0.951980574484689,SCoNE,0.0,0.1,/home/jupyter/repos/SCoNE/output/models/overdispersion_nu/tune_19
131,0.46435426369527366,0.7939694495997974,0.447264378462826,1.0546139523666735,16,tune,1,19,0.425508933293962,0.2885104795867235,0.8500566865444028,0.4482549479965294,0.8584618690727451,0.3759373328383159,0.9012633213292901,0.2642732584555994,0.5032051066232489,0.5514088457434246,0.951980574484689,SCoNE,0.0,0.1,/home/jupyter/repos/SCoNE/output/models/overdispersion_nu/tune_19
132,0.3595870968050706,0.7517388476431973,0.44704782655906306,1.0619281422627924,17,tune,1,19,0.3125502542560708,0.25804747137388223,0.8702179653590404,0.49754379830456535,0.8570472016979542,0.35706055095188993,0.9050533112254816,0.2448748687609724,0.5054088466958884,0.556519295566904,0.951980574484689,SCoNE,0.0,0.1,/home/jupyter/repos/SCoNE/output/models/overdispersion_nu/tune_19
133,0.5500600605672575,0.8188989743254506,0.4438715738236102,1.0440180236673327,18,tune,1,19,0.5138286757625494,0.29843510024664804,0.8877441508830335,0.41419004924814407,0.8644270467907885,0.39783944500869817,0.8570330286177962,0.20808609176959936,0.4942276645309411,0.5497903591363916,0.951980574484689,SCoNE,0.0,0.1,/home/jupyter/repos/SCoNE/output/models/overdispersion_nu/tune_19
134,0.6395860734637974,0.8469644953786528,0.4398585945443971,1.0405345481690127,19,tune,1,19,0.5549212161972926,0.28254431675992187,0.8792469180534799,0.4159558069235103,0.8635100472517334,0.37756942406908706,0.7663615883753302,0.19441553370150888,0.49664370690458065,0.543890841264432,0.951980574484689,SCoNE,0.0,0.1,/home/jupyter/repos/SCoNE/output/models/overdispersion_nu/tune_19
135,0.49878511357541483,0.8063892948285764,0.4456109451222459,1.054379079432932,20,tune,1,19,0.40362063401879983,0.2861864746039816,0.8631215040221223,0.44278013559568274,0.9095570812160806,0.3788060020734051,0.9264839320348356,0.24055725789155877,0.5054738099971416,0.5489052694357903,0.951980574484689,SCoNE,0.0,0.1,/home/jupyter/repos/SCoNE/output/models/overdispersion_nu/tune_19
136,0.6572376208518798,0.8478423476192863,0.4271092764378232,1.0413286501515726,21,tune,1,19,0.508160297486919,0.283956758224901,0.8554114676670199,0.3994755686390205,0.8733780551744311,0.3999981002985964,0.820883432075237,0.20740837541275947,0.49301073865935635,0.5483179114922163,0.951980574484689,SCoNE,0.0,0.1,/home/jupyter/repos/SCoNE/output/models/overdispersion_nu/tune_19
137,0.6239422736889417,0.845079436237453,0.43516422367116475,1.0411831364156687,22,tune,1,19,0.5191439453634855,0.2881621613207353,0.8686522752319228,0.3952936105327336,0.8840523792943017,0.4085092001687475,0.84601281390975,0.22611414888419862,0.4960787462598969,0.5451043901557717,0.951980574484689,SCoNE,0.0,0.1,/home/jupyter/repos/SCoNE/output/models/overdispersion_nu/tune_19
138,0.6124024862609698,0.8386092126815624,0.4368956784245124,1.0431526814102918,23,tune,1,19,0.48617420972336933,0.325013969486712,0.8476764847363824,0.3742336509542089,0.895703506953649,0.39226011259769467,0.9200170692546089,0.217346009255095,0.5005221557756678,0.5426305256346241,0.951980574484689,SCoNE,0.0,0.1,/home/jupyter/repos/SCoNE/output/models/overdispersion_nu/tune_19
139,0.5600873289678122,0.8206178168741302,0.4479651988607437,1.0433288851834635,24,tune,1,19,0.5017541190488914,0.27917525916934566,0.8521960119823124,0.3811206984315485,0.8708972457086507,0.39216579514276184,0.8533384133826935,0.2176369489587266,0.4963880209365046,0.5469408642469589,0.951980574484689,SCoNE,0.0,0.1,/home/jupyter/repos/SCoNE/output/models/overdispersion_nu/tune_19
140,0.5663764594359653,0.8218019332041301,0.44673779664191876,1.0419093343816253,25,tune,1,19,0.5103547883758743,0.30736103137313714,0.8211183162798328,0.35443396173596825,0.8578076814671387,0.39221790590821953,0.8070243652474887,0.209453817074458,0.49422111934608365,0.5476882150355417,0.951980574484689,SCoNE,0.0,0.1,/home/jupyter/repos/SCoNE/output/models/overdispersion_nu/tune_19
141,0.30619580538267543,0.6814156890520219,0.4504369325285411,1.0729562229019567,26,tune,1,19,0.29108480815265686,0.2625695885348641,0.8446575042242613,0.483511872420247,0.7725244862336765,0.3597739822976422,0.8437935936755762,0.2438331328341994,0.5038131674553121,0.5691430554466446,0.951980574484689,SCoNE,0.0,0.1,/home/jupyter/repos/SCoNE/output/models/overdispersion_nu/tune_19
142,0.45120370639945023,0.7835561714453014,0.44288697473408883,1.0599800589767803,27,tune,1,19,0.3723079589668504,0.26063336491427835,0.8523962017943586,0.46917789206043237,0.818930417861955,0.39623126257166097,0.8296511976039322,0.24997724970557236,0.5052452526527417,0.5547348063240385,0.951980574484689,SCoNE,0.0,0.1,/home/jupyter/repos/SCoNE/output/models/overdispersion_nu/tune_19
143,0.6269906704744374,0.843168612297059,0.4359937957005309,1.0407752184411396,28,tune,1,19,0.5365800538555369,0.2881759826023265,0.9011210641346541,0.42104397680068595,0.8760872719454502,0.4079964122733852,0.859948426787313,0.19872116455924058,0.49779448738665866,0.542980731054481,0.951980574484689,SCoNE,0.0,0.1,/home/jupyter/repos/SCoNE/output/models/overdispersion_nu/tune_19
144,0.36203571502793086,0.7383104811039567,0.446793477112468,1.0642757249891142,29,tune,1,19,0.3172146734106854,0.2628498475441565,0.8730963598817708,0.5006689609413626,0.821711950776386,0.3823449428052952,0.9019754687592951,0.2746158520932525,0.5038490184840047,0.5604267065051095,0.951980574484689,SCoNE,0.0,0.1,/home/jupyter/repos/SCoNE/output/models/overdispersion_nu/tune_19
145,0.5835564122262008,0.8324879511462474,0.4383913163776639,1.040868262275834,30,tune,1,19,0.488879696312951,0.28793467934499156,0.8292880989594665,0.3936880304696399,0.8754385611491912,0.38700908322085104,0.8571108575282451,0.23427020500509627,0.4948418227813362,0.5460264394944979,0.951980574484689,SCoNE,0.0,0.1,/home/jupyter/repos/SCoNE/output/models/overdispersion_nu/tune_19
146,0.646305284131558,0.8418212635272897,0.44095643665912604,1.0409244106186104,31,tune,1,19,0.525905886339856,0.30319030535503827,0.8804533061247776,0.4038482811594142,0.8829525466453408,0.3975789846399074,0.8586697945157363,0.20728646303193268,0.49889282792287165,0.5420315826957388,0.951980574484689,SCoNE,0.0,0.1,/home/jupyter/repos/SCoNE/output/models/overdispersion_nu/tune_19
147,0.6387757109885099,0.8413161256081787,0.43641047240127406,1.041540104673213,32,tune,1,19,0.5882707077570989,0.27472723848725855,0.9385228495192288,0.44494872373432515,0.9139651575104654,0.3786186320879288,0.8838389812427166,0.2337017819700427,0.499961107698314,0.541578996974899,0.951980574484689,SCoNE,0.0,0.1,/home/jupyter/repos/SCoNE/output/models/overdispersion_nu/tune_19
148,0.5639958245067395,0.8239405848306177,0.4483915858500495,1.0415491206682954,33,tune,1,19,0.4946642750308303,0.3125429281007846,0.8506951770578445,0.3950456321308171,0.8647068911439661,0.390600092230866,0.8447694353206388,0.21906808089190824,0.4963400040252273,0.545209116643068,0.951980574484689,SCoNE,0.0,0.1,/home/jupyter/repos/SCoNE/output/models/overdispersion_nu/tune_19
149,0.32514314236405595,0.7074536150717162,0.4470269246746531,1.065195355966656,34,tune,1,19,0.32862056109975024,0.2794153327850535,0.8445957851898165,0.45982115261513706,0.7677553492975444,0.3440451426057043,0.8466164507430904,0.29747942598158283,0.5076946265830099,0.5575007293836461,0.951980574484689,SCoNE,0.0,0.1,/home/jupyter/repos/SCoNE/output/models/overdispersion_nu/tune_19
150,0.5891901664539593,0.8185055647130707,0.44758711643060045,1.043853949625858,35,tune,1,19,0.4484486045472874,0.27098667223000195,0.8525093620077172,0.39812421617204136,0.8651411421022082,0.3857192496842059,0.8362553286031273,0.20853053498636065,0.5064388472259779,0.5374151023998802,0.951980574484689,SCoNE,0.0,0.1,/home/jupyter/repos/SCoNE/output/models/overdispersion_nu/tune_19
151,0.6057748278880604,0.8367568593451438,0.43866843431231106,1.0410635852110672,36,tune,1,19,0.48291860249526913,0.29537884194637565,0.8492943729564134,0.39169690936270135,0.9029584276075465,0.401090359570933,0.916812739555371,0.22095612693168856,0.49671797774181287,0.5443456074692543,0.951980574484689,SCoNE,0.0,0.1,/home/jupyter/repos/SCoNE/output/models/overdispersion_nu/tune_19
152,0.25426128010686716,0.6706153372697433,0.4644339037233045,1.0627942435368207,37,tune,1,19,0.2963513911363937,0.2592639836055432,0.8070615095828299,0.40629548492597223,0.7411773534888627,0.3448495244083537,0.8952348754680444,0.23578940688959904,0.5093468193659936,0.5534474241708272,0.951980574484689,SCoNE,0.0,0.1,/home/jupyter/repos/SCoNE/output/models/overdispersion_nu/tune_19
153,0.5922310511790388,0.8308118918769019,0.4380975395638768,1.0417975874751872,38,tune,1,19,0.5075245205098069,0.2909850314202155,0.8534796737633878,0.3768256204308642,0.8653450163623105,0.40574309348464205,0.8989746598468045,0.19938988105402924,0.49399200752672107,0.5478055799484661,0.951980574484689,SCoNE,0.0,0.1,/home/jupyter/repos/SCoNE/output/models/overdispersion_nu/tune_19
154,0.6499800882850439,0.8449943091287611,0.436302561795903,1.042501502012307,39,tune,1,19,0.4954784553225108,0.2922916997196148,0.8888727945630918,0.41070148685507957,0.9183022643081673,0.37716761656213726,0.9453873014927173,0.2551005363920879,0.49998000284995664,0.5425214991623504,0.951980574484689,SCoNE,0.0,0.1,/home/jupyter/repos/SCoNE/output/models/overdispersion_nu/tune_19
155,0.37412605963829837,0.7433126284163005,0.44146068897374,1.0653495226108427,40,tune,1,19,0.32811591575944876,0.26212571416203223,0.8536960958420865,0.5138888979589064,0.7960384573838524,0.39712582846066785,0.8924533635094017,0.25812788503660156,0.5049884511839564,0.5603610714268863,0.951980574484689,SCoNE,0.0,0.1,/home/jupyter/repos/SCoNE/output/models/overdispersion_nu/tune_19
156,0.5439748533363321,0.8139426857854978,0.44671534030328014,1.0443964863192259,41,tune,1,19,0.4798950210702713,0.2805502815364658,0.8538908788618684,0.3867267395882948,0.8957706594056484,0.3829371136042085,0.9216971670091801,0.1988522564288325,0.4993004553545726,0.5450960309646533,0.951980574484689,SCoNE,0.0,0.1,/home/jupyter/repos/SCoNE/output/models/overdispersion_nu/tune_19
157,0.4472447341598563,0.7794662190457402,0.445451174682397,1.05815911867628,42,tune,1,19,0.3609703750486577,0.2588657731749549,0.8516982442252963,0.4753325465546358,0.8572996162635642,0.3796429236644447,0.9027722535629802,0.21610873024330843,0.5054847496950213,0.5526743689812587,0.951980574484689,SCoNE,0.0,0.1,/home/jupyter/repos/SCoNE/output/models/overdispersion_nu/tune_19
158,0.5417878517575782,0.8237639638428459,0.44207935550881294,1.0424113710513359,43,tune,1,19,0.503071432984841,0.2853233059354894,0.8417533042233808,0.3841635236094472,0.8819642302892111,0.36729707312533155,0.9104439070502112,0.2549316930329802,0.49616832804114525,0.5462430430101907,0.951980574484689,SCoNE,0.0,0.1,/home/jupyter/repos/SCoNE/output/models/overdispersion_nu/tune_19
159,0.6598665905254761,0.8464281929477442,0.43546804972995284,1.0413412977152263,44,tune,1,19,0.5178289116807369,0.29939361765851474,0.9094290989893327,0.4223991845471884,0.933665968710776,0.3807102417452016,0.9292442108637329,0.23618319516827913,0.4993846519492933,0.541956645765933,0.951980574484689,SCoNE,0.0,0.1,/home/jupyter/repos/SCoNE/output/models/overdispersion_nu/tune_19
160,0.5599504583949219,0.8245400180979119,0.4422224741030064,1.0407915155782037,45,tune,1,19,0.5161042699519229,0.31644242891932,0.8642518823680422,0.38850574932623927,0.9083452299848175,0.3698035562091804,0.9303224981327105,0.2578760126885194,0.49513161062063016,0.5456599049575735,0.951980574484689,SCoNE,0.0,0.1,/home/jupyter/repos/SCoNE/output/models/overdispersion_nu/tune_19
161,0.5436945387561501,0.8197412432615834,0.4458903757941841,1.0407487342040143,46,tune,1,19,0.5304665808584722,0.26896329601116314,0.9058539166383086,0.4297824314375036,0.8656417824304304,0.39475267078800924,0.8599878130553399,0.1886352650754873,0.49917867573878333,0.541570058465231,0.951980574484689,SCoNE,0.0,0.1,/home/jupyter/repos/SCoNE/output/models/overdispersion_nu/tune_19
162,0.6568206136068178,0.8478485332823081,0.438736901594172,1.0414326254563173,47,tune,1,19,0.4798330764610412,0.29070521103299296,0.8162343776188349,0.3627622374634443,0.8685207083653262,0.37322820114703636,0.8121060211741445,0.2120859161175069,0.4982069114562334,0.5432257140000838,0.951980574484689,SCoNE,0.0,0.1,/home/jupyter/repos/SCoNE/output/models/overdispersion_nu/tune_19
163,0.37761470752764004,0.7521430981844965,0.44586623556539706,1.0610153566368543,48,tune,1,19,0.3276332276905699,0.26793461055071577,0.8565004694520065,0.46953463129137435,0.8174254188460988,0.39254993260894316,0.8798782059868175,0.24368548800413348,0.5068141019868799,0.5542012546499744,0.951980574484689,SCoNE,0.0,0.1,/home/jupyter/repos/SCoNE/output/models/overdispersion_nu/tune_19
164,0.6580126845988938,0.8496718286934279,0.43327666149873606,1.0404600030605144,49,tune,1,19,0.5750300448723872,0.28309743116262653,0.9099489117043705,0.41716633642654016,0.8841151351564179,0.3921710625357685,0.8259969073276349,0.22617406579249622,0.498220650694849,0.5422393523656655,0.951980574484689,SCoNE,0.0,0.1,/home/jupyter/repos/SCoNE/output/models/overdispersion_nu/tune_19
165,0.41585434959437007,0.7702834063306387,0.4485720234622979,1.0905203039728355,0,tune,2,35,0.4833034388717953,0.24498567102694693,0.9420617912681256,0.485373646918292,0.831064502008035,0.31871214894485017,0.8292078912570356,0.25023292180711504,0.517307098896152,0.5732132050766836,0.8988955903024725,SCoNE,1.0,0.5,/home/jupyter/repos/SCoNE/output/models/overdispersion_nu/tune_35
166,0.4865111793497071,0.7915943344812277,0.4359385296095809,1.089728754306839,1,tune,2,35,0.6063802822058647,0.2361850004670416,0.9675423341668664,0.5039365222353471,0.9043787453064663,0.3281860370620315,0.9465939609273312,0.2674026101529434,0.5066684202596389,0.5830603340472001,0.8988955903024725,SCoNE,1.0,0.5,/home/jupyter/repos/SCoNE/output/models/overdispersion_nu/tune_35
167,0.3979093777034459,0.7598707360645361,0.43840605228816526,1.1011771144742413,2,tune,2,35,0.447741391948735,0.21092193009584903,0.9842354234182095,0.5262881619488605,0.8719925297562926,0.3322732147911507,0.959205426269064,0.33070837196409575,0.5133868837160265,0.5877902307582148,0.8988955903024725,SCoNE,1.0,0.5,/home/jupyter/repos/SCoNE/output/models/overdispersion_nu/tune_35
168,0.18115402594787794,0.5926927632210884,0.436308444551494,1.1176798302459716,3,tune,2,35,0.6833443422177867,0.18887056288543666,0.9926364480790827,0.5040227700949095,0.5581766699169546,0.26465550978295427,0.8591886018643885,0.2925911365432334,0.5131443732703275,0.6045354569756441,0.8988955903024725,SCoNE,1.0,0.5,/home/jupyter/repos/SCoNE/output/models/overdispersion_nu/tune_35
169,0.566368135243141,0.8101611415842673,0.42908665422998993,1.087939488377655,4,tune,2,35,0.6501120387401254,0.24923636417543826,0.9733215754415516,0.4874679365776964,0.9015948149473945,0.348899092658162,0.9230360270823612,0.26039959313263283,0.5069256141045936,0.5810138742730614,0.8988955903024725,SCoNE,1.0,0.5,/home/jupyter/repos/SCoNE/output/models/overdispersion_nu/tune_35
170,0.29945060350793895,0.7066517214099439,0.44445002874032197,1.0901422881383724,5,tune,2,35,0.353130525176999,0.2517144806146522,0.9744159548335432,0.4964503802737418,0.7591186621274022,0.28036793264405824,0.918385546570964,0.24293734672861195,0.5314670415302486,0.5586752466081237,0.8988955903024725,SCoNE,1.0,0.5,/home/jupyter/repos/SCoNE/output/models/overdispersion_nu/tune_35
171,0.4205139084621598,0.7744244025934317,0.44353707585234436,1.0899546093785448,6,tune,2,35,0.5341542424488899,0.23911968935649403,0.9567819121161012,0.5089488582735481,0.8250465988645814,0.31619779356483163,0.81527430645465,0.252334355414655,0.5153287124289746,0.5746258969495702,0.8988955903024725,SCoNE,1.0,0.5,/home/jupyter/repos/SCoNE/output/models/overdispersion_nu/tune_35
172,0.29377184775016446,0.7026005797947318,0.4405767162449091,1.0926208955478072,7,tune,2,35,0.3694680783049705,0.2142061397349962,0.9824460740641155,0.5149673176893697,0.7525252333331757,0.26451268402388306,0.9322791257049822,0.2604350017090276,0.5280591922247245,0.5645617033230825,0.8988955903024725,SCoNE,1.0,0.5,/home/jupyter/repos/SCoNE/output/models/overdispersion_nu/tune_35
173,0.5615553495077946,0.8147429115989535,0.4309060533091863,1.0932546180296583,8,tune,2,35,0.5185083208506251,0.27354797552228804,0.9474310209126064,0.4910533625724284,0.8906038752357858,0.346215203029331,0.9092504601913962,0.23455640341611367,0.5148914192547065,0.5783631987749518,0.8988955903024725,SCoNE,1.0,0.5,/home/jupyter/repos/SCoNE/output/models/overdispersion_nu/tune_35
174,0.28110028623337713,0.7006685835763463,0.43477200786383613,1.0918919341176343,9,tune,2,35,0.36395385966102234,0.20488553324180844,0.9855297952543721,0.5042183896459229,0.7183937363606938,0.27854190338586515,0.8867626035339423,0.27787740829393903,0.5354224017109793,0.5564695324066549,0.8988955903024725,SCoNE,1.0,0.5,/home/jupyter/repos/SCoNE/output/models/overdispersion_nu/tune_35
175,0.27684149489130117,0.701094728524517,0.4377792772329102,1.0918070227700185,10,tune,2,35,0.3713582107219691,0.1996622575398587,0.9862384690359672,0.5215681894531543,0.7057361031480253,0.30254527903436645,0.8718137317652825,0.27235198720626064,0.5343804581907386,0.55742656457928,0.8988955903024725,SCoNE,1.0,0.5,/home/jupyter/repos/SCoNE/output/models/overdispersion_nu/tune_35
176,0.21139336420201962,0.6335235314449866,0.43510459300087817,1.0926458623405875,11,tune,2,35,0.300228969551463,0.1897846774060268,0.9826077489771009,0.4969141084338544,0.5246023184655507,0.24638655446603205,0.8620817254178996,0.2661299834491792,0.537079842209296,0.5555660201312914,0.8988955903024725,SCoNE,1.0,0.5,/home/jupyter/repos/SCoNE/output/models/overdispersion_nu/tune_35
177,0.40265254256450567,0.7627086375517573,0.4456234291989169,1.0939866164302114,12,tune,2,35,0.41877522905744424,0.2573397112258321,0.9704606952242708,0.4876006617244443,0.83385452669302,0.312453643567934,0.9133360771870029,0.24972167911638407,0.5198429925873014,0.57414362384291,0.8988955903024725,SCoNE,1.0,0.5,/home/jupyter/repos/SCoNE/output/models/overdispersion_nu/tune_35
178,0.4323168177526716,0.7745030443143179,0.4451525115457997,1.0909038763213683,13,tune,2,35,0.5036332148997585,0.23615563894354705,0.9699911715772093,0.49974008552808263,0.8225542556876474,0.3085911893687839,0.8296017173087942,0.2535929376582182,0.5158786163043536,0.5750252600170148,0.8988955903024725,SCoNE,1.0,0.5,/home/jupyter/repos/SCoNE/output/models/overdispersion_nu/tune_35
179,0.3953925438676948,0.760161068333165,0.44758602484855337,1.0944304872973019,14,tune,2,35,0.39469419125926375,0.256014260730162,0.9440904686738726,0.46856186427906316,0.8452503738550525,0.3267074866932599,0.8991716093634456,0.2612729328952723,0.5168881760946227,0.5775423112026792,0.8988955903024725,SCoNE,1.0,0.5,/home/jupyter/repos/SCoNE/output/models/overdispersion_nu/tune_35
180,0.38911697311117316,0.7413154170757039,0.43483961942992716,1.1003655545964808,15,tune,2,35,0.43557499213582457,0.30019767598434693,0.9530370131822716,0.4848976094238008,0.7386778050014633,0.3122392407094987,0.8615714583874092,0.26968927370013657,0.5243438316884815,0.5760217229079994,0.8988955903024725,SCoNE,1.0,0.5,/home/jupyter/repos/SCoNE/output/models/overdispersion_nu/tune_35
181,0.22051217539278536,0.6481495736263331,0.4494461907150583,1.0958600582906404,16,tune,2,35,0.3316283900764693,0.23351911339274584,0.9835373068212603,0.5006642792841534,0.5439145437282173,0.22304881213200597,0.7668675854545457,0.2780103483174062,0.5353342433207187,0.5605258149699217,0.8988955903024725,SCoNE,1.0,0.5,/home/jupyter/repos/SCoNE/output/models/overdispersion_nu/tune_35
182,0.506977759577416,0.8007296475446464,0.44037279589090955,1.08878921495592,17,tune,2,35,0.5588410997043751,0.2517282629415231,0.9452527559218094,0.4868139164635783,0.8987232949874138,0.3451604393420844,0.9283777944570172,0.24632830913728732,0.5033026599901471,0.5854865549657728,0.8988955903024725,SCoNE,1.0,0.5,/home/jupyter/repos/SCoNE/output/models/overdispersion_nu/tune_35
183,0.271281120784976,0.6895193911928926,0.444260344315971,1.0861145180592506,18,tune,2,35,0.320646920540014,0.19383096203200073,0.9740934674591216,0.5217979513125804,0.580141772202231,0.21783719885123848,0.7764378987328715,0.2637067162943346,0.5374554341923722,0.5486590838668784,0.8988955903024725,SCoNE,1.0,0.5,/home/jupyter/repos/SCoNE/output/models/overdispersion_nu/tune_35
184,0.49555540089951033,0.7987201299224578,0.43337262543151894,1.0900945511533966,19,tune,2,35,0.6186658173773835,0.2374195238046945,0.9660816625509837,0.48765182648125266,0.9049274369917031,0.33561573495239455,0.9383449564007307,0.26417118097274106,0.5029062639099204,0.5871882872434762,0.8988955903024725,SCoNE,1.0,0.5,/home/jupyter/repos/SCoNE/output/models/overdispersion_nu/tune_35
185,0.2922390877184277,0.705198304801021,0.4439548304988248,1.0925392534888427,20,tune,2,35,0.4359321569066778,0.24946911291275334,0.978339031973064,0.5000052691243877,0.7638794355579013,0.2757630896324553,0.9313898726376186,0.26066287836387697,0.5261431027916573,0.5663961506971854,0.8988955903024725,SCoNE,1.0,0.5,/home/jupyter/repos/SCoNE/output/models/overdispersion_nu/tune_35
186,0.2574181407780781,0.6642706614569502,0.4392174671135444,1.0937809699295755,21,tune,2,35,0.4421609321051421,0.2006323458758402,0.9849804852608524,0.5222051821651205,0.6725423545697083,0.23699096333344474,0.9445426228238895,0.2584313780597812,0.5370854324624591,0.5566955374671164,0.8988955903024725,SCoNE,1.0,0.5,/home/jupyter/repos/SCoNE/output/models/overdispersion_nu/tune_35
187,0.5789099112524502,0.8156145341071971,0.4254824727779101,1.0908328009865254,22,tune,2,35,0.6065450417375402,0.2788271093247852,0.9732411327485218,0.5024482647417642,0.9029221206372813,0.3368507823375183,0.9051991050484096,0.2744150971508541,0.5121714438257553,0.5786613571607702,0.8988955903024725,SCoNE,1.0,0.5,/home/jupyter/repos/SCoNE/output/models/overdispersion_nu/tune_35
188,0.6108994145509972,0.8221903328392427,0.4252964120843895,1.089535873591534,23,tune,2,35,0.6290417857205701,0.23317068571916144,0.969285354532576,0.488537097301093,0.9520071823404369,0.3414302713486866,0.9722346767905309,0.24488782656722133,0.5010828345384158,0.5884530390531182,0.8988955903024725,SCoNE,1.0,0.5,/home/jupyter/repos/SCoNE/output/models/overdispersion_nu/tune_35
189,0.24190366590042306,0.6512235231434785,0.42553099807411593,1.099587762814806,24,tune,2,35,0.33493865815700696,0.22914090301964005,0.9830037272415324,0.4931760952785772,0.7475323017668861,0.27317562370600074,0.9546724621382218,0.28111279768282094,0.5296827357967487,0.5699050270180573,0.8988955903024725,SCoNE,1.0,0.5,/home/jupyter/repos/SCoNE/output/models/overdispersion_nu/tune_35
190,0.4986578588410503,0.792529426605675,0.4405190012073394,1.0888177572192006,25,tune,2,35,0.621535758293322,0.2900049224635095,0.9707692402388374,0.48831876259537926,0.8706085975628901,0.3558445220858826,0.8957859306795016,0.2695250584751772,0.5076300606450541,0.5811876965741465,0.8988955903024725,SCoNE,1.0,0.5,/home/jupyter/repos/SCoNE/output/models/overdispersion_nu/tune_35
191,0.42170557370189143,0.7738600742663296,0.45244783226744284,1.0961016346398798,26,tune,2,35,0.41284859557483994,0.2951508139708697,0.9521091929011914,0.47202670529029744,0.8401151326662257,0.3305099615403773,0.8686131642552788,0.27326087480541705,0.5192507608456217,0.576850873794258,0.8988955903024725,SCoNE,1.0,0.5,/home/jupyter/repos/SCoNE/output/models/overdispersion_nu/tune_35
192,0.44887278952774223,0.7716716395384788,0.45139956188270125,1.0928560686209958,27,tune,2,35,0.49120692537994365,0.22922779858870104,0.9566952257003725,0.4850026310102644,0.8631450945716769,0.3458746425422063,0.9131524577058621,0.25025150767708443,0.5141080343893742,0.5787480342316215,0.8988955903024725,SCoNE,1.0,0.5,/home/jupyter/repos/SCoNE/output/models/overdispersion_nu/tune_35
193,0.4130436861810535,0.7662398186037369,0.4422597297476276,1.0938397932149475,28,tune,2,35,0.549667515863083,0.18162134338142238,0.9857413405306545,0.49445198186378414,0.8608651458845136,0.3215485646658001,0.9109101481844957,0.2746563740125322,0.5149181647272139,0.5789216284877337,0.8988955903024725,SCoNE,1.0,0.5,/home/jupyter/repos/SCoNE/output/models/overdispersion_nu/tune_35
194,0.3354759043902581,0.7273804824762771,0.4519236437753837,1.0972669227751373,29,tune,2,35,0.4620793836107877,0.28583843700448347,0.9264579696411881,0.47394416103228193,0.7472141721286497,0.2939216094465995,0.869408390070432,0.27469848338973635,0.5199672534007498,0.5772996693743875,0.8988955903024725,SCoNE,1.0,0.5,/home/jupyter/repos/SCoNE/output/models/overdispersion_nu/tune_35
195,0.4088802109436182,0.7584839592030552,0.4417630253614612,1.090541969949168,30,tune,2,35,0.45184835180528204,0.2585253479015668,0.960831501042665,0.4849629614836216,0.8228605744537438,0.3068989887628454,0.8575996337224058,0.2526897290832648,0.5221956339055129,0.568346336043655,0.8988955903024725,SCoNE,1.0,0.5,/home/jupyter/repos/SCoNE/output/models/overdispersion_nu/tune_35
196,0.4229812416265808,0.7738409022948481,0.44087155625732505,1.0912885699848862,31,tune,2,35,0.4405144914149832,0.2563383625980535,0.9416084930470014,0.4854900593521571,0.8359462537684157,0.3089735332163055,0.8680204758289619,0.2642337560867746,0.516256124506668,0.5750324454782182,0.8988955903024725,SCoNE,1.0,0.5,/home/jupyter/repos/SCoNE/output/models/overdispersion_nu/tune_35
197,0.26818772086717285,0.6483329186272062,0.44764181658294205,1.0979105879499715,32,tune,2,35,0.31816110554987287,0.22943092067929552,0.9717441845146079,0.5108088314329274,0.649587148000318,0.2337012020730824,0.7742427220063016,0.2958090669779485,0.5318293368223685,0.566081251127603,0.8988955903024725,SCoNE,1.0,0.5,/home/jupyter/repos/SCoNE/output/models/overdispersion_nu/tune_35
198,0.3311927700422726,0.7240493727623569,0.4378300533051778,1.0912129949524865,33,tune,2,35,0.46712771621004073,0.2729057698933248,0.987104264139013,0.48458761440543796,0.7638788450287912,0.27013549068134135,0.8867618921976081,0.2761949877723236,0.528933423036735,0.5622795719157515,0.8988955903024725,SCoNE,1.0,0.5,/home/jupyter/repos/SCoNE/output/models/overdispersion_nu/tune_35
199,0.27609208088659204,0.670716754446318,0.45318367750103766,1.1093220923018197,34,tune,2,35,0.2942958216413568,0.23843846101182947,0.9280277969769117,0.48447778205835285,0.7351465022877306,0.30708487681762475,0.8073412803704252,0.2766140702034649,0.5153074752036575,0.5940146170981622,0.8988955903024725,SCoNE,1.0,0.5,/home/jupyter/repos/SCoNE/output/models/overdispersion_nu/tune_35
200,0.2482862672609791,0.6311155542762492,0.44033954902781663,1.102321556277855,35,tune,2,35,0.2731429609160732,0.23363177480357863,0.9721441780421141,0.4786176190093706,0.6582355404323403,0.2817715676635576,0.8967007015249843,0.282473516478968,0.5297396241496416,0.5725819321282134,0.8988955903024725,SCoNE,1.0,0.5,/home/jupyter/repos/SCoNE/output/models/overdispersion_nu/tune_35
201,0.5146561725265705,0.7941485121671223,0.4241086142480182,1.0895071299468677,36,tune,2,35,0.7362883419640831,0.19161139648528727,0.9892836854687441,0.48493640744488237,0.854402801922071,0.336868416873251,0.8914775382715702,0.2870102113510602,0.5137138828559601,0.5757932470909077,0.8988955903024725,SCoNE,1.0,0.5,/home/jupyter/repos/SCoNE/output/models/overdispersion_nu/tune_35
202,0.48541758963649406,0.7921623822675358,0.4350904264697426,1.0898362124134353,37,tune,2,35,0.6063087142301296,0.23214067748324826,0.9701430288519824,0.4984329666412435,0.8780993862538224,0.31435401108742683,0.8994384355844199,0.26911522389442444,0.5069560996304837,0.5828801127829516,0.8988955903024725,SCoNE,1.0,0.5,/home/jupyter/repos/SCoNE/output/models/overdispersion_nu/tune_35
203,0.3765716975359456,0.7556006342084213,0.43535465834772746,1.091086821761953,38,tune,2,35,0.6162511390222983,0.23940630528544837,0.9819911423460974,0.5027129402401841,0.8258150906290231,0.3302238171276983,0.882529752606805,0.2605440318379682,0.5199442979025801,0.5711425238593729,0.8988955903024725,SCoNE,1.0,0.5,/home/jupyter/repos/SCoNE/output/models/overdispersion_nu/tune_35
204,0.27753095921827936,0.6735384523405974,0.43338497996187947,1.0938818612159975,39,tune,2,35,0.2915318202679775,0.23605676098786496,0.9653091944837119,0.4947444694862049,0.6920459135787039,0.27188286746883333,0.8750433574988992,0.25996974226950087,0.5302234893209817,0.5636583718950158,0.8988955903024725,SCoNE,1.0,0.5,/home/jupyter/repos/SCoNE/output/models/overdispersion_nu/tune_35
205,0.3102297994110365,0.7038423080185023,0.4429960894989072,1.097336999684705,40,tune,2,35,0.42461889398896063,0.24031198388688257,0.9601392145565614,0.49409509595322504,0.7357784375888813,0.3002209924800854,0.8365246880504856,0.2681160685989154,0.52522297335063,0.572114026334075,0.8988955903024725,SCoNE,1.0,0.5,/home/jupyter/repos/SCoNE/output/models/overdispersion_nu/tune_35
206,0.44269257665858586,0.7740571423198185,0.44840209729973707,1.0913276193697197,41,tune,2,35,0.559137615725727,0.25920431953427736,0.9600694541076226,0.48434660811117375,0.842867003861135,0.31889034280238643,0.9105814203500995,0.2664062815942144,0.5139842739719658,0.5773433453977538,0.8988955903024725,SCoNE,1.0,0.5,/home/jupyter/repos/SCoNE/output/models/overdispersion_nu/tune_35
207,0.21594385030221366,0.6359030027941621,0.45590480261686056,1.0982832481252713,42,tune,2,35,0.29026310698548885,0.23544542880200406,0.9737206431537376,0.5201698471564139,0.6184109376179275,0.26910885105091287,0.8749246560112447,0.2524712202917357,0.5377064669161543,0.5605767812091171,0.8988955903024725,SCoNE,1.0,0.5,/home/jupyter/repos/SCoNE/output/models/overdispersion_nu/tune_35
208,0.42006628611344926,0.7711228082415218,0.44800413819362234,1.0959349815018604,43,tune,2,35,0.5238486736421211,0.2618377967560295,0.952312473900639,0.48029870202134517,0.7747885804359593,0.2979845966571721,0.7986551907943058,0.2651496808811705,0.5191933577463972,0.5767416237554632,0.8988955903024725,SCoNE,1.0,0.5,/home/jupyter/repos/SCoNE/output/models/overdispersion_nu/tune_35
209,0.5938188569109204,0.8243086188997251,0.41633161144482456,1.0872751881437366,44,tune,2,35,0.7411819818255012,0.2090370004550558,0.9844318387998795,0.49019001794136424,0.9209029716036029,0.347240064313071,0.9251761013063243,0.2576049640298485,0.505830243602227,0.5814449445415095,0.8988955903024725,SCoNE,1.0,0.5,/home/jupyter/repos/SCoNE/output/models/overdispersion_nu/tune_35
210,0.3255433495068337,0.7278281864882875,0.4470273393580642,1.0928951360231323,45,tune,2,35,0.3880313234083015,0.24239675434999394,0.9534909326133254,0.48535030974587373,0.7767506649748807,0.29229412043506053,0.864174937103938,0.24991751115850888,0.5239044751278382,0.5689906608952939,0.8988955903024725,SCoNE,1.0,0.5,/home/jupyter/repos/SCoNE/output/models/overdispersion_nu/tune_35
211,0.334511624326495,0.712356899719697,0.42893266012275577,1.0977940099582462,46,tune,2,35,0.3076161436309979,0.23158076064955577,0.9816429766085205,0.5027120963833214,0.8469544132608017,0.3019496040820012,0.9609105527004379,0.2544368339931211,0.5285868027902788,0.5692072071679672,0.8988955903024725,SCoNE,1.0,0.5,/home/jupyter/repos/SCoNE/output/models/overdispersion_nu/tune_35
212,0.42210078345795704,0.7702177573744159,0.4377487023092836,1.0935351480450124,47,tune,2,35,0.6211578278642739,0.28063516115725007,0.9762343850935454,0.4742199658789318,0.8291716076156972,0.32625755181640514,0.9154228432013539,0.29278243061886444,0.5120036882635748,0.5815314597814375,0.8988955903024725,SCoNE,1.0,0.5,/home/jupyter/repos/SCoNE/output/models/overdispersion_nu/tune_35
213,0.434874543172943,0.7807614963135237,0.43981317898358624,1.09233170312366,48,tune,2,35,0.5823457683446522,0.23526446617764285,0.9615384848799646,0.48833679637839617,0.8474365477779953,0.31905803040822983,0.9022618819916197,0.2709340170195904,0.5118724149948103,0.5804592881288496,0.8988955903024725,SCoNE,1.0,0.5,/home/jupyter/repos/SCoNE/output/models/overdispersion_nu/tune_35
214,0.2190903441558735,0.5901903759033426,0.42894334924255334,1.0894582778901438,49,tune,2,35,0.3866889303633489,0.23724481761739305,0.9886848788324251,0.5028940175601572,0.7100969607838626,0.2789166460013791,0.9605729538253536,0.2383279179691872,0.5358872457215554,0.5535710321685885,0.8988955903024725,SCoNE,1.0,0.5,/home/jupyter/repos/SCoNE/output/models/overdispersion_nu/tune_35
215,0.2158129480766979,0.6517759935897978,0.432692577702567,1.1476922796363567,0,tune,3,43,0.34374817056716317,0.24870812267417283,0.9207070153065053,0.4553839929981699,0.6000433474325721,0.2628616376478226,0.6416413119474506,0.17692396105643607,0.542469618852062,0.6052226607842947,0.7862104545801459,SCoNE,0.0,1.0,/home/jupyter/repos/SCoNE/output/models/overdispersion_nu/tune_43
216,0.12952162011747004,0.5893472204217135,0.4204377839462648,1.1307153616592267,1,tune,3,43,0.38872994549865025,0.23376808957502893,0.9828773130095573,0.49760488209603737,0.5385479610984817,0.23379508632811008,0.649555925914603,0.25712636127481914,0.5455363516493061,0.5851790100099206,0.7862104545801459,SCoNE,0.0,1.0,/home/jupyter/repos/SCoNE/output/models/overdispersion_nu/tune_43
217,0.15265478963144188,0.6417043192676088,0.4274745518632351,1.157854682947392,2,tune,3,43,0.5052544769745003,0.2777976196281123,0.9871921264874953,0.5019296099444039,0.6942847388798105,0.3127621780442154,0.6289178914313992,0.1953978760476718,0.5424332178339043,0.6154214651134876,0.7862104545801459,SCoNE,0.0,1.0,/home/jupyter/repos/SCoNE/output/models/overdispersion_nu/tune_43
218,0.1438464713034023,0.6358536309751786,0.4404131510645199,1.171705753991991,3,tune,3,43,0.39144283634408783,0.2727636685996712,0.9141957772602762,0.44969981683004967,0.628797261041496,0.3237742780356638,0.618717115743837,0.26894021826753894,0.5268420679055043,0.6448636860864868,0.7862104545801459,SCoNE,0.0,1.0,/home/jupyter/repos/SCoNE/output/models/overdispersion_nu/tune_43
219,0.21053031472525738,0.6796313368430811,0.4435883254796111,1.1627211766987822,4,tune,3,43,0.43870211215287236,0.3071446113001318,0.9351763739932771,0.4556892125312024,0.6986412564679951,0.2996539651897013,0.5581768560472253,0.1907157333712441,0.5332973130807198,0.6294238636180625,0.7862104545801459,SCoNE,0.0,1.0,/home/jupyter/repos/SCoNE/output/models/overdispersion_nu/tune_43
220,0.1762524032532456,0.6557132468886553,0.43147438111400355,1.1466237248792999,5,tune,3,43,0.40375155597193263,0.24478785785001128,0.9650230259405487,0.49158910659459015,0.6619391043617481,0.2845346146926793,0.5969684295719645,0.16326343138975108,0.5421825495769691,0.6044411753023308,0.7862104545801459,SCoNE,0.0,1.0,/home/jupyter/repos/SCoNE/output/models/overdispersion_nu/tune_43
221,0.16660026281874743,0.6133185557420847,0.42437671991159853,1.137000194106696,6,tune,3,43,0.29166713392185256,0.26729960884475035,0.9585135980876542,0.502412648319082,0.5744768113180017,0.2752638323726621,0.6300284319537501,0.2088735165698472,0.5451698811473998,0.5918303129592963,0.7862104545801459,SCoNE,0.0,1.0,/home/jupyter/repos/SCoNE/output/models/overdispersion_nu/tune_43
222,0.08848604706832741,0.5648964098166084,0.41528251230422575,1.1432419072026745,7,tune,3,43,0.3851502352917184,0.2647511276667236,0.9768066034162646,0.5207128060538588,0.5576840879249116,0.21924705385687143,0.6433288691645358,0.23259405401829272,0.5479888423133278,0.5952530648893468,0.7862104545801459,SCoNE,0.0,1.0,/home/jupyter/repos/SCoNE/output/models/overdispersion_nu/tune_43
223,0.13709390775253866,0.6012415529641895,0.43319308659623634,1.1458324490861322,8,tune,3,43,0.27174645987458573,0.23528960600462692,0.9112844053564515,0.46459887863716404,0.5593956440816472,0.25009907114647745,0.6062441361700039,0.18392327008407913,0.5443455928938464,0.6014868561922858,0.7862104545801459,SCoNE,0.0,1.0,/home/jupyter/repos/SCoNE/output/models/overdispersion_nu/tune_43
224,0.19250113673712815,0.6310524092953057,0.424866690998906,1.14547137252383,9,tune,3,43,0.3781952600216214,0.26262866036476995,0.9559545198349796,0.4940954580832021,0.6335837789184723,0.2751526777161812,0.6328383893908642,0.17031667353817434,0.5438097508555022,0.6016616216683277,0.7862104545801459,SCoNE,0.0,1.0,/home/jupyter/repos/SCoNE/output/models/overdispersion_nu/tune_43
225,0.18174208892639707,0.6299332529440463,0.42445864267613326,1.1374024857302822,10,tune,3,43,0.4159858384199668,0.25791058589458166,0.9833743796244772,0.5114224319583491,0.6399620865969063,0.24118070302007047,0.6361178221374905,0.22244155348739816,0.5444047278352969,0.5929977578949853,0.7862104545801459,SCoNE,0.0,1.0,/home/jupyter/repos/SCoNE/output/models/overdispersion_nu/tune_43
226,0.14335678545990888,0.5696088227637274,0.4428723059047255,1.154492878016796,11,tune,3,43,0.3913441640584007,0.29143403035013504,0.8735793511784681,0.43460306879265587,0.504166753453778,0.2657855242441065,0.6602041819265781,0.23212206956956863,0.5357659299335961,0.6187269480831998,0.7862104545801459,SCoNE,0.0,1.0,/home/jupyter/repos/SCoNE/output/models/overdispersion_nu/tune_43
227,0.20308235254784887,0.6387656877785588,0.408241266086255,1.134091493460296,12,tune,3,43,0.52160860132942,0.22647360712977793,0.9904317635116682,0.5058248987726833,0.6319581963152614,0.27057310297443093,0.6458336442775616,0.20879686831469668,0.5403045694680803,0.5937869239922156,0.7862104545801459,SCoNE,0.0,1.0,/home/jupyter/repos/SCoNE/output/models/overdispersion_nu/tune_43
228,0.10843720838944299,0.5652576142597188,0.4211197341718254,1.1412856876306305,13,tune,3,43,0.3572715987854159,0.26755231180087935,0.9784957142882276,0.5046022120585794,0.45917292138914767,0.2272052519147966,0.6740677084580003,0.24531780543147885,0.5448802519070509,0.5964054357235795,0.7862104545801459,SCoNE,0.0,1.0,/home/jupyter/repos/SCoNE/output/models/overdispersion_nu/tune_43
229,0.10256460100638304,0.5835785660395995,0.4168366318825485,1.1305659616139994,14,tune,3,43,0.5065021527191204,0.2184220978778593,0.9898002575089289,0.5053615795225577,0.5126913164825189,0.23246950398962404,0.6438636714809982,0.24205455956130756,0.5440758072818188,0.5864901543321807,0.7862104545801459,SCoNE,0.0,1.0,/home/jupyter/repos/SCoNE/output/models/overdispersion_nu/tune_43
230,0.1623750060385345,0.5958025310488823,0.43077919871607023,1.1501911757286782,15,tune,3,43,0.3102784518167696,0.25988560597968346,0.9646770819378876,0.50881569743633,0.49459013225183895,0.24256300645089382,0.5434460159254196,0.19422331551331426,0.542645055795577,0.6075461199331013,0.7862104545801459,SCoNE,0.0,1.0,/home/jupyter/repos/SCoNE/output/models/overdispersion_nu/tune_43
231,0.20454610101202883,0.659109387744,0.4264550918118072,1.1442550209171194,16,tune,3,43,0.4175523469963407,0.2942710412648176,0.9593044537764329,0.4765601456384186,0.6709277022988336,0.29455503147436063,0.6110530031229494,0.18550895223006894,0.541878261534078,0.6023767593830415,0.7862104545801459,SCoNE,0.0,1.0,/home/jupyter/repos/SCoNE/output/models/overdispersion_nu/tune_43
232,0.2366529259541457,0.6988653163527632,0.43175897393111734,1.1616704627827528,17,tune,3,43,0.41688000969030037,0.2843409608656865,0.9421408072224101,0.47693608565995044,0.7500437861510267,0.33034731643887605,0.5681756174154522,0.22846987754813225,0.532744350897526,0.6289261118852267,0.7862104545801459,SCoNE,0.0,1.0,/home/jupyter/repos/SCoNE/output/models/overdispersion_nu/tune_43
233,0.16587388408799683,0.5618431894022645,0.42010999108666774,1.141277729461875,18,tune,3,43,0.39965843409753987,0.27675098068086557,0.972517491802922,0.49052141883746136,0.5038869993114586,0.248935833979355,0.6447095799865113,0.22057923580842803,0.5438980171379432,0.5973797123239317,0.7862104545801459,SCoNE,0.0,1.0,/home/jupyter/repos/SCoNE/output/models/overdispersion_nu/tune_43
234,0.21269030984061718,0.6568197950767366,0.42865731463983237,1.1453956524995088,19,tune,3,43,0.36677663880015243,0.2818238030670712,0.9545774509637097,0.5032883399565358,0.6042735582844706,0.2522154184757468,0.6209160298105046,0.1919293402741634,0.5443171627938967,0.6010784897056121,0.7862104545801459,SCoNE,0.0,1.0,/home/jupyter/repos/SCoNE/output/models/overdispersion_nu/tune_43
235,0.1418679206813808,0.5903199109823601,0.4316375350984147,1.1431719225777799,20,tune,3,43,0.27406234530235735,0.2711781073627509,0.9465054665482877,0.4893304863706546,0.5594096697831971,0.258279115243043,0.6015706121240297,0.17855241872071265,0.5447346471562876,0.5984372754214923,0.7862104545801459,SCoNE,0.0,1.0,/home/jupyter/repos/SCoNE/output/models/overdispersion_nu/tune_43
236,0.2682479546258138,0.7075420971587302,0.42790561587751796,1.1612973274879335,21,tune,3,43,0.4246835787298186,0.27164543342686764,0.9473163088580546,0.4842316144705371,0.7500437191617566,0.32733545898946326,0.5297407875445581,0.21413024781046947,0.5325015962872965,0.628795731200637,0.7862104545801459,SCoNE,0.0,1.0,/home/jupyter/repos/SCoNE/output/models/overdispersion_nu/tune_43
237,0.10925027679021024,0.5670169129618771,0.42332404184969774,1.138051629651995,22,tune,3,43,0.3964234802383562,0.2232432123292722,0.9857008820219334,0.5154195014695017,0.45810833968681275,0.23613482933326607,0.6204231017558971,0.22420532163981818,0.5432061664210966,0.5948454632308983,0.7862104545801459,SCoNE,0.0,1.0,/home/jupyter/repos/SCoNE/output/models/overdispersion_nu/tune_43
238,0.08216514979402598,0.4850426594957868,0.40911928540252823,1.1337896535360765,23,tune,3,43,0.3845031906715364,0.27897296648603304,0.9898566762783237,0.5169425925441885,0.4305822777541394,0.20602064053342733,0.5394936035998172,0.26663710961618986,0.5471142960647525,0.586675357471324,0.7862104545801459,SCoNE,0.0,1.0,/home/jupyter/repos/SCoNE/output/models/overdispersion_nu/tune_43
239,0.2111737153010342,0.6528018975754342,0.4160382532981153,1.1401358665891075,24,tune,3,43,0.35441849812592846,0.23049064004243017,0.9683145698713117,0.5079356218296891,0.6663360868644573,0.30261814986775815,0.6183395764377887,0.22138855329059118,0.5430124530869087,0.5971234135021987,0.7862104545801459,SCoNE,0.0,1.0,/home/jupyter/repos/SCoNE/output/models/overdispersion_nu/tune_43
240,0.19104877526554026,0.6163427141880548,0.4436455994794863,1.1526264353925693,25,tune,3,43,0.32159321017995024,0.24221455602969283,0.8761642792781016,0.4373578877531573,0.5447382686162681,0.236416885663271,0.611015128582487,0.20597708805455434,0.5374880515570778,0.6151383838354916,0.7862104545801459,SCoNE,0.0,1.0,/home/jupyter/repos/SCoNE/output/models/overdispersion_nu/tune_43
241,0.14033828920117322,0.6008943715317004,0.42529467864546355,1.1339753002982977,26,tune,3,43,0.34664962390504656,0.2524752007357194,0.9804808206036122,0.5177789675295257,0.5531902885691695,0.24589076216700523,0.6228165560481421,0.21442739993413906,0.5452942506249522,0.5886810496733457,0.7862104545801459,SCoNE,0.0,1.0,/home/jupyter/repos/SCoNE/output/models/overdispersion_nu/tune_43
242,0.18204462105722125,0.634158225229852,0.42272464061506,1.1450925510888614,27,tune,3,43,0.3528108409640399,0.2687291294155038,0.9711518869937936,0.4832096716515245,0.5841118246529513,0.2617211668510219,0.608851997465001,0.18602279982599082,0.5418552461550443,0.6032373049338171,0.7862104545801459,SCoNE,0.0,1.0,/home/jupyter/repos/SCoNE/output/models/overdispersion_nu/tune_43
243,0.14267086542830995,0.5633514662002588,0.44168298263038447,1.147944969459006,28,tune,3,43,0.28377324868624554,0.26627807612416104,0.8856727095425104,0.44486472862169163,0.4743569315650597,0.2605671961130018,0.596382066646134,0.1740830857238825,0.5410383893775559,0.6069065800814502,0.7862104545801459,SCoNE,0.0,1.0,/home/jupyter/repos/SCoNE/output/models/overdispersion_nu/tune_43
244,0.18408029006822102,0.6366386051545958,0.4349500485886869,1.1479918455219118,29,tune,3,43,0.4401275020116843,0.2843883315835938,0.9559012639597548,0.4704938652929523,0.6572176553648402,0.2749251255765706,0.627703278900881,0.17385384477102725,0.541961470860256,0.6060303746616559,0.7862104545801459,SCoNE,0.0,1.0,/home/jupyter/repos/SCoNE/output/models/overdispersion_nu/tune_43
245,0.19137849252659844,0.6520870913160806,0.4301012422308631,1.1434219982193365,30,tune,3,43,0.42526420428391576,0.2635215365146219,0.9612761674956627,0.4720612775986519,0.6495295839354273,0.27798987306612205,0.6343555882512121,0.1876207572070884,0.5441892312306551,0.5992327669886814,0.7862104545801459,SCoNE,0.0,1.0,/home/jupyter/repos/SCoNE/output/models/overdispersion_nu/tune_43
246,0.15438302507222254,0.638209980606493,0.4292883262677936,1.165120622383963,31,tune,3,43,0.3226031800818574,0.24054495824391503,0.9461948514376555,0.5195046117417693,0.6175169189144444,0.2963433709338977,0.3777150016004165,0.24650598080877617,0.5397832081084368,0.6253374142755262,0.7862104545801459,SCoNE,0.0,1.0,/home/jupyter/repos/SCoNE/output/models/overdispersion_nu/tune_43
247,0.21194585944420005,0.6766181045010455,0.43247867792414946,1.162323319948385,32,tune,3,43,0.4072258397341513,0.2742337696734953,0.9569183350878695,0.4850725104986986,0.7201948897243264,0.30893387583314424,0.4986838743466003,0.22459938676449392,0.5365214266589167,0.6258018932894683,0.7862104545801459,SCoNE,0.0,1.0,/home/jupyter/repos/SCoNE/output/models/overdispersion_nu/tune_43
248,0.14097836160122912,0.5725578364086051,0.4358602572417665,1.1406753276025965,33,tune,3,43,0.29126472675746673,0.25971558519491295,0.9632113060881385,0.4964125941542505,0.5702210936732931,0.24819039189923944,0.5916608255279429,0.18499130294033556,0.546193159359953,0.5944821682426434,0.7862104545801459,SCoNE,0.0,1.0,/home/jupyter/repos/SCoNE/output/models/overdispersion_nu/tune_43
249,0.19274321846119022,0.6422340084489793,0.43243301396065087,1.1497157664767035,34,tune,3,43,0.3211805754751439,0.2591594358366779,0.921786330545287,0.4676248248112338,0.6588938698817349,0.27087414571235835,0.6354547224043012,0.1886289447563909,0.5417540464862867,0.6079617199904169,0.7862104545801459,SCoNE,0.0,1.0,/home/jupyter/repos/SCoNE/output/models/overdispersion_nu/tune_43
250,0.15101797212639234,0.5866943226214765,0.42727122568634757,1.1398133276518347,35,tune,3,43,0.29231717688508085,0.2480761184136688,0.9564554835460326,0.4977590696182771,0.5370027735432501,0.23539922174472772,0.6169003224400466,0.1783662757649396,0.5458007810953333,0.5940125465565015,0.7862104545801459,SCoNE,0.0,1.0,/home/jupyter/repos/SCoNE/output/models/overdispersion_nu/tune_43
251,0.15887008537950081,0.6482674030592939,0.43515437194380935,1.1784880419745498,36,tune,3,43,0.35314952473376215,0.26260980451650356,0.9394100072844584,0.48352959631488657,0.6788290358713417,0.3179922059053685,0.789855710495839,0.22108293564372747,0.5312396990004862,0.6472483429740635,0.7862104545801459,SCoNE,0.0,1.0,/home/jupyter/repos/SCoNE/output/models/overdispersion_nu/tune_43
252,0.145911305215945,0.6347645468157338,0.43988735923027006,1.1668019295454604,37,tune,3,43,0.43512831613448966,0.2690891208656132,0.9545711203443957,0.4707939053514066,0.519491846123398,0.2639971873998309,0.5834286837948242,0.23655285185783473,0.5329450291053474,0.633856900440113,0.7862104545801459,SCoNE,0.0,1.0,/home/jupyter/repos/SCoNE/output/models/overdispersion_nu/tune_43
253,0.16143180372379967,0.5981898261394539,0.42642217963337253,1.140506256395493,38,tune,3,43,0.3092536871727872,0.2493316670630779,0.9713632104375409,0.48500954487229736,0.5978695793961838,0.22319633703574593,0.633089315513325,0.2059785178192628,0.5451658641906968,0.5953403922047963,0.7862104545801459,SCoNE,0.0,1.0,/home/jupyter/repos/SCoNE/output/models/overdispersion_nu/tune_43
254,0.2069227498238219,0.6796700219416247,0.4283587748147626,1.1532454394183334,39,tune,3,43,0.5176163082440729,0.2642346259921387,0.9591914921231092,0.46244038972951446,0.681895136377481,0.29915899024361037,0.6414172065081357,0.20964864245781117,0.5338390579328709,0.6194063814854626,0.7862104545801459,SCoNE,0.0,1.0,/home/jupyter/repos/SCoNE/output/models/overdispersion_nu/tune_43
255,0.16541989178102473,0.5865811060884951,0.4337060540946461,1.145265136979323,40,tune,3,43,0.30383860362632015,0.25318642941238695,0.9592081488576034,0.47653649841115714,0.5380127964834309,0.25008834222924087,0.6291977926103315,0.18177077587765808,0.5436859844218539,0.6015791525574691,0.7862104545801459,SCoNE,0.0,1.0,/home/jupyter/repos/SCoNE/output/models/overdispersion_nu/tune_43
256,0.11530228492949601,0.5561607098293526,0.4190585676119557,1.1331116178436451,41,tune,3,43,0.3314536885123309,0.25786301078483786,0.9794010744219355,0.5025083420183326,0.5261007039995556,0.2286901320701639,0.6527675381886845,0.24082091355961766,0.5461363008547636,0.5869753169888815,0.7862104545801459,SCoNE,0.0,1.0,/home/jupyter/repos/SCoNE/output/models/overdispersion_nu/tune_43
257,0.1459453335380234,0.5732764625287763,0.43230712185680104,1.135514984779082,42,tune,3,43,0.3230853213559575,0.2560124144362762,0.9839221315476903,0.4977699370550209,0.5703118063199419,0.2366381687728851,0.5646421110511985,0.20209941213363825,0.544723467703087,0.590791517075995,0.7862104545801459,SCoNE,0.0,1.0,/home/jupyter/repos/SCoNE/output/models/overdispersion_nu/tune_43
258,0.12921343534389368,0.5931436840532718,0.42385709920033043,1.1309278917465355,43,tune,3,43,0.38639723822936434,0.2351616563465648,0.9839266291093814,0.5021817690162397,0.5477464084973989,0.2268654907266878,0.6530555447631492,0.2173259019057403,0.5454482590263732,0.5854796327201625,0.7862104545801459,SCoNE,0.0,1.0,/home/jupyter/repos/SCoNE/output/models/overdispersion_nu/tune_43
259,0.15010706497835205,0.5993242496294053,0.4311854586330166,1.1396878035129545,44,tune,3,43,0.3160038145018123,0.24527930177284818,0.9717825569913793,0.46831515196170437,0.5579323051204442,0.25499089165290706,0.6665211933130584,0.18939221132007764,0.5446958393733715,0.594991964139583,0.7862104545801459,SCoNE,0.0,1.0,/home/jupyter/repos/SCoNE/output/models/overdispersion_nu/tune_43
260,0.12328668506416866,0.6065865922740044,0.42425726722233575,1.1514347593531833,45,tune,3,43,0.492762921028749,0.2714167129643655,0.9876623553733084,0.5244915745151437,0.520523188901943,0.2291231541819658,0.5160556952660389,0.2817549112878269,0.5417216004315798,0.6097131589216035,0.7862104545801459,SCoNE,0.0,1.0,/home/jupyter/repos/SCoNE/output/models/overdispersion_nu/tune_43
261,0.13191379226337765,0.594331777504726,0.41995784957473864,1.149915073229536,46,tune,3,43,0.39939206296376756,0.25698316562170886,0.9861967848053224,0.491562162723136,0.5986692681412905,0.269741866421371,0.4981289928208712,0.2421220277146909,0.5432243523314011,0.6066907208981349,0.7862104545801459,SCoNE,0.0,1.0,/home/jupyter/repos/SCoNE/output/models/overdispersion_nu/tune_43
262,0.11340550383371184,0.5739961628366604,0.41840631980062276,1.1308930693134662,47,tune,3,43,0.38448983377917156,0.23109061238495052,0.9885183322243384,0.5053033004844552,0.5308255548825517,0.23354567813551946,0.6233462813731876,0.2402707646600519,0.5449119050711372,0.585981164242329,0.7862104545801459,SCoNE,0.0,1.0,/home/jupyter/repos/SCoNE/output/models/overdispersion_nu/tune_43
263,0.1245635094871708,0.5960618492513049,0.429720603676399,1.1356643117352103,48,tune,3,43,0.35443531453887744,0.2406956178997897,0.9733489275643159,0.5065652350847553,0.5557871924061971,0.2444070949055272,0.6212903557232023,0.20139780182470518,0.5462246543405883,0.589439657394622,0.7862104545801459,SCoNE,0.0,1.0,/home/jupyter/repos/SCoNE/output/models/overdispersion_nu/tune_43
264,0.16127837507399834,0.6352450141144963,0.4093467589566914,1.1362620071214473,49,tune,3,43,0.5561829281714311,0.22257345203254836,0.9911200657442024,0.5055437374811416,0.5909755105746127,0.2510356895820474,0.6344934759136899,0.24528717687106602,0.5410470228196474,0.5952149843018,0.7862104545801459,SCoNE,0.0,1.0,/home/jupyter/repos/SCoNE/output/models/overdispersion_nu/tune_43
265,0.0,0.33333333333333326,0.33333333333333326,-0.0,0,tune,3,38,,,,,,,,,,,,MVBC,0.0,1.0,/home/jupyter/repos/SCoNE/output/models/overdispersion_nu/tune_38
266,0.0,0.33333333333333326,0.33333333333333326,-0.0,0,tune,3,39,,,,,,,,,,,,MVBC,0.001,1.0,/home/jupyter/repos/SCoNE/output/models/overdispersion_nu/tune_39
267,0.0,0.33333333333333326,0.33333333333333326,-0.0,0,tune,3,40,,,,,,,,,,,,MVBC,0.01,1.0,/home/jupyter/repos/SCoNE/output/models/overdispersion_nu/tune_40
268,0.0,0.33333333333333326,0.33333333333333326,-0.0,0,tune,3,41,,,,,,,,,,,,MVBC,0.1,1.0,/home/jupyter/repos/SCoNE/output/models/overdispersion_nu/tune_41
269,0.0011108042581169223,0.36042706989860734,0.3106274683101413,-0.0011108042581169223,0,tune,3,42,,,,,,,,,,,,MVBC,1.0,1.0,/home/jupyter/repos/SCoNE/output/models/overdispersion_nu/tune_42
270,0.6403571189783647,0.8296660376860483,0.4307693174507468,1.0432330142658115,0,tune,1,23,0.6457990745000092,0.2558638032204007,0.9687926021765765,0.4834164332966007,0.9475630213729835,0.35637032232329086,0.9827153872764683,0.25889924851605983,0.4980965417076938,0.5451364725581177,0.9530655814085298,SCoNE,1.0,0.1,/home/jupyter/repos/SCoNE/output/models/overdispersion_nu/tune_23
271,0.26911219388748986,0.6542325441780737,0.4443354110085245,1.060976461502818,1,tune,1,23,0.2925835664544586,0.23897792972728746,0.9445883742220851,0.5009232480812071,0.7493049090659769,0.3295214930784177,0.9401128932835534,0.26937775498124844,0.5267877736004026,0.5341886879024155,0.9530655814085298,SCoNE,1.0,0.1,/home/jupyter/repos/SCoNE/output/models/overdispersion_nu/tune_23
272,0.49480148124736495,0.7894756274869813,0.4411413769213523,1.0478280220092309,2,tune,1,23,0.5989058896740823,0.22649190147112383,0.9704701615890623,0.5021512961374088,0.9015762295356579,0.3474611743999547,0.9772392327011942,0.2465650070934793,0.5055223840533066,0.5423056379559241,0.9530655814085298,SCoNE,1.0,0.1,/home/jupyter/repos/SCoNE/output/models/overdispersion_nu/tune_23
273,0.630037635806557,0.822615450089476,0.4359261478809777,1.046782127015147,3,tune,1,23,0.6124076804478634,0.2304175158210167,0.9807836255727717,0.4820182290825017,0.9605322954254408,0.35615060382607533,0.9812143328201202,0.2477757157106462,0.5027004199370209,0.5440817070781261,0.9530655814085298,SCoNE,1.0,0.1,/home/jupyter/repos/SCoNE/output/models/overdispersion_nu/tune_23
274,0.4199634512348618,0.758358253253736,0.44807934702628693,1.0525799709368782,4,tune,1,23,0.37398384184460715,0.24420862866349446,0.9561552708348273,0.4714714815839918,0.8553166944650954,0.35489085460299385,0.9233876513350017,0.25770714140180373,0.5165998055191866,0.5359801654176917,0.9530655814085298,SCoNE,1.0,0.1,/home/jupyter/repos/SCoNE/output/models/overdispersion_nu/tune_23
275,0.41976323053211095,0.7554297107529383,0.43034117857282594,1.0535085658071883,5,tune,1,23,0.34521750844021865,0.28586940847225717,0.9672498515024646,0.4806985290175141,0.806437097439026,0.32036080892614116,0.965082201236936,0.25987711914596157,0.5276859477168507,0.5258226180903376,0.9530655814085298,SCoNE,1.0,0.1,/home/jupyter/repos/SCoNE/output/models/overdispersion_nu/tune_23
276,0.6584802237762276,0.8365602724614274,0.4255406934807687,1.045619812171184,6,tune,1,23,0.6309223989278645,0.2666881224281952,0.9710449423023846,0.5006440567634994,0.9565214214369402,0.3681736550365084,0.9745522705290455,0.298661940512379,0.5022561706502633,0.5433636415209205,0.9530655814085298,SCoNE,1.0,0.1,/home/jupyter/repos/SCoNE/output/models/overdispersion_nu/tune_23
277,0.5381618701151939,0.7965337403199396,0.43571157028541185,1.0482459209205026,7,tune,1,23,0.6911905800155193,0.22308154167557454,0.9852466031112352,0.5128461213492066,0.9063085235181827,0.3370284971697788,0.9858010496591609,0.2680055870096667,0.5030898042747599,0.5451561166457426,0.9530655814085298,SCoNE,1.0,0.1,/home/jupyter/repos/SCoNE/output/models/overdispersion_nu/tune_23
278,0.5282452238468139,0.8039136417075755,0.44578269796124204,1.0465732800116074,8,tune,1,23,0.5501678063308626,0.22957331604295855,0.9483629596955699,0.5005971506580067,0.903207069550794,0.3368869433162655,0.9473314893070796,0.26393947173138643,0.5046056221345261,0.5419676578770813,0.9530655814085298,SCoNE,1.0,0.1,/home/jupyter/repos/SCoNE/output/models/overdispersion_nu/tune_23
279,0.6437615301221917,0.8342288418550555,0.42585956535078245,1.045268317496512,9,tune,1,23,0.6221708990494255,0.27035539879798415,0.9710744965851785,0.48367001318312447,0.9521452886265191,0.3743798435196714,0.9713279941499247,0.2784723461976939,0.500689937481538,0.544578380014974,0.9530655814085298,SCoNE,1.0,0.1,/home/jupyter/repos/SCoNE/output/models/overdispersion_nu/tune_23
280,0.38021428152933423,0.7525620953032792,0.4424062438930764,1.0538204344818551,10,tune,1,23,0.4562763983530744,0.23483804146860782,0.9557117636999183,0.49803882992001214,0.8342069015906654,0.32124077969891773,0.9621475388116343,0.28559263139587016,0.5149828928417634,0.5388375416400918,0.9530655814085298,SCoNE,1.0,0.1,/home/jupyter/repos/SCoNE/output/models/overdispersion_nu/tune_23
281,0.5817922560819356,0.8147746972692842,0.4407659789631427,1.0454513127902496,11,tune,1,23,0.6156135457715406,0.21143366034768346,0.9627038444439183,0.49387263066850834,0.9327520919750631,0.3337198838174503,0.9715446806608927,0.26442542637900324,0.49975309416852165,0.545698218621728,0.9530655814085298,SCoNE,1.0,0.1,/home/jupyter/repos/SCoNE/output/models/overdispersion_nu/tune_23
282,0.4595837914423461,0.7785527974224286,0.4509411405459617,1.0527955067956543,12,tune,1,23,0.41977709309373273,0.228794127163332,0.9467972421838643,0.4987151244572785,0.8672255369385904,0.3461288638107176,0.9458950036538387,0.2626623440557877,0.5104363572728389,0.5423591495228154,0.9530655814085298,SCoNE,1.0,0.1,/home/jupyter/repos/SCoNE/output/models/overdispersion_nu/tune_23
283,0.5664376289768888,0.8130329261937904,0.4401240165475441,1.0449858812167125,13,tune,1,23,0.6148735783513226,0.2539701593926483,0.9538416386664805,0.4840055152559367,0.9086639191780395,0.38133699921192343,0.9590136793696681,0.2750176366090973,0.4969064805275085,0.548079400689204,0.9530655814085298,SCoNE,1.0,0.1,/home/jupyter/repos/SCoNE/output/models/overdispersion_nu/tune_23
284,0.540938240700746,0.8039677912808195,0.44432834627646534,1.0455999783858592,14,tune,1,23,0.6375183257901592,0.19990240422948066,0.9778071039027533,0.5086543344740043,0.9072719188792183,0.3623871508723784,0.9558524374845979,0.27925880456003144,0.5017505639388011,0.543849414447058,0.9530655814085298,SCoNE,1.0,0.1,/home/jupyter/repos/SCoNE/output/models/overdispersion_nu/tune_23
285,0.5323729866783526,0.8019624472503346,0.43727231315088644,1.0458300036835106,15,tune,1,23,0.6361374563048069,0.24757918001854964,0.9661139540334179,0.493273576012937,0.9128336989504754,0.34956256929759255,0.9720786226816093,0.2566022973622965,0.5004279552186063,0.5454020484649044,0.9530655814085298,SCoNE,1.0,0.1,/home/jupyter/repos/SCoNE/output/models/overdispersion_nu/tune_23
286,0.6116663237430984,0.8226757178093685,0.4285498135662957,1.0437591436842917,16,tune,1,23,0.6761655840174259,0.23522880253935746,0.9767394273046873,0.4922092036023784,0.9385973083942474,0.34108902099328037,0.9861830079217484,0.26672366973690026,0.49894329576103846,0.5448158479232532,0.9530655814085298,SCoNE,1.0,0.1,/home/jupyter/repos/SCoNE/output/models/overdispersion_nu/tune_23
287,0.570012235171216,0.8063532597472935,0.43314501918085774,1.044743464344326,17,tune,1,23,0.7508391253040181,0.20470008908130652,0.9871004968593361,0.495343178596769,0.9193724506281359,0.3310175936434623,0.9859627937705614,0.2542510362724888,0.5001619011143191,0.544581563230007,0.9530655814085298,SCoNE,1.0,0.1,/home/jupyter/repos/SCoNE/output/models/overdispersion_nu/tune_23
288,0.3696882039381038,0.7174610648510068,0.42655163498755644,1.053249689932722,18,tune,1,23,0.45958367457272825,0.26115351908035306,0.9821730832387288,0.5081699172609748,0.8040180687849688,0.302073091276939,0.9806681905750507,0.24746925962362315,0.5277249524863026,0.5255247374464194,0.9530655814085298,SCoNE,1.0,0.1,/home/jupyter/repos/SCoNE/output/models/overdispersion_nu/tune_23
289,0.532104219982518,0.792385167715487,0.4286193360154698,1.0526001029465872,19,tune,1,23,0.5475790046953634,0.21514886729631022,0.9865926631417185,0.5059155801303334,0.9453812198039887,0.33840160670782476,0.972720744781531,0.2743812492700704,0.5071916863061171,0.5454084166404701,0.9530655814085298,SCoNE,1.0,0.1,/home/jupyter/repos/SCoNE/output/models/overdispersion_nu/tune_23
290,0.35298790191742435,0.719912328494072,0.4354948706549735,1.0562523389455265,20,tune,1,23,0.4975705058198485,0.2158817708172646,0.9873049624475473,0.48951960040213754,0.7897035284127554,0.2782049613018106,0.9823271278885282,0.26065192955746996,0.5192697649401846,0.5369825740053419,0.9530655814085298,SCoNE,1.0,0.1,/home/jupyter/repos/SCoNE/output/models/overdispersion_nu/tune_23
291,0.3735533196869765,0.7455249621035659,0.44091783509217175,1.0522496925081533,21,tune,1,23,0.3643103676870793,0.2405562196103638,0.9701037339108145,0.5119021818351257,0.8005495796542225,0.32935388542990596,0.954690111794637,0.24474593719335547,0.5247141881338815,0.5275355043742718,0.9530655814085298,SCoNE,1.0,0.1,/home/jupyter/repos/SCoNE/output/models/overdispersion_nu/tune_23
292,0.6416372763491273,0.8273883282381352,0.4372691405893064,1.0436005656101945,22,tune,1,23,0.6640369907035455,0.2325807114788331,0.971886155957254,0.47943765630373547,0.9515200429738094,0.37780309644433807,0.9698921210979734,0.2646511538555219,0.4983555697685931,0.5452449958416015,0.9530655814085298,SCoNE,1.0,0.1,/home/jupyter/repos/SCoNE/output/models/overdispersion_nu/tune_23
293,0.43447167463642344,0.7540686477234608,0.436457640487649,1.0593210841518086,23,tune,1,23,0.4475657881027215,0.20115224152121225,0.9791966790826281,0.4825884307430924,0.8377613242291924,0.322132912631344,0.9811115692193779,0.25611583381649516,0.5041787324229643,0.5551423517288443,0.9530655814085298,SCoNE,1.0,0.1,/home/jupyter/repos/SCoNE/output/models/overdispersion_nu/tune_23
294,0.632597703669426,0.8347950700038955,0.43199396407850466,1.0443985799239952,24,tune,1,23,0.5803912286972651,0.25788821688963637,0.9550969796397445,0.46830353511831674,0.939920603535024,0.3601503379990436,0.9639069784735298,0.26216943382972385,0.4997060824421935,0.5446924974818018,0.9530655814085298,SCoNE,1.0,0.1,/home/jupyter/repos/SCoNE/output/models/overdispersion_nu/tune_23
295,0.5773558916525544,0.8143764665137577,0.43758290349173473,1.0444499436647638,25,tune,1,23,0.6094872450725735,0.26600662780390877,0.9561815163363414,0.4737582945644752,0.9094767478362614,0.3617315807016706,0.9584995730800543,0.26978164618395456,0.4987281763090323,0.5457217673557315,0.9530655814085298,SCoNE,1.0,0.1,/home/jupyter/repos/SCoNE/output/models/overdispersion_nu/tune_23
296,0.40087572234715635,0.761913153147979,0.44603105512802216,1.052723750141217,26,tune,1,23,0.4830417158940806,0.2326096300465288,0.9669730337745642,0.5071573720534293,0.8888604486007168,0.33050310628985163,0.9762306858889521,0.2531602700792495,0.5088261435019555,0.5438976066392616,0.9530655814085298,SCoNE,1.0,0.1,/home/jupyter/repos/SCoNE/output/models/overdispersion_nu/tune_23
297,0.5553852751527224,0.8068150629197014,0.43930072968222406,1.0454199685908603,27,tune,1,23,0.6751005094326218,0.21371336155476103,0.9781389756942513,0.49026764177719484,0.906751503454806,0.37157076984137377,0.9737692379591782,0.27182574649360347,0.5003299828278568,0.5450899857630035,0.9530655814085298,SCoNE,1.0,0.1,/home/jupyter/repos/SCoNE/output/models/overdispersion_nu/tune_23
298,0.333952851248345,0.6539229729911322,0.4053641771280329,1.0564231084624525,28,tune,1,23,0.35473772053454156,0.18093777134181196,0.986908062206389,0.5089506525223036,0.8443592052990466,0.33050067516496867,0.9800466775388442,0.2508141094721388,0.5284124600276888,0.5280106484347638,0.9530655814085298,SCoNE,1.0,0.1,/home/jupyter/repos/SCoNE/output/models/overdispersion_nu/tune_23
299,0.5544409119708524,0.8069277842850969,0.4373031622890106,1.0443371520428135,29,tune,1,23,0.7210434142607068,0.21030649022057457,0.9842223621932548,0.4979891506712511,0.9199836276169263,0.33986827620687793,0.9803633816650618,0.2602725105403584,0.5006617243961567,0.5436754276466569,0.9530655814085298,SCoNE,1.0,0.1,/home/jupyter/repos/SCoNE/output/models/overdispersion_nu/tune_23
300,0.5198800417968811,0.8022284301695116,0.4427826713426529,1.0443823701963049,30,tune,1,23,0.594938303219458,0.2342549049667314,0.9649403196069257,0.5027796336942757,0.9065666001177846,0.3496518482755884,0.9673189661272459,0.26821311109971496,0.5011058035230761,0.5432765666732289,0.9530655814085298,SCoNE,1.0,0.1,/home/jupyter/repos/SCoNE/output/models/overdispersion_nu/tune_23
301,0.6416790437738743,0.8250407920220189,0.43001150639484537,1.0449596408006325,31,tune,1,23,0.6866341888635459,0.22808294268501045,0.9810728917717482,0.48955238179474153,0.9453961570304865,0.36595790550527374,0.9706757748131034,0.25353492913026116,0.5035854499969525,0.5413741908036801,0.9530655814085298,SCoNE,1.0,0.1,/home/jupyter/repos/SCoNE/output/models/overdispersion_nu/tune_23
302,0.6461560142034172,0.8315472994111477,0.4319398424491309,1.043360275806954,32,tune,1,23,0.6910479828531734,0.22615213511082938,0.9820889149955125,0.494940563437113,0.9571595850192126,0.3590346768230358,0.9761466233304779,0.2710820834881844,0.502708900942965,0.5406513748639888,0.9530655814085298,SCoNE,1.0,0.1,/home/jupyter/repos/SCoNE/output/models/overdispersion_nu/tune_23
303,0.5495891776034891,0.8025173528194282,0.4423344398341297,1.0462983431548314,33,tune,1,23,0.6451967606964738,0.23598437535908404,0.9783363225593542,0.5007086350544759,0.9036276078432544,0.34840722920054484,0.9674512411561267,0.2573069381786876,0.5035318525665228,0.5427664905883086,0.9530655814085298,SCoNE,1.0,0.1,/home/jupyter/repos/SCoNE/output/models/overdispersion_nu/tune_23
304,0.42871981734843834,0.7663146796040221,0.43908625703302073,1.052655522413791,34,tune,1,23,0.5619241199854446,0.2497968838069201,0.9802222897541074,0.498947449258079,0.8740678196363181,0.31227561900122774,0.9859966388570595,0.27456319175734717,0.5111345283753774,0.5415209940384136,0.9530655814085298,SCoNE,1.0,0.1,/home/jupyter/repos/SCoNE/output/models/overdispersion_nu/tune_23
305,0.3875750335109586,0.733768853679036,0.4458759500453333,1.0641132655172063,35,tune,1,23,0.20401261782960697,0.21046160779948253,0.9473243889540289,0.49209831221944256,0.8340990317546408,0.34345880673213974,0.9487970258800125,0.2756872519490596,0.5181240134721046,0.5459892520451016,0.9530655814085298,SCoNE,1.0,0.1,/home/jupyter/repos/SCoNE/output/models/overdispersion_nu/tune_23
306,0.6369382975265898,0.8300668523699793,0.43292489874285045,1.0464403409321739,36,tune,1,23,0.5613268078610969,0.25544187581415156,0.9627876917096376,0.4908445264530108,0.9465205695497846,0.3691627480488432,0.9644860236423185,0.25779005355671325,0.503001707218668,0.5434386337135059,0.9530655814085298,SCoNE,1.0,0.1,/home/jupyter/repos/SCoNE/output/models/overdispersion_nu/tune_23
307,0.6491368857017801,0.8355380500489437,0.42526639076367595,1.0436240848663612,37,tune,1,23,0.6671897639122097,0.24975138798154442,0.9737023602836228,0.4852811322593283,0.9493888310847575,0.36017800061439315,0.9710725125012957,0.26480148192936925,0.49860845738514437,0.5450156274812168,0.9530655814085298,SCoNE,1.0,0.1,/home/jupyter/repos/SCoNE/output/models/overdispersion_nu/tune_23
308,0.5589398393408643,0.8094671903019708,0.4346319674054167,1.0485388298514589,38,tune,1,23,0.6066167243625047,0.23003529378418996,0.9632447756255568,0.47711271878079003,0.8998109428646388,0.35025810495926374,0.9828587686426542,0.24094366254816926,0.49903570945531334,0.5495031203961456,0.9530655814085298,SCoNE,1.0,0.1,/home/jupyter/repos/SCoNE/output/models/overdispersion_nu/tune_23
309,0.6216254088489643,0.8291262336048969,0.43209112954877904,1.0446572447661866,39,tune,1,23,0.6115284521535205,0.24023573396643993,0.9744041729809044,0.4978245268595895,0.9519657067181767,0.35189046797970697,0.9817044308265414,0.26724280226646047,0.5019856348316969,0.5426716099344897,0.9530655814085298,SCoNE,1.0,0.1,/home/jupyter/repos/SCoNE/output/models/overdispersion_nu/tune_23
310,0.6326414336986123,0.82471688486665,0.4264926704339105,1.0451600568602184,40,tune,1,23,0.7432688408616199,0.22071629972753926,0.9848375710714092,0.4958872377053504,0.9438555699848239,0.3749672022653431,0.98656264102236,0.25333384285702876,0.4996797245922673,0.5454803322679512,0.9530655814085298,SCoNE,1.0,0.1,/home/jupyter/repos/SCoNE/output/models/overdispersion_nu/tune_23
311,0.43735925255049707,0.775974384042582,0.4455814122786987,1.051542982537359,41,tune,1,23,0.4653110589704923,0.26735857348369335,0.9393003098801725,0.4760416460630534,0.8860518838200316,0.3357339769257983,0.9688272865227016,0.2536324137513111,0.5055904701234271,0.5459525124139318,0.9530655814085298,SCoNE,1.0,0.1,/home/jupyter/repos/SCoNE/output/models/overdispersion_nu/tune_23
312,0.4864363564748796,0.7854480383180922,0.44580828822665663,1.0514521674269832,42,tune,1,23,0.5476031674449974,0.23014828981949556,0.983080389199114,0.4934746888004068,0.9074282136995769,0.3269827288451434,0.9897675395878592,0.22850510205351324,0.5076263844241601,0.5438257830028231,0.9530655814085298,SCoNE,1.0,0.1,/home/jupyter/repos/SCoNE/output/models/overdispersion_nu/tune_23
313,0.5703672492431777,0.8169948174500395,0.4413841203176122,1.0440934355957807,43,tune,1,23,0.569784848959965,0.24950707046094373,0.9360969828683453,0.46120513058095397,0.9138296943622453,0.34936954836821144,0.9670870570212752,0.2751710987583349,0.49734067720608743,0.5467527583896933,0.9530655814085298,SCoNE,1.0,0.1,/home/jupyter/repos/SCoNE/output/models/overdispersion_nu/tune_23
314,0.6441559102296366,0.8275936186918529,0.42574877888053136,1.0431494624263546,44,tune,1,23,0.7037094741966907,0.22545669760867149,0.9862700469239607,0.49088596597408035,0.9571139063661829,0.34785681302838284,0.9891435601287996,0.253490643411226,0.5022932435627537,0.540856218863601,0.9530655814085298,SCoNE,1.0,0.1,/home/jupyter/repos/SCoNE/output/models/overdispersion_nu/tune_23
315,0.5496381786809434,0.8012156432014511,0.43508034224886005,1.045894357951513,45,tune,1,23,0.6872485642222744,0.24451092519248407,0.97829486781939,0.4814212380777256,0.9002015370290402,0.3302114151282885,0.9878132199254127,0.29061972847266015,0.49954929764534384,0.546345060306169,0.9530655814085298,SCoNE,1.0,0.1,/home/jupyter/repos/SCoNE/output/models/overdispersion_nu/tune_23
316,0.44757989836287104,0.7676168963159579,0.4356661774042533,1.0528049002530089,46,tune,1,23,0.553839668366365,0.20095035991234753,0.9829463653413868,0.508709701430099,0.8776598034929799,0.3251752672480817,0.9817597915655991,0.24705002675209742,0.5167577804953559,0.536047119757653,0.9530655814085298,SCoNE,1.0,0.1,/home/jupyter/repos/SCoNE/output/models/overdispersion_nu/tune_23
317,0.2976639210694097,0.6481542248694038,0.4337858461930717,1.0512427934579618,47,tune,1,23,0.30731492464065047,0.20650247823376358,0.9835912961524054,0.5044199019197787,0.721695132778618,0.29123189273053673,0.9704442030548056,0.24681166332437157,0.5338260845676814,0.5174167088902802,0.9530655814085298,SCoNE,1.0,0.1,/home/jupyter/repos/SCoNE/output/models/overdispersion_nu/tune_23
318,0.5293631675637173,0.7976632763352469,0.4399850383499382,1.0483029930164258,48,tune,1,23,0.6471443475153795,0.22599343127528201,0.9750625738454198,0.47720964902136953,0.883972244219254,0.3378360572510951,0.9672579485866305,0.2663987770477394,0.504137814622405,0.5441651783940208,0.9530655814085298,SCoNE,1.0,0.1,/home/jupyter/repos/SCoNE/output/models/overdispersion_nu/tune_23
319,0.28683990114571556,0.6538064145792457,0.43196578266801927,1.0498577664253166,49,tune,1,23,0.4238924322734446,0.16559777884858565,0.9876875045852541,0.49883610438712955,0.7647479458978019,0.28865700736524097,0.9694942938265216,0.25517259247742374,0.5330775772727238,0.5167801891525928,0.9530655814085298,SCoNE,1.0,0.1,/home/jupyter/repos/SCoNE/output/models/overdispersion_nu/tune_23
320,0.6378436632152203,0.8325021503276386,0.4329168329847498,1.0402360934141466,0,tune,0,11,0.6312278014679088,0.25683894862431683,0.958211871930398,0.48255906850510116,0.9330623479897381,0.3579669661159059,0.9709113377321025,0.2667055128915927,0.4974458160013279,0.5427902774128186,0.9492330655289785,SCoNE,1.0,0.0,/home/jupyter/repos/SCoNE/output/models/overdispersion_nu/tune_11
321,0.27903078570175205,0.6730734721300614,0.4498222727681584,1.0518270514119723,1,tune,0,11,0.29773823712861613,0.2299796476300707,0.9395557772301024,0.4978542434567782,0.7484147783307646,0.28301970691886075,0.9255148414632963,0.2754711572806186,0.5272231467543437,0.5246039046576285,0.9492330655289785,SCoNE,1.0,0.0,/home/jupyter/repos/SCoNE/output/models/overdispersion_nu/tune_11
322,0.43460836503555733,0.7660811030312119,0.4532353079591713,1.0464355338423899,2,tune,0,11,0.42490722742807707,0.25990314525942004,0.9374713583793503,0.48900751075818816,0.833310590935479,0.3187722143463027,0.9193840375231118,0.26123563390896004,0.5116385726022452,0.5347969612401446,0.9492330655289785,SCoNE,1.0,0.0,/home/jupyter/repos/SCoNE/output/models/overdispersion_nu/tune_11
323,0.5394094640812644,0.8029572935582271,0.44222113206872893,1.0449262560808577,3,tune,0,11,0.6047139984764834,0.23600170766450046,0.978089878976875,0.478521483200349,0.9143581713806137,0.33905306818418546,0.9822437570436295,0.2607059084661963,0.5039568667719234,0.5409693893089342,0.9492330655289785,SCoNE,1.0,0.0,/home/jupyter/repos/SCoNE/output/models/overdispersion_nu/tune_11
324,0.2722093937259001,0.6729187069000306,0.4457056067733859,1.052385162380256,4,tune,0,11,0.31083454973478764,0.23074228559828794,0.9668536936159219,0.4828141329447332,0.7864209204179418,0.31226139363280014,0.9742603717456831,0.25403820217454526,0.5306707172230504,0.5217144451572056,0.9492330655289785,SCoNE,1.0,0.0,/home/jupyter/repos/SCoNE/output/models/overdispersion_nu/tune_11
325,0.3657968852491427,0.7152869961321611,0.44507792040501637,1.0537266275462989,5,tune,0,11,0.34886472271806546,0.2883966108391541,0.9622720631687185,0.4751014328866063,0.7261335441193905,0.30240716232762943,0.924350492624199,0.26410189153123315,0.5258773470891163,0.5278492804571826,0.9492330655289785,SCoNE,1.0,0.0,/home/jupyter/repos/SCoNE/output/models/overdispersion_nu/tune_11
326,0.6229818095038852,0.8342898557219399,0.4292199446629904,1.0417324867026343,6,tune,0,11,0.5903979940427834,0.2884640747113365,0.9467452773124667,0.4884874350631888,0.9182463883564269,0.36997514447550794,0.9347613469303127,0.3029535199516202,0.5015973152114296,0.5401351714912046,0.9492330655289785,SCoNE,1.0,0.0,/home/jupyter/repos/SCoNE/output/models/overdispersion_nu/tune_11
327,0.5422094712183372,0.7995556743970608,0.4361524878102002,1.0438336908053332,7,tune,0,11,0.6769906032931639,0.24059371978417207,0.9824198703029741,0.509482042218954,0.8923388562298733,0.3206490776710013,0.9859814247682023,0.2753924789091558,0.5001545571651117,0.5436791336402216,0.9492330655289785,SCoNE,1.0,0.0,/home/jupyter/repos/SCoNE/output/models/overdispersion_nu/tune_11
328,0.5492789818726196,0.80267694052849,0.43808167936483144,1.0429927542202848,8,tune,0,11,0.6348605511221591,0.21815958332879876,0.9674020446877933,0.5035788992280882,0.9044231986035968,0.33259430019425584,0.9778407119600495,0.2716529678168255,0.5017795575531838,0.5412131966671009,0.9492330655289785,SCoNE,1.0,0.0,/home/jupyter/repos/SCoNE/output/models/overdispersion_nu/tune_11
329,0.6424745859399076,0.8306207229750688,0.42693598529891635,1.0413351114233382,9,tune,0,11,0.6524924761314697,0.271502922669305,0.9726451533139466,0.4818471923633244,0.9317002727621807,0.3685407259805205,0.9709296722615792,0.2837309484471818,0.4994621178274415,0.5418729935958967,0.9492330655289785,SCoNE,1.0,0.0,/home/jupyter/repos/SCoNE/output/models/overdispersion_nu/tune_11
330,0.34493901107507396,0.7377658560480795,0.4456373110583038,1.0518514616608239,10,tune,0,11,0.3838580972992015,0.2319715299534221,0.9432738194793913,0.49434799651830924,0.7997445952100467,0.31497310442403814,0.9395269516736989,0.2899919423661662,0.5160074438464961,0.5358440178143277,0.9492330655289785,SCoNE,1.0,0.0,/home/jupyter/repos/SCoNE/output/models/overdispersion_nu/tune_11
331,0.5588520482706246,0.7988963758429551,0.4493246692485991,1.0422573476374644,11,tune,0,11,0.5988194626245941,0.22014859766009606,0.957661790063773,0.4903152220156533,0.9016394959034636,0.3165737661524202,0.9565536328964198,0.2710534267493643,0.5019738236993321,0.5402835239381322,0.9492330655289785,SCoNE,1.0,0.0,/home/jupyter/repos/SCoNE/output/models/overdispersion_nu/tune_11
332,0.4073137090118843,0.7616388100987833,0.4464648949352385,1.0486594973075367,12,tune,0,11,0.4361700393864234,0.23466930899479807,0.9572692354241137,0.49934202659097887,0.8531340306136219,0.32826192058234305,0.9712790733430213,0.2675329776191124,0.5129121695069785,0.5357473278005583,0.9492330655289785,SCoNE,1.0,0.0,/home/jupyter/repos/SCoNE/output/models/overdispersion_nu/tune_11
333,0.5741698475219599,0.8049154740844333,0.43657948518245243,1.0414423153307761,13,tune,0,11,0.7030680166942997,0.23846594599082288,0.9767217023993198,0.49827666383703273,0.8998852591390364,0.3539730601455353,0.9804703216386809,0.27768909352921534,0.4986424879132023,0.5427998274175738,0.9492330655289785,SCoNE,1.0,0.0,/home/jupyter/repos/SCoNE/output/models/overdispersion_nu/tune_11
334,0.519262817716143,0.7910312258342972,0.43472008239480003,1.0446866143246532,14,tune,0,11,0.7647619615015492,0.16422637940681983,0.9916188080912192,0.5102426560960985,0.8632625372577076,0.341459791078538,0.978659601895468,0.2884513290122215,0.5011496903817312,0.543536923942922,0.9492330655289785,SCoNE,1.0,0.0,/home/jupyter/repos/SCoNE/output/models/overdispersion_nu/tune_11
335,0.40549452242514367,0.7496458050687914,0.4481070909899738,1.0531093969183802,15,tune,0,11,0.4522907829160199,0.2592114638240719,0.9483662774179429,0.48673025103399536,0.8695570156877009,0.33488259256720226,0.9485631107234249,0.27444350478674656,0.5061556773560915,0.5469537195622888,0.9492330655289785,SCoNE,1.0,0.0,/home/jupyter/repos/SCoNE/output/models/overdispersion_nu/tune_11
336,0.5490547262368277,0.8045108644041451,0.43922356377592187,1.0410768808868913,16,tune,0,11,0.6427189078741504,0.2541905141872596,0.9711894991204257,0.4873379624354378,0.8854984081766979,0.3367483196308569,0.9688852887774018,0.2786060234798953,0.4997896087364362,0.541287272150455,0.9492330655289785,SCoNE,1.0,0.0,/home/jupyter/repos/SCoNE/output/models/overdispersion_nu/tune_11
337,0.46862268002953295,0.780871891528563,0.4444134493822108,1.045899108333176,17,tune,0,11,0.5456652475446184,0.25016304289653996,0.9699607154153562,0.4857728023554098,0.8892756390190043,0.3258946174983214,0.9859886264935194,0.257172931909657,0.509339976651345,0.5365591316818309,0.9492330655289785,SCoNE,1.0,0.0,/home/jupyter/repos/SCoNE/output/models/overdispersion_nu/tune_11
338,0.255337928218564,0.6542707647461301,0.44188035046717516,1.0544798179660249,18,tune,0,11,0.29413063932844735,0.2438644452991596,0.9598827512233528,0.4908822874140307,0.757382525719571,0.28478505435759655,0.9459444127767563,0.25399470629858445,0.5223148752078948,0.5321649427581301,0.9492330655289785,SCoNE,1.0,0.0,/home/jupyter/repos/SCoNE/output/models/overdispersion_nu/tune_11
339,0.520924470650651,0.7917994231002249,0.4382075810787884,1.0435844240135235,19,tune,0,11,0.8106962964814232,0.18851242707762608,0.9895004817547818,0.5027496480207654,0.8629035807327567,0.3280201955155034,0.9728689337912205,0.27037438995282786,0.5027256923683122,0.5408587316452114,0.9492330655289785,SCoNE,1.0,0.0,/home/jupyter/repos/SCoNE/output/models/overdispersion_nu/tune_11
340,0.40030305982327563,0.7526278469888275,0.4362562328561493,1.0473354824552055,20,tune,0,11,0.6298170238303136,0.2198719067754985,0.986790180309307,0.4892907933160538,0.804110654302447,0.2799168928720557,0.9819715372075353,0.26337068220391446,0.5165014841857024,0.530833998269503,0.9492330655289785,SCoNE,1.0,0.0,/home/jupyter/repos/SCoNE/output/models/overdispersion_nu/tune_11
341,0.39423720990458155,0.7602965335920279,0.4507662745095747,1.0491885074362624,21,tune,0,11,0.4304060507134569,0.2496174049296394,0.960106659922119,0.5059782092828137,0.803805710108283,0.33079724344975403,0.9472475014539913,0.25451873032955064,0.5184380113182341,0.5307504961180284,0.9492330655289785,SCoNE,1.0,0.0,/home/jupyter/repos/SCoNE/output/models/overdispersion_nu/tune_11
342,0.6330840593896279,0.8279261510029055,0.4291191686725872,1.0401848855392686,22,tune,0,11,0.7235507517742586,0.21651083057561052,0.9813898221901659,0.4868487226002526,0.9488180688215948,0.37113271634799866,0.9817971609249454,0.27126341289019373,0.4982396322473712,0.5419452532918975,0.9492330655289785,SCoNE,1.0,0.0,/home/jupyter/repos/SCoNE/output/models/overdispersion_nu/tune_11
343,0.4744796919210849,0.7761987621285104,0.4427218186678394,1.0530664446448978,23,tune,0,11,0.5163610909091116,0.21795097022289056,0.9686699971504377,0.47870557178432305,0.8533431008656841,0.3340554842720239,0.9690677741704952,0.26458956707767434,0.5000562377145308,0.5530102069303671,0.9492330655289785,SCoNE,1.0,0.0,/home/jupyter/repos/SCoNE/output/models/overdispersion_nu/tune_11
344,0.6458087586746551,0.829315803519751,0.42699071038321923,1.0398926745529566,24,tune,0,11,0.6964884039893694,0.23213608206855643,0.9789084174821803,0.47910909270816704,0.9309618881562627,0.34882069964479423,0.9750441958766265,0.26486500174966493,0.49835807662973725,0.5415345979232195,0.9492330655289785,SCoNE,1.0,0.0,/home/jupyter/repos/SCoNE/output/models/overdispersion_nu/tune_11
345,0.5784572710836303,0.8094216070564032,0.44324266117189715,1.0411886097257335,25,tune,0,11,0.607046488358467,0.272979297881371,0.948643354557795,0.47149249636095875,0.8932445573070846,0.34832879927785754,0.9439905435665087,0.28051511168352133,0.49896501529851134,0.5422235944272222,0.9492330655289785,SCoNE,1.0,0.0,/home/jupyter/repos/SCoNE/output/models/overdispersion_nu/tune_11
346,0.3960843070299273,0.7500203737667362,0.4482844390875457,1.0454953878982551,26,tune,0,11,0.5532573429596918,0.24746310489140558,0.9756199939300153,0.507010729670503,0.8293968718791355,0.29060963842351906,0.977659545850904,0.25812394893610635,0.5136444430152235,0.5318509448830315,0.9492330655289785,SCoNE,1.0,0.0,/home/jupyter/repos/SCoNE/output/models/overdispersion_nu/tune_11
347,0.5440083377905833,0.7999103971918053,0.44228560614773904,1.042762970433685,27,tune,0,11,0.6430683554350837,0.22026810706096456,0.9737367249121262,0.48771513835121283,0.8761481358169807,0.35187944859850084,0.9642161618274385,0.28094169592222795,0.49995718492826563,0.5428057855054192,0.9492330655289785,SCoNE,1.0,0.0,/home/jupyter/repos/SCoNE/output/models/overdispersion_nu/tune_11
348,0.28828029677778627,0.668037000678548,0.441354605851942,1.0526686640750662,28,tune,0,11,0.32975189509640546,0.20559880686606166,0.973507682880188,0.5009385083496398,0.7645967915056852,0.32034553600407284,0.9516922298476415,0.2462278837584765,0.5281812084935109,0.5244874555815554,0.9492330655289785,SCoNE,1.0,0.0,/home/jupyter/repos/SCoNE/output/models/overdispersion_nu/tune_11
349,0.5331100165532475,0.7940201062297115,0.44939859985271563,1.0413880987565536,29,tune,0,11,0.6183294486786641,0.24068784224050913,0.9687851470861742,0.4878808537009366,0.8870145940185219,0.3256750320868984,0.9750941293331707,0.26550052005322966,0.5016734329811757,0.539714665775378,0.9492330655289785,SCoNE,1.0,0.0,/home/jupyter/repos/SCoNE/output/models/overdispersion_nu/tune_11
350,0.4716335467813833,0.7748805291878416,0.4407681892157973,1.0463933103511394,30,tune,0,11,0.5282188351643572,0.23577098498871724,0.9622317143766839,0.507271273731675,0.8633724866194316,0.3084551496195193,0.9848836629073192,0.270900433817253,0.508219061180405,0.5381742491707343,0.9492330655289785,SCoNE,1.0,0.0,/home/jupyter/repos/SCoNE/output/models/overdispersion_nu/tune_11
351,0.5450748326490311,0.801066381733892,0.44711178154244513,1.0443624577558892,31,tune,0,11,0.6261759793400723,0.24702260663488207,0.9638001352693911,0.4860853776202189,0.876386034815395,0.34937544458952735,0.9319946025948047,0.2667215056487654,0.5024387108413504,0.5419237469145387,0.9492330655289785,SCoNE,1.0,0.0,/home/jupyter/repos/SCoNE/output/models/overdispersion_nu/tune_11
352,0.6061306095724416,0.826300184847288,0.4351798753551417,1.0387291390083124,32,tune,0,11,0.6869849319023859,0.2363026062731094,0.9775003752701479,0.48960987666494804,0.9419751984488004,0.3552359851360587,0.9746357848183311,0.2730086591742406,0.5016269590692649,0.5371021799390476,0.9492330655289785,SCoNE,1.0,0.0,/home/jupyter/repos/SCoNE/output/models/overdispersion_nu/tune_11
353,0.49835963653784127,0.7884901169196732,0.44183253994146754,1.0454059541081024,33,tune,0,11,0.5767837526952937,0.24485026829902176,0.977350139609338,0.496288456736607,0.8856471389333787,0.33097497074603516,0.9768488768254311,0.26345352381313103,0.5059824354335877,0.5394235186745148,0.9492330655289785,SCoNE,1.0,0.0,/home/jupyter/repos/SCoNE/output/models/overdispersion_nu/tune_11
354,0.4388987352627327,0.7658718497573986,0.4394079565791504,1.0461425811330305,34,tune,0,11,0.5882501411651748,0.25833730688344864,0.9773213248356302,0.49535774881774947,0.8322727836858843,0.29689763162638905,0.9839883162030437,0.28009326237275267,0.5078373044775554,0.5383052766554751,0.9492330655289785,SCoNE,1.0,0.0,/home/jupyter/repos/SCoNE/output/models/overdispersion_nu/tune_11
355,0.3431340092633559,0.6955892498112147,0.4217192810241631,1.0575785792859975,35,tune,0,11,0.2753969907705323,0.17930706224647128,0.9724320863499053,0.490530450482782,0.861825858796469,0.326147553652387,0.9775122740696457,0.27268941780566425,0.5031470528885037,0.5544315263974938,0.9492330655289785,SCoNE,1.0,0.0,/home/jupyter/repos/SCoNE/output/models/overdispersion_nu/tune_11
356,0.6255332911712499,0.8321448485099386,0.42769003684562285,1.0425631145562932,36,tune,0,11,0.6241277840338469,0.23853916550495513,0.9730046784605263,0.4915156194549503,0.9417146588703155,0.362051663361985,0.9695357113452475,0.2652392784650787,0.5002661144711933,0.5422970000851,0.9492330655289785,SCoNE,1.0,0.0,/home/jupyter/repos/SCoNE/output/models/overdispersion_nu/tune_11
357,0.6330433499296887,0.8333045937749979,0.4289080247673821,1.0401729123104961,37,tune,0,11,0.6378563304760556,0.2588529923762078,0.9639855147727824,0.48261680161646453,0.941142303162793,0.3532312756801172,0.9715121474241749,0.2728542227316452,0.4982772201909053,0.5418956921195909,0.9492330655289785,SCoNE,1.0,0.0,/home/jupyter/repos/SCoNE/output/models/overdispersion_nu/tune_11
358,0.5618552157219587,0.803772653489099,0.4416391470118286,1.0459076553577074,38,tune,0,11,0.5831198135264919,0.2364055380197676,0.9442328169605526,0.4736092320494601,0.8751558470841772,0.34899791027560967,0.9441160464503944,0.25733028125220103,0.4999082543632003,0.5459994009945072,0.9492330655289785,SCoNE,1.0,0.0,/home/jupyter/repos/SCoNE/output/models/overdispersion_nu/tune_11
359,0.6042464785781992,0.8217578235663311,0.4253097099874414,1.0408083050729342,39,tune,0,11,0.7533156827203801,0.1994048604879244,0.9886444972947751,0.5026597101142629,0.9440426085794865,0.3443840101340199,0.9877055078200226,0.2747808684465192,0.502567024863333,0.5382412802096012,0.9492330655289785,SCoNE,1.0,0.0,/home/jupyter/repos/SCoNE/output/models/overdispersion_nu/tune_11
360,0.5966382507563558,0.8224541340583581,0.4259171297100077,1.0420230255152068,40,tune,0,11,0.7392865416232535,0.21790621405699814,0.9833872159338929,0.49631649359864194,0.9278802164669068,0.3745531151625903,0.980245468714647,0.26339726755130294,0.4995371932708256,0.5424858322443813,0.9492330655289785,SCoNE,1.0,0.0,/home/jupyter/repos/SCoNE/output/models/overdispersion_nu/tune_11
361,0.30910936744749234,0.6983891354801778,0.4411205576118868,1.0539913670028724,41,tune,0,11,0.3699499879489529,0.2433973878496229,0.9609914106239545,0.48327195437253495,0.7841447276857529,0.27996720534040437,0.9726222342440914,0.2573985447656115,0.5195476427747837,0.5344437242280886,0.9492330655289785,SCoNE,1.0,0.0,/home/jupyter/repos/SCoNE/output/models/overdispersion_nu/tune_11
362,0.49401211092879377,0.7883518995578012,0.4477392068547199,1.04722748448859,42,tune,0,11,0.5380880273116826,0.23365088153320512,0.977796649990223,0.49425222980174044,0.8872726665651871,0.32502881114772253,0.9728981757344353,0.2539033092483681,0.5039642057846929,0.5432632787038972,0.9492330655289785,SCoNE,1.0,0.0,/home/jupyter/repos/SCoNE/output/models/overdispersion_nu/tune_11
363,0.5613269233165826,0.8077414938955252,0.4379580007156821,1.0406259847799773,43,tune,0,11,0.6312107610542552,0.24085715673178879,0.9604834566125744,0.47293082790368063,0.9000400535095264,0.3439363853092464,0.9733031942907623,0.2799519861397831,0.4985868718615511,0.5420391129184261,0.9492330655289785,SCoNE,1.0,0.0,/home/jupyter/repos/SCoNE/output/models/overdispersion_nu/tune_11
364,0.623893151584905,0.8309512916974175,0.4261859608010486,1.0402784071321585,44,tune,0,11,0.6705716917081203,0.24261636953345442,0.9803410723078659,0.4893189392485076,0.9576407171898552,0.34485226997684393,0.9840094224703834,0.26839830589418995,0.5000538085626242,0.5402245985695343,0.9492330655289785,SCoNE,1.0,0.0,/home/jupyter/repos/SCoNE/output/models/overdispersion_nu/tune_11
365,0.5989954079152181,0.824345165126946,0.42161243738470566,1.0427759932968812,45,tune,0,11,0.7537714242432724,0.2274266278900915,0.9806972472548501,0.4888334941401758,0.9297188526085239,0.32947887443633694,0.9785345377292237,0.2998307639459947,0.5035962599931907,0.5391797333036905,0.9492330655289785,SCoNE,1.0,0.0,/home/jupyter/repos/SCoNE/output/models/overdispersion_nu/tune_11
366,0.4137713468169598,0.7591198749132001,0.4502489250537476,1.0453541609546937,46,tune,0,11,0.566863675981186,0.20697164452194777,0.9698720910047389,0.5054440857024094,0.84664276898885,0.3272700761413234,0.9575101573327061,0.24923710762015705,0.5163792834564389,0.5289748774982547,0.9492330655289785,SCoNE,1.0,0.0,/home/jupyter/repos/SCoNE/output/models/overdispersion_nu/tune_11
367,0.3022187667633241,0.6748383952004021,0.43364580499150107,1.0523743641740233,47,tune,0,11,0.33052346232713714,0.22516394245312302,0.9777981410264183,0.4992456866977743,0.7487158961560428,0.29069889544187977,0.9619674635462523,0.25704687011105676,0.531028409567657,0.5213459546063662,0.9492330655289785,SCoNE,1.0,0.0,/home/jupyter/repos/SCoNE/output/models/overdispersion_nu/tune_11
368,0.4169656842692466,0.7555073457184658,0.4400656200097841,1.0462879133030953,48,tune,0,11,0.5070411530887082,0.24335126541121846,0.9779292366316632,0.48185820006810354,0.8251070919148255,0.2979119169191421,0.984085685232105,0.26449219949215835,0.5162479495289739,0.5300399637741214,0.9492330655289785,SCoNE,1.0,0.0,/home/jupyter/repos/SCoNE/output/models/overdispersion_nu/tune_11
369,0.2597222725490615,0.6566020250037686,0.4421117352860001,1.0548617633431792,49,tune,0,11,0.38800480025458134,0.24188640951404042,0.9775096508830673,0.4986346801095413,0.6649006063621973,0.2770552736555493,0.9346641548920859,0.27122453823567894,0.5339870135291243,0.5208747498140548,0.9492330655289785,SCoNE,1.0,0.0,/home/jupyter/repos/SCoNE/output/models/overdispersion_nu/tune_11
370,0.493917266310824,0.7979781279142922,0.44364283572780977,1.0829063898092328,0,tune,2,34,0.560857956388119,0.2650937008612698,0.9259255898587865,0.45287733922656104,0.8262570240442401,0.3582117060708334,0.6975423294585688,0.20261595141630193,0.5086659222295801,0.5742404675796527,0.9576158385046362,SCoNE,0.1,0.5,/home/jupyter/repos/SCoNE/output/models/overdispersion_nu/tune_34
371,0.5393832058790728,0.8134068265701683,0.4368715885044193,1.0835172233739543,1,tune,2,34,0.5855986120091263,0.2743084844586889,0.9260902733282752,0.4634633229086545,0.8808281462887735,0.3782026208332225,0.839717515897963,0.22858757752604222,0.5027738663514619,0.5807433570224924,0.9576158385046362,SCoNE,0.1,0.5,/home/jupyter/repos/SCoNE/output/models/overdispersion_nu/tune_34
372,0.5441428579908664,0.8161673187527371,0.42930324379305995,1.0824464761988115,2,tune,2,34,0.6224689074545968,0.2554102657911536,0.9555108790036299,0.49315507653116397,0.8728070251088452,0.37866356386528915,0.8190704030321108,0.2619830974754654,0.5036849509358926,0.5787615252629189,0.9576158385046362,SCoNE,0.1,0.5,/home/jupyter/repos/SCoNE/output/models/overdispersion_nu/tune_34
373,0.25459184001530943,0.6625650903516511,0.44674390313708173,1.0905142298662733,3,tune,2,34,0.5122012020081385,0.31084276417303325,0.9547408936292503,0.4768756060546185,0.7181065516639186,0.3061455167143278,0.8402620995249486,0.21216921119704607,0.5249899138206535,0.5655243160456197,0.9576158385046362,SCoNE,0.1,0.5,/home/jupyter/repos/SCoNE/output/models/overdispersion_nu/tune_34
374,0.5776222720540574,0.8242665686686877,0.4316857029201629,1.082471761336742,4,tune,2,34,0.6060411917797183,0.2868845278402072,0.9425224779090872,0.44778675969181303,0.8682935358609958,0.4013839340048247,0.8024148000176841,0.19972092006761621,0.5037092137606776,0.5787625475760646,0.9576158385046362,SCoNE,0.1,0.5,/home/jupyter/repos/SCoNE/output/models/overdispersion_nu/tune_34
375,0.4400103517446853,0.781148691255833,0.44583074190903177,1.082093798098397,5,tune,2,34,0.656256139520804,0.2709972198499124,0.9762115728395977,0.46966145264290055,0.8171910781938552,0.3458425775619933,0.7793500921409551,0.20431997294722687,0.5124584867931202,0.5696353113052767,0.9576158385046362,SCoNE,0.1,0.5,/home/jupyter/repos/SCoNE/output/models/overdispersion_nu/tune_34
376,0.48994972436609824,0.7994951091741979,0.44292301324803296,1.082811237853404,6,tune,2,34,0.5756675711039934,0.276704689406454,0.9431540709950637,0.4755525708476167,0.8229426850394443,0.36333286775132656,0.6815491799419878,0.1966254421574292,0.5081485426048402,0.574662695248564,0.9576158385046362,SCoNE,0.1,0.5,/home/jupyter/repos/SCoNE/output/models/overdispersion_nu/tune_34
377,0.2905167302375948,0.6982117469434094,0.4521980775035301,1.0922635329139183,7,tune,2,34,0.4836948857057788,0.29035152240551804,0.9274731887512363,0.46606456724759504,0.7205479136249758,0.321586723799768,0.7488063832086838,0.21057131223420078,0.5230528795096133,0.569210653404305,0.9576158385046362,SCoNE,0.1,0.5,/home/jupyter/repos/SCoNE/output/models/overdispersion_nu/tune_34
378,0.6048587957997481,0.8354288009935316,0.42878332519139206,1.0842546975187215,8,tune,2,34,0.5532775937141053,0.2875795749960025,0.9195692639847695,0.45460385167950124,0.8777835241489609,0.37175881591379323,0.8074851002876309,0.1976718429527807,0.5044933583665996,0.5797613391521218,0.9576158385046362,SCoNE,0.1,0.5,/home/jupyter/repos/SCoNE/output/models/overdispersion_nu/tune_34
379,0.47929057812223413,0.7864306120360454,0.451321863797967,1.0854429687249785,9,tune,2,34,0.5544889397087343,0.28807489346925597,0.9382354731544729,0.4500407892283828,0.8108917214464224,0.34061352692794983,0.7952545506735507,0.2302616118148248,0.5130523181869701,0.5723906505380085,0.9576158385046362,SCoNE,0.1,0.5,/home/jupyter/repos/SCoNE/output/models/overdispersion_nu/tune_34
380,0.4191278430260006,0.774641348069013,0.4534635031257945,1.0844793595613045,10,tune,2,34,0.5429349208435698,0.2673635561368477,0.9553307464731621,0.4856734711853845,0.75854898745205,0.3493174454723612,0.6859461144405375,0.1995285727101014,0.5197531712025877,0.5647261883587168,0.9576158385046362,SCoNE,0.1,0.5,/home/jupyter/repos/SCoNE/output/models/overdispersion_nu/tune_34
381,0.47478681509942483,0.7916272515662648,0.44421088474838105,1.0845796666735832,11,tune,2,34,0.5788042198139723,0.2782971021800476,0.9452623089275227,0.4430706815576515,0.8204702177454778,0.379711399724413,0.7161557898311797,0.217419334198658,0.5086879921198154,0.5758916745537679,0.9576158385046362,SCoNE,0.1,0.5,/home/jupyter/repos/SCoNE/output/models/overdispersion_nu/tune_34
382,0.5103978572261372,0.8038949054678357,0.44007920578257925,1.083929753388969,12,tune,2,34,0.5749568857106991,0.29950324608409473,0.9413133178444267,0.4431135638249457,0.8384217397802226,0.34709880366684587,0.7867178418392284,0.21684937628884696,0.505393216851882,0.5785365365370869,0.9576158385046362,SCoNE,0.1,0.5,/home/jupyter/repos/SCoNE/output/models/overdispersion_nu/tune_34
383,0.5117829355095047,0.8042933718087859,0.4353960147590055,1.081726849393848,13,tune,2,34,0.622520573643027,0.2711482115798547,0.9587045413569838,0.4731502157956677,0.8349541225867698,0.3513483725270564,0.7313272293522192,0.21051928973995437,0.5058953934964812,0.5758314558973666,0.9576158385046362,SCoNE,0.1,0.5,/home/jupyter/repos/SCoNE/output/models/overdispersion_nu/tune_34
384,0.5052768406539043,0.8018349029598668,0.43959248538105156,1.0845896551978162,14,tune,2,34,0.563888683284273,0.29230483861808254,0.929604344556164,0.42953302703501284,0.870708019778073,0.3618947826466152,0.8692771338119173,0.2302336448441135,0.5043469471510178,0.5802427080467986,0.9576158385046362,SCoNE,0.1,0.5,/home/jupyter/repos/SCoNE/output/models/overdispersion_nu/tune_34
385,0.589599267794156,0.8308274041540007,0.4235025716641376,1.0835206283422734,15,tune,2,34,0.5966569363421107,0.3000163925860173,0.9472802917437791,0.45948714733753604,0.8635116149654398,0.36154185324800864,0.7372658911438286,0.21439217300835103,0.5082198839544821,0.5753007443877913,0.9576158385046362,SCoNE,0.1,0.5,/home/jupyter/repos/SCoNE/output/models/overdispersion_nu/tune_34
386,0.5491437025504058,0.821388680122984,0.43359742626112047,1.0836589498659028,16,tune,2,34,0.6323212033677448,0.292171534661718,0.9520195293372318,0.4465287487263084,0.8399180930480201,0.4045057707091204,0.6839121773557698,0.18462994005730926,0.5023207663174714,0.5813381835484315,0.9576158385046362,SCoNE,0.1,0.5,/home/jupyter/repos/SCoNE/output/models/overdispersion_nu/tune_34
387,0.5262578389244734,0.8113769345420428,0.43687262198580035,1.084734531498703,17,tune,2,34,0.5501200788000633,0.27293463195423745,0.9110506847717819,0.45439080657110276,0.8760671693406663,0.3783347938319261,0.8484695986133648,0.209816753675633,0.5009045885614566,0.5838299429372462,0.9576158385046362,SCoNE,0.1,0.5,/home/jupyter/repos/SCoNE/output/models/overdispersion_nu/tune_34
388,0.4532321565610438,0.7912685874874027,0.44584854104068833,1.0855422060469522,18,tune,2,34,0.4969923472705776,0.26938325692794474,0.8954005136706124,0.45058094213019556,0.7895292013897593,0.33481363355754923,0.7241926109084615,0.22536948422962877,0.5095429157679842,0.5759992902789681,0.9576158385046362,SCoNE,0.1,0.5,/home/jupyter/repos/SCoNE/output/models/overdispersion_nu/tune_34
389,0.5384406264979086,0.8134406835372039,0.4335982663218332,1.0828853280294344,19,tune,2,34,0.6068723653719916,0.27512584719319333,0.9443548558152245,0.45908370302822293,0.8639480875428415,0.38437340861980823,0.8197818462289888,0.2172967545679289,0.502698634866763,0.5801866931626714,0.9576158385046362,SCoNE,0.1,0.5,/home/jupyter/repos/SCoNE/output/models/overdispersion_nu/tune_34
390,0.3723927088215109,0.7510825296790427,0.4360889613254411,1.0822892927159002,20,tune,2,34,0.675963902001839,0.26040811771597605,0.9933699517273161,0.497372879787773,0.7935520807917038,0.3352601042912415,0.7802335987531861,0.22323796105045018,0.5264769669329253,0.5558123257829749,0.9576158385046362,SCoNE,0.1,0.5,/home/jupyter/repos/SCoNE/output/models/overdispersion_nu/tune_34
391,0.5011515612067785,0.7962841507235641,0.44437620390586874,1.0842613074198808,21,tune,2,34,0.61263420373112,0.27525517518290593,0.9514759299910158,0.4763640057120809,0.8723046538993392,0.3525568491351134,0.8547225932617063,0.21653025921629956,0.5069935975825121,0.5772677098373689,0.9576158385046362,SCoNE,0.1,0.5,/home/jupyter/repos/SCoNE/output/models/overdispersion_nu/tune_34
392,0.49001484344227275,0.7912959127162661,0.4343616568154747,1.0886787951934256,22,tune,2,34,0.5451808744045192,0.3280117649864575,0.9490770834110229,0.4667965817000133,0.8188504968696396,0.3421321480838833,0.8121022387213882,0.23144357207530356,0.5184650154694512,0.5702137797239742,0.9576158385046362,SCoNE,0.1,0.5,/home/jupyter/repos/SCoNE/output/models/overdispersion_nu/tune_34
393,0.5819702588602682,0.8271769030758055,0.4292376384760891,1.0847052557598729,23,tune,2,34,0.5821550733989729,0.2668839237451898,0.9254534107194937,0.4520902377240176,0.9231633047445502,0.3684130383386732,0.9261726064944502,0.22604550705789317,0.5004256597044708,0.584279596055402,0.9576158385046362,SCoNE,0.1,0.5,/home/jupyter/repos/SCoNE/output/models/overdispersion_nu/tune_34
394,0.4007732803129778,0.7625589619925158,0.44010425080186555,1.0849110010661915,24,tune,2,34,0.5987878242799872,0.265200310103101,0.9704609954785575,0.4627422135488635,0.8006280826913897,0.33074916943844584,0.8154027900395792,0.24201571458470433,0.5160451234375734,0.5688658776286183,0.9576158385046362,SCoNE,0.1,0.5,/home/jupyter/repos/SCoNE/output/models/overdispersion_nu/tune_34
395,0.517595837238982,0.8073419255389038,0.44251177523043156,1.08379950204769,25,tune,2,34,0.5812130650649722,0.3147023062872611,0.931441770188212,0.4496069567627075,0.844911673409787,0.39015361562131967,0.7760641937439637,0.20788543834786194,0.5039887823370336,0.5798107197106566,0.9576158385046362,SCoNE,0.1,0.5,/home/jupyter/repos/SCoNE/output/models/overdispersion_nu/tune_34
396,0.5469926146891627,0.8107318213898808,0.4419153907762547,1.0840852825207885,26,tune,2,34,0.5625067772838267,0.31222254803180755,0.9323294595225661,0.43300382563575335,0.8470118916578296,0.3715223612785834,0.7517586389390902,0.22322114681366392,0.5057064885158632,0.5783787940049254,0.9576158385046362,SCoNE,0.1,0.5,/home/jupyter/repos/SCoNE/output/models/overdispersion_nu/tune_34
397,0.5613019819894317,0.8212821288949267,0.43372446412315013,1.0834891877106538,27,tune,2,34,0.5806776219346486,0.2677469678453498,0.9321542054382187,0.45434254108965183,0.8722451270634134,0.40458110476599013,0.8291393245486061,0.2050069465181677,0.5040809067616174,0.5794082809490365,0.9576158385046362,SCoNE,0.1,0.5,/home/jupyter/repos/SCoNE/output/models/overdispersion_nu/tune_34
398,0.5264271326963955,0.803207201685341,0.43879464568599885,1.0827415908971445,28,tune,2,34,0.6750519471001827,0.2572487169426496,0.9712220455471723,0.46346749165669143,0.8458510582546575,0.3558402326838889,0.7458679325253876,0.22204283761886956,0.5060669821335042,0.5766746087636402,0.9576158385046362,SCoNE,0.1,0.5,/home/jupyter/repos/SCoNE/output/models/overdispersion_nu/tune_34
399,0.46621295818042763,0.7932253516923299,0.44186758256436987,1.082123050263664,29,tune,2,34,0.63824703908956,0.2792442587806206,0.9609933717670771,0.472137004415805,0.839708960926781,0.3611653784685164,0.7719770999562194,0.21959054063121095,0.5090037053984544,0.5731193448652095,0.9576158385046362,SCoNE,0.1,0.5,/home/jupyter/repos/SCoNE/output/models/overdispersion_nu/tune_34
400,0.44560436776791257,0.7911140289051143,0.4476759820929189,1.0847957582466017,30,tune,2,34,0.496891706807166,0.2984463154638627,0.8918922124611884,0.41761428294332875,0.824116906285386,0.35076382788325683,0.7551228752135795,0.21479243065744213,0.5077683707638235,0.5770273874827783,0.9576158385046362,SCoNE,0.1,0.5,/home/jupyter/repos/SCoNE/output/models/overdispersion_nu/tune_34
401,0.5067466358630517,0.8043350310826829,0.43805703859236717,1.0831513028204942,31,tune,2,34,0.5730068383932003,0.29430576340724096,0.934914253130241,0.4493275381365873,0.8419074951352683,0.3411027327656991,0.7609451218198993,0.22604792631430068,0.5051311069159313,0.5780201959045629,0.9576158385046362,SCoNE,0.1,0.5,/home/jupyter/repos/SCoNE/output/models/overdispersion_nu/tune_34
402,0.4716046774170619,0.7965740069354651,0.4424854615974174,1.0836318874609994,32,tune,2,34,0.5481417905129068,0.299833902021485,0.9155986475112177,0.46374567951538487,0.81280304560686,0.33049812824126934,0.7062925727392387,0.2299807790795638,0.5091883154825858,0.5744435719784134,0.9576158385046362,SCoNE,0.1,0.5,/home/jupyter/repos/SCoNE/output/models/overdispersion_nu/tune_34
403,0.4024921674635651,0.7668567716744548,0.44162341836542396,1.0829363635727343,33,tune,2,34,0.6364148971274433,0.2854704290204028,0.9792080017821102,0.45253481143382746,0.7727452155555594,0.3373144096014247,0.6914665001573603,0.2092333813032184,0.5168265205209353,0.5661098430517991,0.9576158385046362,SCoNE,0.1,0.5,/home/jupyter/repos/SCoNE/output/models/overdispersion_nu/tune_34
404,0.4296849387043067,0.7816116818329376,0.4465723276312912,1.0872001431834972,34,tune,2,34,0.5245497715978421,0.28527954595769073,0.9235388363388601,0.4395392310266881,0.8199174446739496,0.3439716145999983,0.7942120670325378,0.22846754914739087,0.5087189422249307,0.5784812009585666,0.9576158385046362,SCoNE,0.1,0.5,/home/jupyter/repos/SCoNE/output/models/overdispersion_nu/tune_34
405,0.2826663966461827,0.6874931636007563,0.45022080775903034,1.0945372791097832,35,tune,2,34,0.4083863423672288,0.2987479729106164,0.9397063165385133,0.4522931743748467,0.710788079819314,0.31181623298483596,0.817785274685013,0.2436124566039952,0.5253045028747504,0.5692327762350328,0.9576158385046362,SCoNE,0.1,0.5,/home/jupyter/repos/SCoNE/output/models/overdispersion_nu/tune_34
406,0.5368917949330562,0.8175862409538063,0.43433771828861495,1.0837225827972672,36,tune,2,34,0.5414251517639703,0.28514824369530134,0.909354098653268,0.4269054027302246,0.8448650984238959,0.38632655432606017,0.7375993742063118,0.21571748057336176,0.5057485094707094,0.5779740733265578,0.9576158385046362,SCoNE,0.1,0.5,/home/jupyter/repos/SCoNE/output/models/overdispersion_nu/tune_34
407,0.5289999231127951,0.8101653260488426,0.4353521634749882,1.0819117774550406,37,tune,2,34,0.6051209263166256,0.27474989596340477,0.9457322103853797,0.46217224917989097,0.8329460379871084,0.348578669003397,0.6980469237399706,0.19452525783067875,0.5044559807719728,0.5774557966830679,0.9576158385046362,SCoNE,0.1,0.5,/home/jupyter/repos/SCoNE/output/models/overdispersion_nu/tune_34
408,0.5156121988925916,0.8063169948170789,0.4394407579543518,1.084463049802391,38,tune,2,34,0.5279723842544972,0.27515173054896297,0.895148302304212,0.45191675740762155,0.8445719027211641,0.39059691936060276,0.7429328605883166,0.2021179752693267,0.5036912468273431,0.5807718029750479,0.9576158385046362,SCoNE,0.1,0.5,/home/jupyter/repos/SCoNE/output/models/overdispersion_nu/tune_34
409,0.41146607799562557,0.7656600789418686,0.44437423230962175,1.0830327656439236,39,tune,2,34,0.5848079248780672,0.2700362952361839,0.9583758133721391,0.4659009023104213,0.766264940836513,0.3434422026247615,0.6970185536138078,0.1945696330868888,0.5171533418141099,0.5658794238298138,0.9576158385046362,SCoNE,0.1,0.5,/home/jupyter/repos/SCoNE/output/models/overdispersion_nu/tune_34
410,0.45094986282744637,0.7882133123675467,0.444886192428894,1.0834148412370654,40,tune,2,34,0.5874602087798152,0.27458463284438717,0.9447644673317159,0.4629744558804273,0.8096495838350928,0.34442321065119885,0.7089003774317156,0.210147239630829,0.510297025747528,0.5731178154895374,0.9576158385046362,SCoNE,0.1,0.5,/home/jupyter/repos/SCoNE/output/models/overdispersion_nu/tune_34
411,0.5179102786440207,0.8066488011571431,0.44099557721229693,1.084886874340901,41,tune,2,34,0.572847709518575,0.28286266625805767,0.9283382033108732,0.44807396733287946,0.867738591080775,0.35071265209154506,0.8656407605034566,0.24149141831432352,0.5024928298405704,0.5823940445003305,0.9576158385046362,SCoNE,0.1,0.5,/home/jupyter/repos/SCoNE/output/models/overdispersion_nu/tune_34
412,0.21899319559843664,0.6234395911909455,0.4567065429340409,1.0949657453105641,42,tune,2,34,0.4049745940200506,0.29839507903040485,0.9660878818867586,0.49397098482618845,0.6758355940369415,0.31373312315835566,0.7375181499958001,0.20358541547740366,0.5333785902511519,0.5615871550594124,0.9576158385046362,SCoNE,0.1,0.5,/home/jupyter/repos/SCoNE/output/models/overdispersion_nu/tune_34
413,0.5712465870165012,0.8286346804551008,0.424261068932963,1.0817191299865958,43,tune,2,34,0.6636314240708876,0.26214896342507843,0.9654324280728307,0.47316832416880916,0.8306188885855782,0.363495873637919,0.6695558158710108,0.2089760463267919,0.5099395977307687,0.5717795322558271,0.9576158385046362,SCoNE,0.1,0.5,/home/jupyter/repos/SCoNE/output/models/overdispersion_nu/tune_34
414,0.6106830826191144,0.8341621694571305,0.4176855668304451,1.0818804959164927,44,tune,2,34,0.6547067629368618,0.2581944088323023,0.9596609072091401,0.46489420226858785,0.8731994598439939,0.3808214049824696,0.8010584667710595,0.22409193582847234,0.5027850275222995,0.5790954683941931,0.9576158385046362,SCoNE,0.1,0.5,/home/jupyter/repos/SCoNE/output/models/overdispersion_nu/tune_34
415,0.3955725406571462,0.7606185253659191,0.4441890224756939,1.0848555068632808,45,tune,2,34,0.516741188087141,0.2656604415499041,0.9406955860378513,0.4556751017886784,0.7592612393241249,0.3311357219200287,0.6832237404202115,0.195352420513842,0.5168627209054099,0.567992785957871,0.9576158385046362,SCoNE,0.1,0.5,/home/jupyter/repos/SCoNE/output/models/overdispersion_nu/tune_34
416,0.4983341578355231,0.794804426460629,0.43922317041986636,1.0820488646811708,46,tune,2,34,0.6787059354309025,0.2663207411759049,0.9791529232589569,0.4632680620819826,0.8605703537031547,0.3460288983297503,0.8148287163692993,0.2141924013732377,0.5090521554748436,0.5729967092063272,0.9576158385046362,SCoNE,0.1,0.5,/home/jupyter/repos/SCoNE/output/models/overdispersion_nu/tune_34
417,0.5149920468003203,0.8060374119600359,0.4371487539732636,1.0840259290388392,47,tune,2,34,0.5941184500839952,0.2960677015437192,0.9390296042582598,0.44230134202566523,0.8689738697775362,0.39258135031988894,0.8572627211775081,0.23390609539278778,0.5011247501386247,0.5829011789002146,0.9576158385046362,SCoNE,0.1,0.5,/home/jupyter/repos/SCoNE/output/models/overdispersion_nu/tune_34
418,0.5217366055145239,0.8079571496315313,0.438563926046,1.0837216854256497,48,tune,2,34,0.5620282444446083,0.2787280685534424,0.9169675226417324,0.4363431744057646,0.8583909221218246,0.3595585026855015,0.8187071661007042,0.22140845631963438,0.5029568228010309,0.5807648626246188,0.9576158385046362,SCoNE,0.1,0.5,/home/jupyter/repos/SCoNE/output/models/overdispersion_nu/tune_34
419,0.34429229095348557,0.7392053353455753,0.4414415048744338,1.085494696884735,49,tune,2,34,0.5178569319019289,0.2709949251862555,0.9807611824242384,0.48087238575564245,0.7756700892060305,0.3207520976636165,0.858487207155662,0.21049323019298563,0.524269214522182,0.5612254823625529,0.9576158385046362,SCoNE,0.1,0.5,/home/jupyter/repos/SCoNE/output/models/overdispersion_nu/tune_34
420,0.6524026818019408,0.8431653283119134,0.43375375694586604,1.0348480861540907,0,tune,0,8,0.5735456794374837,0.29961950949049426,0.8926587321235525,0.41163593451683395,0.9062488653649902,0.38985836668104334,0.9147615434635284,0.23488001345393936,0.49277488828148575,0.5420731978726049,0.9783897852527369,SCoNE,0.001,0.0,/home/jupyter/repos/SCoNE/output/models/overdispersion_nu/tune_8
421,0.4991604380397215,0.7944395919197035,0.45510697175900383,1.0380698917318152,1,tune,0,8,0.5046894502155048,0.2812849991653497,0.8495629040705331,0.3968352705625736,0.8459863702811642,0.3584682122894265,0.9054162604010287,0.2426925297501449,0.4988757999425379,0.5391940917892774,0.9783897852527369,SCoNE,0.001,0.0,/home/jupyter/repos/SCoNE/output/models/overdispersion_nu/tune_8
422,0.5443977718351908,0.8071435509682027,0.4540309772386283,1.0376437785472221,2,tune,0,8,0.5131326379991165,0.3052456272284816,0.8530919831889423,0.39593710083694217,0.858467568422068,0.3617395023804931,0.8516649633909972,0.2297430459893656,0.49683624819090233,0.5408075303563198,0.9783897852527369,SCoNE,0.001,0.0,/home/jupyter/repos/SCoNE/output/models/overdispersion_nu/tune_8
423,0.6446410647653468,0.8397012150475549,0.4386276815950428,1.034865872205813,3,tune,0,8,0.579160793562064,0.31432788756696445,0.9104729160329551,0.39768801537916965,0.9189860848213239,0.3951771986840307,0.9332665138503361,0.2151895852426205,0.4956114351587685,0.5392544370470446,0.9783897852527369,SCoNE,0.001,0.0,/home/jupyter/repos/SCoNE/output/models/overdispersion_nu/tune_8
424,0.5876005577915614,0.8242347236303046,0.44833296256251143,1.0360465946117638,4,tune,0,8,0.5326093851734082,0.30437962258750295,0.8536977412912348,0.3626022166526412,0.8775108216330376,0.4018936814544236,0.8901318550772664,0.2240558583318978,0.49490636244617164,0.5411402321655923,0.9783897852527369,SCoNE,0.001,0.0,/home/jupyter/repos/SCoNE/output/models/overdispersion_nu/tune_8
425,0.4834691358436747,0.7865117106910334,0.43766219350742225,1.0454048199325028,5,tune,0,8,0.5195968635081747,0.3174141338874662,0.9296659719314542,0.4165323533367593,0.8228064806991129,0.3646101774081702,0.9166624027605795,0.22939224842554007,0.5119520890987173,0.5334527308337856,0.9783897852527369,SCoNE,0.001,0.0,/home/jupyter/repos/SCoNE/output/models/overdispersion_nu/tune_8
426,0.6602522360753972,0.8489783037134343,0.4333299607839497,1.03558032663509,6,tune,0,8,0.5601844316069914,0.3168423309454084,0.8800651179824364,0.41082933346270073,0.8791067479125629,0.4030416068701572,0.8377616763322407,0.2658325498210605,0.4944255719849092,0.5411547546501809,0.9783897852527369,SCoNE,0.001,0.0,/home/jupyter/repos/SCoNE/output/models/overdispersion_nu/tune_8
427,0.5881143038011265,0.8244969608095855,0.4471471546212182,1.0364888235594227,7,tune,0,8,0.5397271129603103,0.3068904035481699,0.8871947210796921,0.4235902674473537,0.8565950612508596,0.38249428692883697,0.841741062340281,0.22835031057470068,0.49550681748623593,0.5409820060731867,0.9783897852527369,SCoNE,0.001,0.0,/home/jupyter/repos/SCoNE/output/models/overdispersion_nu/tune_8
428,0.5976144872457441,0.8260395620926129,0.44402889524016165,1.0354639185025318,8,tune,0,8,0.5742721145766881,0.2816049549953936,0.8972737894757913,0.429608367207353,0.8665167079758332,0.38691279765341724,0.8199866475615729,0.21662591013856766,0.49582773295903804,0.5396361855434938,0.9783897852527369,SCoNE,0.001,0.0,/home/jupyter/repos/SCoNE/output/models/overdispersion_nu/tune_8
429,0.6461077175809113,0.8487546792413937,0.4326707412916571,1.035239572090782,9,tune,0,8,0.5570181144580191,0.3162823257568678,0.8821674253285464,0.40287998800841235,0.8979315694325362,0.4201901698410024,0.9038194486723418,0.2423439879720223,0.4939895405985379,0.5412500314922443,0.9783897852527369,SCoNE,0.001,0.0,/home/jupyter/repos/SCoNE/output/models/overdispersion_nu/tune_8
430,0.5449173573367226,0.81207153641432,0.4504813127525458,1.0374855672388996,10,tune,0,8,0.5358512694882451,0.29784218773846777,0.8737944868523134,0.4050581541262649,0.8596764479514163,0.37015205902203,0.8602767828945493,0.2596847099149955,0.49835922985816744,0.5391263373807321,0.9783897852527369,SCoNE,0.001,0.0,/home/jupyter/repos/SCoNE/output/models/overdispersion_nu/tune_8
431,0.6419554974847389,0.8382509388023858,0.43432818397580414,1.0346778634020688,11,tune,0,8,0.5913299999439987,0.2742038877684028,0.9090136208941964,0.4297484975889909,0.9309494123899402,0.37161291675892827,0.9506667719369821,0.2409236074221703,0.4945385320374438,0.5401393313646249,0.9783897852527369,SCoNE,0.001,0.0,/home/jupyter/repos/SCoNE/output/models/overdispersion_nu/tune_8
432,0.5743963847026777,0.8177652985450851,0.45173759484008225,1.036793194544371,12,tune,0,8,0.5446508058614008,0.28827927741457715,0.8798358684408055,0.4237838086190876,0.8468386826988284,0.3893915817765587,0.8472299896780578,0.21267577312505462,0.49774157749214903,0.5390516170522218,0.9783897852527369,SCoNE,0.001,0.0,/home/jupyter/repos/SCoNE/output/models/overdispersion_nu/tune_8
433,0.5418318113913942,0.8141253328246393,0.44960544449283496,1.0368086735047668,13,tune,0,8,0.5433171425783702,0.2931581056558689,0.8770673557527159,0.41736205391767034,0.8402104802422526,0.3985312708537746,0.7959138315198044,0.21990985156340453,0.49581638698845526,0.5409922865163116,0.9783897852527369,SCoNE,0.001,0.0,/home/jupyter/repos/SCoNE/output/models/overdispersion_nu/tune_8
434,0.589828728753051,0.820824435392124,0.44595435392485483,1.0367207547707387,14,tune,0,8,0.5461728511675401,0.28610259080268763,0.8851196353702787,0.420310711914688,0.8736281326240486,0.38842258705793187,0.8672056471949801,0.24971392493458913,0.4943927714408142,0.5423279833299245,0.9783897852527369,SCoNE,0.001,0.0,/home/jupyter/repos/SCoNE/output/models/overdispersion_nu/tune_8
435,0.5865237042935904,0.8210935833821049,0.44594019919283207,1.0362080010394956,15,tune,0,8,0.5412847053492965,0.298804697310439,0.8505282642384673,0.3973079111575108,0.8719733986242186,0.3820437731174413,0.8485384413202194,0.22385242102891983,0.493767952429124,0.5424400486103717,0.9783897852527369,SCoNE,0.001,0.0,/home/jupyter/repos/SCoNE/output/models/overdispersion_nu/tune_8
436,0.5931942989806376,0.8254071177494224,0.44297372338545615,1.0360835384979339,16,tune,0,8,0.5557997070133787,0.3212670823740097,0.8903046118753003,0.4067862199211434,0.8695212141197844,0.38775113620148827,0.8957808158170237,0.24016677768685984,0.49422220495099956,0.5418613335469344,0.9783897852527369,SCoNE,0.001,0.0,/home/jupyter/repos/SCoNE/output/models/overdispersion_nu/tune_8
437,0.590976032912232,0.8265325294964508,0.44114017706584774,1.0355821328559385,17,tune,0,8,0.5739802375532904,0.29525370698932774,0.887779804346481,0.4038177334061558,0.8856870499148535,0.35739233411882415,0.8694793837072167,0.22433537013420454,0.4936173506094552,0.5419647822464834,0.9783897852527369,SCoNE,0.001,0.0,/home/jupyter/repos/SCoNE/output/models/overdispersion_nu/tune_8
438,0.529002882392081,0.8056152257809404,0.45344260919116464,1.0384994193919554,18,tune,0,8,0.49928888824096657,0.303620904574849,0.8577576511986813,0.39981879062998643,0.8352004245835365,0.35870785177277326,0.8276731858941543,0.22382514223554076,0.4986392465215181,0.5398601728704374,0.9783897852527369,SCoNE,0.001,0.0,/home/jupyter/repos/SCoNE/output/models/overdispersion_nu/tune_8
439,0.5942529283385806,0.8178712477220196,0.4471842646970901,1.036708464249313,19,tune,0,8,0.6234412822268836,0.28536883805590746,0.9254461230720691,0.4407756110531341,0.8648753727741855,0.366567161374872,0.8473851891593365,0.22226241412521716,0.4979357331791795,0.5387727310701335,0.9783897852527369,SCoNE,0.001,0.0,/home/jupyter/repos/SCoNE/output/models/overdispersion_nu/tune_8
440,0.5730546739993058,0.8222871253138285,0.44613095843248957,1.0363476846480688,20,tune,0,8,0.5289423263744597,0.2924780551285646,0.8447294537640253,0.384454486913112,0.8932435004350584,0.3769116711821298,0.9420400035135423,0.23084166741140888,0.4937508105885032,0.5425968740595656,0.9783897852527369,SCoNE,0.001,0.0,/home/jupyter/repos/SCoNE/output/models/overdispersion_nu/tune_8
441,0.5897673629040796,0.8260285748630752,0.4462423865537478,1.035816177054322,21,tune,0,8,0.5477966333176113,0.2902274980887304,0.872983695141857,0.41044354036197206,0.8727276360192624,0.3851239248875936,0.8490748140778723,0.21486265252669476,0.4953505727615001,0.540465604292822,0.9783897852527369,SCoNE,0.001,0.0,/home/jupyter/repos/SCoNE/output/models/overdispersion_nu/tune_8
442,0.6641726442974942,0.8505358222724445,0.4364496208296897,1.035716351933834,22,tune,0,8,0.5464458247774375,0.28765572135223744,0.8637098255642885,0.40022455186249467,0.8953104781092868,0.41115035358373264,0.8689932490228457,0.23405375003091686,0.494117515174778,0.5415988367590558,0.9783897852527369,SCoNE,0.001,0.0,/home/jupyter/repos/SCoNE/output/models/overdispersion_nu/tune_8
443,0.6071064293793642,0.827338448124939,0.43570197322262716,1.036998981140174,23,tune,0,8,0.5649786816529458,0.3063832661401444,0.8957508729254874,0.4075396751987748,0.8938178092531217,0.3861302618793625,0.94026576464162,0.23730307333598333,0.49150950393902626,0.5454894772011479,0.9783897852527369,SCoNE,0.001,0.0,/home/jupyter/repos/SCoNE/output/models/overdispersion_nu/tune_8
444,0.6490369393027251,0.8461161213741334,0.4334625752164186,1.0352223040697905,24,tune,0,8,0.5801579061249981,0.2888920064845213,0.8982397809692053,0.4071677085231903,0.8766006771862329,0.3884639759820545,0.8110037928151008,0.2209907266263908,0.4946868908030292,0.5405354132667614,0.9783897852527369,SCoNE,0.001,0.0,/home/jupyter/repos/SCoNE/output/models/overdispersion_nu/tune_8
445,0.617927200844022,0.8348225902093219,0.4404948319805059,1.035727425871407,25,tune,0,8,0.5820841143057037,0.31167365198831914,0.900159098129306,0.40456561995351625,0.8832414034169866,0.4012873384205571,0.8482239392929656,0.2286623754853224,0.4940985850144045,0.5416288408570027,0.9783897852527369,SCoNE,0.001,0.0,/home/jupyter/repos/SCoNE/output/models/overdispersion_nu/tune_8
446,0.5246580358536344,0.805125909535272,0.45106992437048454,1.0369112406019103,26,tune,0,8,0.5361434868158568,0.290750440122075,0.8913208597384981,0.42907652931231427,0.8747681765864402,0.36987359971133904,0.945159035442524,0.2218291575432558,0.49643004688429127,0.5404811937176192,0.9783897852527369,SCoNE,0.001,0.0,/home/jupyter/repos/SCoNE/output/models/overdispersion_nu/tune_8
447,0.580706372686374,0.8254279876548541,0.4419556800734856,1.0357663732704157,27,tune,0,8,0.5875599970610089,0.2858145166658417,0.9078715161777781,0.4208968058679458,0.8877085366004566,0.40428173607609286,0.9175874843811226,0.23116072571220886,0.4947917948515272,0.5409745784188885,0.9783897852527369,SCoNE,0.001,0.0,/home/jupyter/repos/SCoNE/output/models/overdispersion_nu/tune_8
448,0.28710717380365247,0.6871551007578272,0.4476516784621857,1.0489680316573375,28,tune,0,8,0.36332413318069495,0.25736174223684677,0.9449615466807416,0.46527239592444763,0.8237112078787278,0.3769438928760184,0.9365039869928578,0.20088978159077414,0.5220976713404895,0.5268703603168481,0.9783897852527369,SCoNE,0.001,0.0,/home/jupyter/repos/SCoNE/output/models/overdispersion_nu/tune_8
449,0.5765727998431401,0.8187451056755927,0.4498418260674585,1.036538371600693,29,tune,0,8,0.5520890480810503,0.29937100583957954,0.8807505530036092,0.4035543872002739,0.8623146131171341,0.3822238303901887,0.8706547302992461,0.22651986043204578,0.4950024265699304,0.5415359450307626,0.9783897852527369,SCoNE,0.001,0.0,/home/jupyter/repos/SCoNE/output/models/overdispersion_nu/tune_8
450,0.5885683727111505,0.8240943084503821,0.4443411843225452,1.035783721891804,30,tune,0,8,0.5701766066742844,0.2915771616114606,0.8979219303532402,0.4238279426729964,0.8830166089425044,0.37928176980366607,0.8913730619636823,0.24102031041805197,0.4949310848562608,0.5408526370355432,0.9783897852527369,SCoNE,0.001,0.0,/home/jupyter/repos/SCoNE/output/models/overdispersion_nu/tune_8
451,0.6021237753016756,0.8301089982207099,0.44332058644869354,1.0354747412313512,31,tune,0,8,0.6105005493437845,0.3029489678887224,0.9204269645544343,0.4177628856576743,0.8899798705295704,0.3915568787230971,0.878493683695389,0.2182808521527166,0.4952043345020707,0.5402704067292806,0.9783897852527369,SCoNE,0.001,0.0,/home/jupyter/repos/SCoNE/output/models/overdispersion_nu/tune_8
452,0.6403780505219987,0.8423720692375769,0.4339769536491188,1.0339080778640681,32,tune,0,8,0.610863070997611,0.28432415724628934,0.9223462926792304,0.4245904953049254,0.917133454710096,0.38536682914350257,0.9186551732186649,0.24001154860116455,0.4947260063937094,0.5391820714703588,0.9783897852527369,SCoNE,0.001,0.0,/home/jupyter/repos/SCoNE/output/models/overdispersion_nu/tune_8
453,0.5861765314536382,0.8284440057575055,0.4442169580416474,1.0356242554119184,33,tune,0,8,0.5478981854027323,0.31916598410837854,0.8764904162631513,0.41001617072651597,0.8857210876001688,0.3886025751773283,0.8978467781743084,0.2220051085213191,0.49453424081104513,0.5410900146008732,0.9783897852527369,SCoNE,0.001,0.0,/home/jupyter/repos/SCoNE/output/models/overdispersion_nu/tune_8
454,0.5566581366194963,0.8149158185778234,0.4441207764440756,1.0364996320366027,34,tune,0,8,0.5541530280885416,0.31480474623341703,0.8849227890543362,0.4086594109889093,0.8753508784534131,0.3766334516945055,0.9168944397265179,0.23830202030881162,0.49521322394439143,0.5412864080922112,0.9783897852527369,SCoNE,0.001,0.0,/home/jupyter/repos/SCoNE/output/models/overdispersion_nu/tune_8
455,0.6004114878340325,0.825521805136238,0.443801476980382,1.0364167490082359,35,tune,0,8,0.5649066727615647,0.2790770185832542,0.8799812465672296,0.403664673853109,0.8772098248455749,0.3967527029287983,0.8820848585487385,0.23155242299399567,0.4938360965895238,0.5425806524187121,0.9783897852527369,SCoNE,0.001,0.0,/home/jupyter/repos/SCoNE/output/models/overdispersion_nu/tune_8
456,0.6676136690830001,0.849447132586743,0.43445089091084255,1.035493837713741,36,tune,0,8,0.5334744354066342,0.2995239169544203,0.8714704101879022,0.4024941138289024,0.9120318720399171,0.4099875881788207,0.9113704979689323,0.22702344836546812,0.49336400411801745,0.5421298335957235,0.9783897852527369,SCoNE,0.001,0.0,/home/jupyter/repos/SCoNE/output/models/overdispersion_nu/tune_8
457,0.6658609587444844,0.8468670460956784,0.43598294588034214,1.0353125889526278,37,tune,0,8,0.565413065749287,0.31040846182618503,0.8881602244279111,0.4063397707118932,0.8850390559350211,0.39525982566428425,0.8412763913725742,0.2167193318525715,0.4951065322377187,0.540206056714909,0.9783897852527369,SCoNE,0.001,0.0,/home/jupyter/repos/SCoNE/output/models/overdispersion_nu/tune_8
458,0.6198148050352393,0.8361872485670775,0.4364508194695996,1.0364436589680426,38,tune,0,8,0.5589890464208999,0.29455403107563627,0.8765158970828891,0.3978541656286599,0.8944234817630039,0.39363131394952594,0.9239703075695959,0.2256192540787154,0.4919942164179911,0.5444494425500515,0.9783897852527369,SCoNE,0.001,0.0,/home/jupyter/repos/SCoNE/output/models/overdispersion_nu/tune_8
459,0.6371307426958696,0.8415454797368346,0.43498070070648,1.0348761788061809,39,tune,0,8,0.5933903073674833,0.29098280341461796,0.9162403858205961,0.42421817150024316,0.9238949941823851,0.3876783927371523,0.9521964416229838,0.24792085327730862,0.49429365866885755,0.5405825201373233,0.9783897852527369,SCoNE,0.001,0.0,/home/jupyter/repos/SCoNE/output/models/overdispersion_nu/tune_8
460,0.6369124105974155,0.843394703262405,0.43320538430527633,1.035146618758919,40,tune,0,8,0.6129840701791438,0.30929652516076506,0.9198464548841745,0.42817158974001857,0.8911292041162752,0.41718375562856735,0.9144512619843616,0.21247053912050162,0.49470596656699684,0.5404406521919222,0.9783897852527369,SCoNE,0.001,0.0,/home/jupyter/repos/SCoNE/output/models/overdispersion_nu/tune_8
461,0.565995047994905,0.8191044822921933,0.44789600892117254,1.0376503077037125,41,tune,0,8,0.5012740794504619,0.30838843959951334,0.8286048087225428,0.37605174849878353,0.8802357929774353,0.37437644510490226,0.8687675513056159,0.22877990318049427,0.495919749097684,0.5417305586060285,0.9783897852527369,SCoNE,0.001,0.0,/home/jupyter/repos/SCoNE/output/models/overdispersion_nu/tune_8
462,0.5802190930368942,0.8195359141141964,0.451062927244089,1.0373625173828547,42,tune,0,8,0.5689930898591549,0.29171238059317367,0.907263435373772,0.4212716880344987,0.8778265760599543,0.38094326826324126,0.9082085425246575,0.20707191413850154,0.49547364906119035,0.5418888683216643,0.9783897852527369,SCoNE,0.001,0.0,/home/jupyter/repos/SCoNE/output/models/overdispersion_nu/tune_8
463,0.5910849392411129,0.8272362229924721,0.4403465703409117,1.0354259205487164,43,tune,0,8,0.5789260214313872,0.28757736916511284,0.8949537581425872,0.4030179968634837,0.8949916895543744,0.3798208825879993,0.9048864346169939,0.24381992678313746,0.49430691200580157,0.541119008542915,0.9783897852527369,SCoNE,0.001,0.0,/home/jupyter/repos/SCoNE/output/models/overdispersion_nu/tune_8
464,0.6624876475857604,0.8468266287382239,0.4328608882487869,1.0354455586123528,44,tune,0,8,0.5742403583401838,0.3091756728280404,0.9047702209487448,0.4111963740143773,0.9343986532475504,0.3797119987390556,0.9341473670710475,0.24949539303501794,0.4939391060169686,0.5415064525953841,0.9783897852527369,SCoNE,0.001,0.0,/home/jupyter/repos/SCoNE/output/models/overdispersion_nu/tune_8
465,0.6382231466362288,0.8497027954345826,0.4292351949661789,1.0364751506564756,45,tune,0,8,0.5242608725344582,0.32292156991860893,0.845657923342299,0.3893884462317628,0.901859324585959,0.37899193446309076,0.9283156680819908,0.274714389202858,0.49418186238190615,0.5422932882745694,0.9783897852527369,SCoNE,0.001,0.0,/home/jupyter/repos/SCoNE/output/models/overdispersion_nu/tune_8
466,0.5748419058995915,0.8198894307260728,0.44912806849800696,1.0356054070148484,46,tune,0,8,0.5683918588335269,0.27496442415837546,0.8897847190577944,0.4257723356823685,0.8863276106392409,0.39906824730366,0.9155990042561266,0.2024878919401345,0.49642444811987474,0.5391809588949735,0.9783897852527369,SCoNE,0.001,0.0,/home/jupyter/repos/SCoNE/output/models/overdispersion_nu/tune_8
467,0.3319531088006922,0.7186520448986828,0.4578902734586705,1.051801763822547,47,tune,0,8,0.4290283450673192,0.29376824773029514,0.9294133647842254,0.43332228588751287,0.7591187331666842,0.3344406816321882,0.8352580972555808,0.22625065960017918,0.5167407924382826,0.5350609713842643,0.9783897852527369,SCoNE,0.001,0.0,/home/jupyter/repos/SCoNE/output/models/overdispersion_nu/tune_8
468,0.5933846345131212,0.8234254328707433,0.4490041508563741,1.037358859167837,48,tune,0,8,0.5531027557891365,0.3023186738818695,0.8794668236844981,0.38931923802164986,0.851323908213581,0.3923008479942122,0.8413739094169448,0.22459676696355474,0.4949474799624263,0.5424113792054109,0.9783897852527369,SCoNE,0.001,0.0,/home/jupyter/repos/SCoNE/output/models/overdispersion_nu/tune_8
469,0.4507877369552697,0.7806889924536934,0.44612472728588903,1.0409070117022936,49,tune,0,8,0.6695256251194424,0.2504712070212624,0.9690345186753555,0.4586337084161233,0.8468791079964266,0.36087786696620083,0.8679386904729469,0.23848944919919568,0.507955116057705,0.5329518956445887,0.9783897852527369,SCoNE,0.001,0.0,/home/jupyter/repos/SCoNE/output/models/overdispersion_nu/tune_8
470,0.48368213906463187,0.8004085800407386,0.446638497968302,1.0847949659463028,0,tune,2,33,0.5167514207007058,0.2831189039282067,0.8805520885509462,0.41244800442394797,0.8373603157470426,0.367810182459457,0.735946130348926,0.2030870649215329,0.5055480957265222,0.5792468702197806,0.9595547978576955,SCoNE,0.01,0.5,/home/jupyter/repos/SCoNE/output/models/overdispersion_nu/tune_33
471,0.553690198439898,0.8203254724714311,0.43196092030259386,1.0835390786673402,1,tune,2,33,0.5703067710474016,0.286832721156586,0.9138341575777105,0.4476693876070917,0.8812671211574389,0.3837710161754581,0.8347563987573502,0.22323739698644054,0.5011734436104716,0.5823656350568688,0.9595547978576955,SCoNE,0.01,0.5,/home/jupyter/repos/SCoNE/output/models/overdispersion_nu/tune_33
472,0.5204413995816859,0.8102644151324918,0.43571733615317304,1.0839741986966858,2,tune,2,33,0.5803764948000273,0.2759135501869232,0.9458934695221898,0.47600613556354604,0.862604931036947,0.3805207755048018,0.8131917684619091,0.2590436112734874,0.5032756724308619,0.5806985262658237,0.9595547978576955,SCoNE,0.01,0.5,/home/jupyter/repos/SCoNE/output/models/overdispersion_nu/tune_33
473,0.2327455346952964,0.632604112493701,0.44612773143162066,1.0924113830124824,3,tune,2,33,0.47962380989229614,0.32540597351780337,0.9362500972365785,0.4547895742758965,0.696511722290998,0.3239038438210744,0.8438864058737877,0.20557957316690811,0.5222680254944647,0.5701433575180177,0.9595547978576955,SCoNE,0.01,0.5,/home/jupyter/repos/SCoNE/output/models/overdispersion_nu/tune_33
474,0.5675111579109077,0.8265618585499204,0.43177274159596707,1.0828927635510295,4,tune,2,33,0.5622675324252359,0.3006638944222727,0.9136897363347857,0.4227724560432429,0.8501415422444072,0.4048117929574483,0.7342895270748964,0.18130128909709467,0.5028875841092201,0.5800051794418094,0.9595547978576955,SCoNE,0.01,0.5,/home/jupyter/repos/SCoNE/output/models/overdispersion_nu/tune_33
475,0.4497513506769105,0.7853201977391021,0.4466808467354893,1.08337857737235,5,tune,2,33,0.6078711746061459,0.28671473673674597,0.9562734509488741,0.44990932726513533,0.8240819175877842,0.3528934952974771,0.7939761653470676,0.20390964264862468,0.510203284313898,0.5731752930584522,0.9595547978576955,SCoNE,0.01,0.5,/home/jupyter/repos/SCoNE/output/models/overdispersion_nu/tune_33
476,0.5184160985760565,0.8101403422556068,0.4371735238148186,1.0826440880802517,6,tune,2,33,0.5576323143939754,0.286670066296004,0.9307361885914208,0.45949379895365616,0.8394399238889123,0.37715607848055105,0.7213303536754894,0.18473284266921655,0.5046700116867519,0.5779740763934998,0.9595547978576955,SCoNE,0.01,0.5,/home/jupyter/repos/SCoNE/output/models/overdispersion_nu/tune_33
477,0.2574788031543778,0.6636603679430984,0.4514406479188062,1.0938701555332009,7,tune,2,33,0.4583189960542383,0.3080761254808304,0.9024110431733744,0.43947262000133386,0.6942606947588215,0.32847298003025055,0.7270376278959833,0.2023780912961074,0.5216074052203361,0.5722627503128649,0.9595547978576955,SCoNE,0.01,0.5,/home/jupyter/repos/SCoNE/output/models/overdispersion_nu/tune_33
478,0.5802866400141968,0.8369455788767245,0.4238151639177057,1.0837582807628952,8,tune,2,33,0.5577838508555518,0.2901490902456931,0.9208731707743582,0.451595471086745,0.8647841788345559,0.3795897678775765,0.7724247864108201,0.18257076942481493,0.5058099285635245,0.5779483521993706,0.9595547978576955,SCoNE,0.01,0.5,/home/jupyter/repos/SCoNE/output/models/overdispersion_nu/tune_33
479,0.5051423153896097,0.8012393840322686,0.4480641231433858,1.0849015585982862,9,tune,2,33,0.5246065835544907,0.30277632313814995,0.9033466230380819,0.4201633513620897,0.8328901131022771,0.3655173854746846,0.7860004015811872,0.2232674252277839,0.5069593938470179,0.5779421647512681,0.9595547978576955,SCoNE,0.01,0.5,/home/jupyter/repos/SCoNE/output/models/overdispersion_nu/tune_33
480,0.3924607453309002,0.7707073518161042,0.454024953954371,1.0858134904509704,10,tune,2,33,0.49095168680032764,0.2808418019792758,0.9358563734362494,0.46877178690053256,0.7462340955453143,0.35071370964090476,0.6679957767050013,0.19239569588819488,0.5205429832923015,0.5652705071586688,0.9595547978576955,SCoNE,0.01,0.5,/home/jupyter/repos/SCoNE/output/models/overdispersion_nu/tune_33
481,0.4884401077366767,0.7982814275871413,0.4469760291557909,1.0847658695376836,11,tune,2,33,0.53065282440268,0.2929470142117345,0.9069498780147189,0.41417232333826176,0.8182024814049885,0.3885506313941004,0.6716778794205953,0.1984466697136135,0.5061610148344926,0.578604854703191,0.9595547978576955,SCoNE,0.01,0.5,/home/jupyter/repos/SCoNE/output/models/overdispersion_nu/tune_33
482,0.5140537246996795,0.8062911901635971,0.4397031544520788,1.0839965068059467,12,tune,2,33,0.5628290196083914,0.30925587438255664,0.9319216800145247,0.42726109991131833,0.8473669203913097,0.35411456840610817,0.8113045442988274,0.21349796666542317,0.5036083400181032,0.5803881667878436,0.9595547978576955,SCoNE,0.01,0.5,/home/jupyter/repos/SCoNE/output/models/overdispersion_nu/tune_33
483,0.5194023680942118,0.8091992869696721,0.4380237234388911,1.0836567477643877,13,tune,2,33,0.5461253966818126,0.29283420803647,0.9209925675947479,0.44090046207991657,0.8446119464934049,0.3580838687532735,0.7524983835480934,0.2107731487926178,0.5032513514365238,0.580405396327864,0.9595547978576955,SCoNE,0.01,0.5,/home/jupyter/repos/SCoNE/output/models/overdispersion_nu/tune_33
484,0.5118704713150245,0.8053156942691861,0.43692056124888545,1.0836004230148375,14,tune,2,33,0.5725822776658661,0.2988166274638859,0.9323389946882298,0.4233737284953747,0.8660389689866282,0.3671994643615757,0.8430482206459746,0.21937920289252288,0.5038158368381598,0.5797845861766777,0.9595547978576955,SCoNE,0.01,0.5,/home/jupyter/repos/SCoNE/output/models/overdispersion_nu/tune_33
485,0.6010168327098381,0.8373733010737598,0.4234699582278452,1.0836044431655072,15,tune,2,33,0.5708596204286521,0.3130675035734743,0.9249518045943468,0.4362370714288753,0.8755639911335514,0.3757738681502132,0.7595930808278056,0.20873059990394324,0.5044212855707793,0.5791831575947279,0.9595547978576955,SCoNE,0.01,0.5,/home/jupyter/repos/SCoNE/output/models/overdispersion_nu/tune_33
486,0.29810619335977423,0.7234857693518559,0.461001053774422,1.0996025205219797,16,tune,2,33,0.5642556815460434,0.3127984106861352,0.9308972314379836,0.42589767336169776,0.6922895088917795,0.3460948607252183,0.6840850333527997,0.1911074977143724,0.51809520368625,0.5815073168357296,0.9595547978576955,SCoNE,0.01,0.5,/home/jupyter/repos/SCoNE/output/models/overdispersion_nu/tune_33
487,0.5346716514906973,0.8116050989277858,0.43978556996086005,1.0847757141428294,17,tune,2,33,0.5416369662779509,0.29401036763187244,0.9011083651507588,0.42800735079970614,0.8731529271972035,0.3781383209344703,0.8294697074351649,0.2045274032556944,0.5001636464800152,0.5846120676628143,0.9595547978576955,SCoNE,0.01,0.5,/home/jupyter/repos/SCoNE/output/models/overdispersion_nu/tune_33
488,0.4156211979497248,0.7803303142423206,0.4496543389205212,1.0851691420631937,18,tune,2,33,0.5102820998784687,0.27934186572672187,0.911624806750421,0.45065363471933445,0.7512799542357975,0.3284705953196845,0.6920113401690584,0.211821563900938,0.5132456661829842,0.5719234758802096,0.9595547978576955,SCoNE,0.01,0.5,/home/jupyter/repos/SCoNE/output/models/overdispersion_nu/tune_33
489,0.5625758889242457,0.8236723884949482,0.4307146421542816,1.0829987653856779,19,tune,2,33,0.5754223951946095,0.2874928012890996,0.9218191498594572,0.44182884355830976,0.8640255398070535,0.4001728533936763,0.8091164378567222,0.20215058811644013,0.5014515074277863,0.5815472579578916,0.9595547978576955,SCoNE,0.01,0.5,/home/jupyter/repos/SCoNE/output/models/overdispersion_nu/tune_33
490,0.4534028943865203,0.7899226534819358,0.44595280069605386,1.0835160834744575,20,tune,2,33,0.5772283818514535,0.2952328876704199,0.9312456156965709,0.4503412567455426,0.8261245523538187,0.36326329194366447,0.7638009326846859,0.21153831726525396,0.5089956474397258,0.5745204360347317,0.9595547978576955,SCoNE,0.01,0.5,/home/jupyter/repos/SCoNE/output/models/overdispersion_nu/tune_33
491,0.5291901920175636,0.8116220612126595,0.4373195389650904,1.0845125058523468,21,tune,2,33,0.5650860122381421,0.2871175150578281,0.9189624714967304,0.4524651616255095,0.8846060921146932,0.37191486921813327,0.8603738266034805,0.20974633484323366,0.5013985406889336,0.5831139651634132,0.9595547978576955,SCoNE,0.01,0.5,/home/jupyter/repos/SCoNE/output/models/overdispersion_nu/tune_33
492,0.492682219357945,0.7950236061340774,0.43676668607521085,1.0896291947856456,22,tune,2,33,0.5141261835399015,0.3409341656334468,0.9224989802832961,0.43733307564396634,0.8180243732577601,0.3561642459240762,0.7972635134902936,0.21473360235853164,0.5160580575032743,0.5735711372823713,0.9595547978576955,SCoNE,0.01,0.5,/home/jupyter/repos/SCoNE/output/models/overdispersion_nu/tune_33
493,0.5892946064393182,0.8295528151992407,0.424959698016446,1.0845715836968317,23,tune,2,33,0.5909416029188245,0.27076064674535943,0.9277536701028861,0.4470182836408323,0.9321125527186397,0.3810252669102299,0.9436979204324597,0.22154359052646733,0.498710024378828,0.5858615593180037,0.9595547978576955,SCoNE,0.01,0.5,/home/jupyter/repos/SCoNE/output/models/overdispersion_nu/tune_33
494,0.4409108563616401,0.7849979298629911,0.4418972175491994,1.0838961713411912,24,tune,2,33,0.5694413738793871,0.2855118723806531,0.9379797999037471,0.4306375949841586,0.822246621682335,0.35832307515309253,0.7830997634993825,0.21502344339308307,0.5078959447839062,0.5760002265572851,0.9595547978576955,SCoNE,0.01,0.5,/home/jupyter/repos/SCoNE/output/models/overdispersion_nu/tune_33
495,0.5215057750430722,0.808393914036835,0.44252873470472764,1.0839655706525249,25,tune,2,33,0.5673442200374152,0.3235349420868187,0.9189283102356334,0.4320767105032604,0.8507805208601698,0.3930453468414415,0.7904698063722702,0.20743054726603308,0.502511625030966,0.5814539456215588,0.9595547978576955,SCoNE,0.01,0.5,/home/jupyter/repos/SCoNE/output/models/overdispersion_nu/tune_33
496,0.5766441665389969,0.8311802052889171,0.42925432837787747,1.0826036828970755,26,tune,2,33,0.5739407716301744,0.3176974495938267,0.9279337207290362,0.42298192274269153,0.8497584469548412,0.38465787975896654,0.7209988577193099,0.20709170805034674,0.5030206915850713,0.5795829913120043,0.9595547978576955,SCoNE,0.01,0.5,/home/jupyter/repos/SCoNE/output/models/overdispersion_nu/tune_33
497,0.5401815295684376,0.8113527734414084,0.43798551192148866,1.0842000661774651,27,tune,2,33,0.5622265728030713,0.2831605377898356,0.9225797820449677,0.43534008685811004,0.8546456196729998,0.3987498106342022,0.805365489486849,0.20599977016115031,0.5046399621582944,0.5795601040191707,0.9595547978576955,SCoNE,0.01,0.5,/home/jupyter/repos/SCoNE/output/models/overdispersion_nu/tune_33
498,0.49047553369773234,0.8023999321445887,0.4421879757859483,1.0843615724786382,28,tune,2,33,0.6118727142639118,0.27179991049980645,0.9575652490834067,0.4499082198752531,0.8336707498302055,0.3596877887629884,0.6981284964722133,0.20967120114381,0.5058839365109479,0.5784776359676903,0.9595547978576955,SCoNE,0.01,0.5,/home/jupyter/repos/SCoNE/output/models/overdispersion_nu/tune_33
499,0.46232214509085867,0.7949830517272525,0.44398184856652134,1.0831730631192868,29,tune,2,33,0.603345856786438,0.29334554768329063,0.9402407360539368,0.454003645382312,0.8400284106332392,0.36488418767000474,0.768184459659596,0.21798835145505915,0.5072306119722694,0.5759424511470175,0.9595547978576955,SCoNE,0.01,0.5,/home/jupyter/repos/SCoNE/output/models/overdispersion_nu/tune_33
500,0.47242943289599143,0.7988220793712476,0.4420655867128964,1.082523700762804,30,tune,2,33,0.5599694638545721,0.3016673454226468,0.9322423546024743,0.4323497675852435,0.8250545697267866,0.3623069677491469,0.712233677838701,0.2019287968764898,0.5071056771148051,0.5754180236479989,0.9595547978576955,SCoNE,0.01,0.5,/home/jupyter/repos/SCoNE/output/models/overdispersion_nu/tune_33
501,0.5014286174126741,0.804411719380311,0.438952851258916,1.0835923041537086,31,tune,2,33,0.5595969870740158,0.30292344801126647,0.9202075887972334,0.43287377513987724,0.833154425882747,0.34460307245525373,0.7307773527502731,0.21762039140307898,0.504604990604428,0.5789873135492806,0.9595547978576955,SCoNE,0.01,0.5,/home/jupyter/repos/SCoNE/output/models/overdispersion_nu/tune_33
502,0.5834738853162676,0.8265536723989748,0.4283119056861192,1.0833700103997832,32,tune,2,33,0.5656928501918017,0.32067020270786584,0.9178361452511422,0.44610879003179754,0.8576951855065534,0.35189016049748756,0.7682799541676624,0.23841942057664287,0.5026585499519215,0.5807114604478616,0.9595547978576955,SCoNE,0.01,0.5,/home/jupyter/repos/SCoNE/output/models/overdispersion_nu/tune_33
503,0.44683463644224214,0.7836510207430413,0.441276484123386,1.08223373731451,33,tune,2,33,0.632207167363591,0.2948419147504113,0.9686588597832835,0.4403170371866373,0.792954653369747,0.35020087237727987,0.6828196829279656,0.2018298277293474,0.5113607977084813,0.5708729396060285,0.9595547978576955,SCoNE,0.01,0.5,/home/jupyter/repos/SCoNE/output/models/overdispersion_nu/tune_33
504,0.4857124799199129,0.7991856253193885,0.4420511984048958,1.0834678578661756,34,tune,2,33,0.565582367404495,0.29523641977481063,0.9269073144623334,0.43331343866504335,0.8180962314208649,0.3540377310590715,0.6857807250325045,0.19417821927411605,0.5052964141472513,0.5781714437189244,0.9595547978576955,SCoNE,0.01,0.5,/home/jupyter/repos/SCoNE/output/models/overdispersion_nu/tune_33
505,0.305530227161245,0.7100766061293771,0.4502186721979182,1.09605669900209,35,tune,2,33,0.42362536666638984,0.31813679138468703,0.903218005981607,0.4147137209313753,0.740141469050457,0.3382729403650163,0.8276817275302015,0.23217418698850548,0.5210612101425378,0.5749954888595522,0.9595547978576955,SCoNE,0.01,0.5,/home/jupyter/repos/SCoNE/output/models/overdispersion_nu/tune_33
506,0.5406044854711631,0.8193526258510453,0.431037661369596,1.0825931397822925,36,tune,2,33,0.5766330640536319,0.2916201327154616,0.9323092398192998,0.4299620363916772,0.8445931852225299,0.39527396814544885,0.7465709711303214,0.2067319747375776,0.505731397186785,0.5768617425955077,0.9595547978576955,SCoNE,0.01,0.5,/home/jupyter/repos/SCoNE/output/models/overdispersion_nu/tune_33
507,0.5422241767803345,0.8166811811227959,0.43388093626145546,1.082623275205792,37,tune,2,33,0.5811388996694697,0.2868356632118906,0.9262365593594525,0.4419414699861964,0.8469897498778215,0.3588370944198129,0.7302788160150415,0.1963135006361536,0.5022779641740838,0.5803453110317083,0.9595547978576955,SCoNE,0.01,0.5,/home/jupyter/repos/SCoNE/output/models/overdispersion_nu/tune_33
508,0.521393963112822,0.8107516255288887,0.4387915255095891,1.083978544364055,38,tune,2,33,0.5267681200178979,0.28718990308634806,0.8940489004988155,0.4399862117530753,0.8414241928291983,0.40139665039500483,0.7421427764242018,0.18566831904528025,0.5028248478043982,0.5811536965596569,0.9595547978576955,SCoNE,0.01,0.5,/home/jupyter/repos/SCoNE/output/models/overdispersion_nu/tune_33
509,0.41489135015600115,0.771379020667548,0.4453543339406288,1.0839124356730432,39,tune,2,33,0.533138981627649,0.27938297099840964,0.9301717458768405,0.444301108493743,0.7604104445733785,0.35265854850830053,0.6688821159554206,0.17776303636225488,0.5146007475888458,0.5693116880841975,0.9595547978576955,SCoNE,0.01,0.5,/home/jupyter/repos/SCoNE/output/models/overdispersion_nu/tune_33
510,0.41958609303185485,0.7809899667238827,0.4475794397500223,1.0856417434833414,40,tune,2,33,0.5205332658508022,0.2882675690963223,0.9097636733417157,0.43268299256244946,0.7944630741658513,0.3463976212734923,0.7035375519532592,0.2049333346374061,0.5110944015944996,0.5745473418888417,0.9595547978576955,SCoNE,0.01,0.5,/home/jupyter/repos/SCoNE/output/models/overdispersion_nu/tune_33
511,0.5181965163164632,0.8078304925216336,0.440939591178134,1.08461361403302,41,tune,2,33,0.5639830843639327,0.2890823211244464,0.9210304733760486,0.4386406994522822,0.8695256047867319,0.35399462587248287,0.8644122684143829,0.23703833460968557,0.5019086840405097,0.5827049299925104,0.9595547978576955,SCoNE,0.01,0.5,/home/jupyter/repos/SCoNE/output/models/overdispersion_nu/tune_33
512,0.22924988388316517,0.6273071353541496,0.4541224210296704,1.093250935152954,42,tune,2,33,0.41469406545304194,0.29759964188903054,0.9700671277554767,0.4971002610602648,0.6802474853718357,0.30860678422374827,0.7263030913371347,0.19745372477838743,0.5335296104412485,0.5597213247117057,0.9595547978576955,SCoNE,0.01,0.5,/home/jupyter/repos/SCoNE/output/models/overdispersion_nu/tune_33
513,0.4675350821004612,0.7892551739111651,0.4398552579963171,1.0904898827615273,43,tune,2,33,0.5237396654731076,0.2928478486112821,0.909999651338972,0.435419784002676,0.7827895527472941,0.32945937196932007,0.7192642751642697,0.22248882815027457,0.515920573836911,0.5745693089246162,0.9595547978576955,SCoNE,0.01,0.5,/home/jupyter/repos/SCoNE/output/models/overdispersion_nu/tune_33
514,0.6184003537428945,0.8386991654754591,0.4187478100378202,1.082375014285161,44,tune,2,33,0.6154913852827607,0.28279549166101103,0.945508914390637,0.4449040746359054,0.8570954133626558,0.3933729505755993,0.7409223469022698,0.20321019057849882,0.5019181723324768,0.5804568419526842,0.9595547978576955,SCoNE,0.01,0.5,/home/jupyter/repos/SCoNE/output/models/overdispersion_nu/tune_33
515,0.33387311907078365,0.7347428865036705,0.44036259797258454,1.086161075797658,45,tune,2,33,0.5165350539843053,0.27342308438720203,0.9494426046611381,0.4535540133991113,0.7446713358448626,0.3303794896423464,0.7188605944002279,0.1915485389124893,0.5209485972880984,0.5652124785095596,0.9595547978576955,SCoNE,0.01,0.5,/home/jupyter/repos/SCoNE/output/models/overdispersion_nu/tune_33
516,0.5074487544321019,0.7960041884562526,0.44227930835039136,1.0850474825899257,46,tune,2,33,0.6128199523460515,0.28286367299204956,0.96947679990552,0.4518395049743668,0.8582092154128651,0.3558271242551785,0.8055341669632343,0.21142658153729715,0.5081052173672649,0.5769422652226607,0.9595547978576955,SCoNE,0.01,0.5,/home/jupyter/repos/SCoNE/output/models/overdispersion_nu/tune_33
517,0.5102161435347851,0.8064461247371175,0.4382912268204551,1.0840098497293136,47,tune,2,33,0.5823900128460091,0.3085813062603191,0.930104239482135,0.4239585773793413,0.852018954003581,0.39267908154620135,0.8025431049917936,0.22349260913133775,0.50134627499087,0.5826635747384435,0.9595547978576955,SCoNE,0.01,0.5,/home/jupyter/repos/SCoNE/output/models/overdispersion_nu/tune_33
518,0.5038838388527983,0.8074161069006708,0.43943563411646713,1.083770808284205,48,tune,2,33,0.5654546691632543,0.2855279738506782,0.9180099503654143,0.4330611959514947,0.8551970448804698,0.37087508156449817,0.8157928993277467,0.20400571517269,0.5035456671676292,0.5802251411165759,0.9595547978576955,SCoNE,0.01,0.5,/home/jupyter/repos/SCoNE/output/models/overdispersion_nu/tune_33
519,0.41234803637054385,0.7706498390925619,0.4433717733991431,1.084908317448534,49,tune,2,33,0.6199251202122793,0.2869514536779986,0.9744019896831534,0.45932938052849026,0.82394462451362,0.35113982787802217,0.8576242954106743,0.2042932451516647,0.5138024543529789,0.5711058630955553,0.9595547978576955,SCoNE,0.01,0.5,/home/jupyter/repos/SCoNE/output/models/overdispersion_nu/tune_33
520,0.6587299176388691,0.8428071332128203,0.4327346717984845,1.0348570930047072,0,tune,0,10,0.6131754400923455,0.2816681338437731,0.925872448022437,0.4444017382386066,0.9131351413345996,0.38055425906666096,0.9251266798446096,0.24861317407211098,0.494360416918205,0.5404966760865021,0.9746763480374742,SCoNE,0.1,0.0,/home/jupyter/repos/SCoNE/output/models/overdispersion_nu/tune_10
521,0.5305836817294693,0.8005913358937761,0.45353012774472495,1.0370393607563986,1,tune,0,10,0.5585477105431065,0.25851428962033524,0.8947308996489283,0.44159366201087297,0.8476452466689934,0.35036224332198346,0.8802619649902947,0.25159012420416405,0.4992776273670221,0.5377617333893766,0.9746763480374742,SCoNE,0.1,0.0,/home/jupyter/repos/SCoNE/output/models/overdispersion_nu/tune_10
522,0.5856654351169933,0.8189225353225162,0.4494970768422696,1.0365995830539212,2,tune,0,10,0.5478098668539072,0.29812516266247885,0.8659092616637126,0.411769823785476,0.889521036400125,0.36498901273633666,0.9119375219946453,0.23811695777157246,0.49442903195907845,0.5421705510948427,0.9746763480374742,SCoNE,0.1,0.0,/home/jupyter/repos/SCoNE/output/models/overdispersion_nu/tune_10
523,0.6348444731448866,0.8369779010824554,0.43796273743499553,1.0352394290546807,3,tune,0,10,0.5883829891258257,0.2879138186301323,0.9226937884715094,0.43281746291455453,0.9316352647910646,0.38565099291204474,0.9578340254498108,0.2293500040851165,0.49597403390770783,0.5392653951469728,0.9746763480374742,SCoNE,0.1,0.0,/home/jupyter/repos/SCoNE/output/models/overdispersion_nu/tune_10
524,0.2715844862641167,0.6595179425671039,0.4406053327414621,1.0518496152421828,4,tune,0,10,0.321272679020733,0.2341457808229282,0.9576947766405868,0.46171135102457767,0.8216597358693013,0.3704175036639591,0.9479493538648092,0.23320441936694325,0.5182247804278935,0.5336248348142891,0.9746763480374742,SCoNE,0.1,0.0,/home/jupyter/repos/SCoNE/output/models/overdispersion_nu/tune_10
525,0.49063087806746286,0.7921125331785052,0.4351601038212152,1.0439595478089456,5,tune,0,10,0.5462418471391379,0.3040517461506526,0.9490541957959846,0.4396256561877653,0.8199186962163079,0.34505423643097616,0.8677002117571772,0.24732222033011822,0.5138702058433811,0.5300893419655646,0.9746763480374742,SCoNE,0.1,0.0,/home/jupyter/repos/SCoNE/output/models/overdispersion_nu/tune_10
526,0.6604715600087477,0.8458611081738845,0.43375453996528107,1.0355148100460312,6,tune,0,10,0.5919312665042589,0.30715811118425757,0.9109554676043615,0.43921629775055093,0.8851198697208285,0.40737391568838943,0.8413544153565533,0.2636566292302868,0.49546801236843485,0.5400467976775962,0.9746763480374742,SCoNE,0.1,0.0,/home/jupyter/repos/SCoNE/output/models/overdispersion_nu/tune_10
527,0.5802909920991565,0.8211159595315441,0.44578795386197423,1.0357852877643567,7,tune,0,10,0.5919629970930668,0.29080863744635127,0.9191857461760893,0.45426363440372297,0.8761647707701402,0.38553933541317315,0.8922867364185512,0.23287874788809987,0.49649656884995047,0.5392887189144062,0.9746763480374742,SCoNE,0.1,0.0,/home/jupyter/repos/SCoNE/output/models/overdispersion_nu/tune_10
528,0.5830033440503204,0.822296857678477,0.4429335783463059,1.0353428244231022,8,tune,0,10,0.6192235541387202,0.26557610626557104,0.9297527170399045,0.4569404743693213,0.8844917697930084,0.37902506428425653,0.8687401042519793,0.2326538498466233,0.4965548183774757,0.5387880060456264,0.9746763480374742,SCoNE,0.1,0.0,/home/jupyter/repos/SCoNE/output/models/overdispersion_nu/tune_10
529,0.6402736035855379,0.8427570251205265,0.4305619188523248,1.0348746581982766,9,tune,0,10,0.6553797332075945,0.2988706453713428,0.9468567045360652,0.44695321909245433,0.914196341871795,0.4046321587368487,0.9295184024720601,0.2587052638485112,0.4951266140558859,0.5397480441423907,0.9746763480374742,SCoNE,0.1,0.0,/home/jupyter/repos/SCoNE/output/models/overdispersion_nu/tune_10
530,0.5687691087574751,0.8158556542034103,0.4475994739654181,1.0361776959781266,10,tune,0,10,0.5777724667328342,0.2750287181005063,0.9051508568396281,0.4421178545121113,0.8923085250618219,0.36705498716865265,0.9338265554876223,0.2564421792062498,0.49752299852173376,0.5386546974563928,0.9746763480374742,SCoNE,0.1,0.0,/home/jupyter/repos/SCoNE/output/models/overdispersion_nu/tune_10
531,0.5985934147442221,0.8216428954311469,0.44235222858081813,1.035753015707409,11,tune,0,10,0.5649257637275041,0.24778274989566562,0.8850497601258569,0.43615694248603454,0.9043394724465892,0.3446948038894966,0.9193819027509055,0.24935306547773314,0.4937243016484746,0.5420287140589345,0.9746763480374742,SCoNE,0.1,0.0,/home/jupyter/repos/SCoNE/output/models/overdispersion_nu/tune_10
532,0.5740389438016126,0.8192926359643238,0.4518684445274993,1.0366784052563862,12,tune,0,10,0.5204766458184606,0.2778759022460536,0.8532147585775234,0.422627907430204,0.8572343084771773,0.38370227508431737,0.8690542985748101,0.22364156006902786,0.496693560157553,0.5399848450988333,0.9746763480374742,SCoNE,0.1,0.0,/home/jupyter/repos/SCoNE/output/models/overdispersion_nu/tune_10
533,0.6092375065991403,0.8307943058275595,0.4441803441727721,1.038099844649969,13,tune,0,10,0.5042386558281676,0.30516308537483844,0.8492920618194566,0.41600199490970374,0.8486522159933253,0.39700763872908085,0.7260572061701698,0.218532605884877,0.5024103139680672,0.5356895306819017,0.9746763480374742,SCoNE,0.1,0.0,/home/jupyter/repos/SCoNE/output/models/overdispersion_nu/tune_10
534,0.5839881107456145,0.8170946383299906,0.4486090015177329,1.0367041121631786,14,tune,0,10,0.5540489436587982,0.28613389063380607,0.8981245202860785,0.4280791624373962,0.8689246770263247,0.3808002066873165,0.865835846392507,0.25389801974804693,0.4951198491128358,0.5415842630503427,0.9746763480374742,SCoNE,0.1,0.0,/home/jupyter/repos/SCoNE/output/models/overdispersion_nu/tune_10
535,0.5818351805850854,0.8178507924096867,0.44905804122213006,1.0361366860081218,15,tune,0,10,0.5646889529559221,0.2923138245527829,0.8906224980128978,0.42541618268351544,0.8688170472291296,0.37976083897559176,0.8328449963908434,0.22118841950289905,0.4957122991119849,0.5404243868961368,0.9746763480374742,SCoNE,0.1,0.0,/home/jupyter/repos/SCoNE/output/models/overdispersion_nu/tune_10
536,0.580732512625818,0.8234684558247836,0.43734153875903126,1.035167960101539,16,tune,0,10,0.6526469187431433,0.28062264481821225,0.9433203300076978,0.45558031979538605,0.8899461131218374,0.3806780173734239,0.9272868955072012,0.25380536786197466,0.4953331807299806,0.5398347793715585,0.9746763480374742,SCoNE,0.1,0.0,/home/jupyter/repos/SCoNE/output/models/overdispersion_nu/tune_10
537,0.5879153526874248,0.8223752189123467,0.4450024837516387,1.0358566231644384,17,tune,0,10,0.5755118476914697,0.28474894963503133,0.8972664714169093,0.4218771169505466,0.8905122150952319,0.35850747672701055,0.8861058405087837,0.22485706764766614,0.49488996009570746,0.5409666630687309,0.9746763480374742,SCoNE,0.1,0.0,/home/jupyter/repos/SCoNE/output/models/overdispersion_nu/tune_10
538,0.5306287886250612,0.8021700103245041,0.45619377381669257,1.0379997522108164,18,tune,0,10,0.4942340175084174,0.2903133578463688,0.8672928537860541,0.41952913354939014,0.8343841517755678,0.3529312084162668,0.8038399538269557,0.22088070051121952,0.4997551252385203,0.5382446269722962,0.9746763480374742,SCoNE,0.1,0.0,/home/jupyter/repos/SCoNE/output/models/overdispersion_nu/tune_10
539,0.5886785714326708,0.81734509691145,0.44783840056341484,1.0367162668999441,19,tune,0,10,0.6389562803303737,0.27202657078365866,0.934277621473389,0.45659477739771875,0.8761178952738837,0.3557830453604673,0.8660048565334609,0.23535490134199566,0.49730210842748507,0.5394141584724591,0.9746763480374742,SCoNE,0.1,0.0,/home/jupyter/repos/SCoNE/output/models/overdispersion_nu/tune_10
540,0.5696850801505514,0.8181997009463797,0.4450180169231526,1.0363204073920689,20,tune,0,10,0.5732631308357387,0.2759215262305917,0.9061532522745533,0.4299519762748488,0.8984617366363176,0.3592938758904613,0.945194367143694,0.24798443653008828,0.4948807795109242,0.5414396278811446,0.9746763480374742,SCoNE,0.1,0.0,/home/jupyter/repos/SCoNE/output/models/overdispersion_nu/tune_10
541,0.5840983682573874,0.8205466115926254,0.44813979796666203,1.0358850826954804,21,tune,0,10,0.5738658995747398,0.2846575823985528,0.9007324228161498,0.43312571081071377,0.8708633983400462,0.3776986654077033,0.8500925582981963,0.2202846445295229,0.49675318685924014,0.5391318958362402,0.9746763480374742,SCoNE,0.1,0.0,/home/jupyter/repos/SCoNE/output/models/overdispersion_nu/tune_10
542,0.6477856245348909,0.8438628413196722,0.4347552062427914,1.0352547602326494,22,tune,0,10,0.641816728519562,0.2788784383343865,0.9389616157415908,0.4418647402857059,0.8964119244011125,0.3962126704204709,0.8630736290122271,0.25003694987716013,0.49571069037397564,0.5395440698586736,0.9746763480374742,SCoNE,0.1,0.0,/home/jupyter/repos/SCoNE/output/models/overdispersion_nu/tune_10
543,0.591054054521394,0.8254735442520793,0.43718005910701385,1.0369833535806798,23,tune,0,10,0.5696500318612695,0.2925975707594722,0.8947022217344507,0.4186349908426476,0.8807429559992315,0.377328709054891,0.9025645084083327,0.24028585376974548,0.4922301948409024,0.5447531587397774,0.9746763480374742,SCoNE,0.1,0.0,/home/jupyter/repos/SCoNE/output/models/overdispersion_nu/tune_10
544,0.6454550153665447,0.8447810985357666,0.4317295324452088,1.0350204316483387,24,tune,0,10,0.6084718715248143,0.2694448577752867,0.9180762511464555,0.43235336577440475,0.9001750545041663,0.3970464764227946,0.8855141785193097,0.22959693015218977,0.49475661000570686,0.5402638216426318,0.9746763480374742,SCoNE,0.1,0.0,/home/jupyter/repos/SCoNE/output/models/overdispersion_nu/tune_10
545,0.629246555169079,0.8331845053401312,0.43776001949892207,1.035205995375493,25,tune,0,10,0.6310435988743667,0.2889498275559881,0.9325193714606426,0.4382232352756476,0.9054933822855202,0.3945898184977512,0.8956626315151123,0.24691144053830036,0.4941153039790432,0.5410906913964498,0.9746763480374742,SCoNE,0.1,0.0,/home/jupyter/repos/SCoNE/output/models/overdispersion_nu/tune_10
546,0.561432797438203,0.8135967857258276,0.44623902965134454,1.0364717023055325,26,tune,0,10,0.5563053571564214,0.2856939515028558,0.8912309517378906,0.4344571568758094,0.885614738098845,0.36957847523376297,0.9552581757959546,0.2326645238197105,0.49381822396848774,0.5426534783370448,0.9746763480374742,SCoNE,0.1,0.0,/home/jupyter/repos/SCoNE/output/models/overdispersion_nu/tune_10
547,0.5787415878870419,0.8204131885978169,0.4410280229175622,1.0357030382656767,27,tune,0,10,0.625326895113573,0.2691331704867276,0.935677566901561,0.4481651966349387,0.8935307294247476,0.3955609107744325,0.935905862529787,0.2421359595388454,0.4957728084966182,0.5399302297690586,0.9746763480374742,SCoNE,0.1,0.0,/home/jupyter/repos/SCoNE/output/models/overdispersion_nu/tune_10
548,0.27136009830087304,0.6735662166048075,0.4468037837432384,1.0506034081273352,28,tune,0,10,0.36090090925813717,0.24029553901557846,0.951650467614185,0.47459961170747933,0.7911716299757666,0.3676678435268795,0.9250093588838982,0.22186616994513442,0.5221295941188226,0.5284738140085126,0.9746763480374742,SCoNE,0.1,0.0,/home/jupyter/repos/SCoNE/output/models/overdispersion_nu/tune_10
549,0.5844599888358017,0.8193324347993958,0.44625484632290474,1.0356255380249926,29,tune,0,10,0.61754551785289,0.27091719128746666,0.9228655207155365,0.4462507658900084,0.8825776867494097,0.3781331528052092,0.9082841001475322,0.23873241823460295,0.49543798628060176,0.5401875517443907,0.9746763480374742,SCoNE,0.1,0.0,/home/jupyter/repos/SCoNE/output/models/overdispersion_nu/tune_10
550,0.582861464121184,0.8238160425428293,0.442386266018412,1.035667431372623,30,tune,0,10,0.6006501725280178,0.27324117144772436,0.9156375931499664,0.4488929872271549,0.8918264379346806,0.3724038898493336,0.9043768053462973,0.25272135531456447,0.49445634442571346,0.5412110869469097,0.9746763480374742,SCoNE,0.1,0.0,/home/jupyter/repos/SCoNE/output/models/overdispersion_nu/tune_10
551,0.581272671588745,0.820445756642777,0.44738162759422306,1.0357125187676572,31,tune,0,10,0.6142911604283701,0.27992121095152295,0.9246174321997831,0.4406792394372686,0.8866813834246925,0.37493159038934193,0.8819962452299003,0.23158471751521803,0.4955383170820571,0.5401742016856002,0.9746763480374742,SCoNE,0.1,0.0,/home/jupyter/repos/SCoNE/output/models/overdispersion_nu/tune_10
552,0.6487258418791986,0.8384428860608935,0.43543360981025103,1.0339017520231357,32,tune,0,10,0.6553106330602185,0.26793254533603034,0.9465044001011533,0.44943240599458745,0.9226048128960191,0.38009949956308303,0.9240388837067143,0.24604040978057026,0.49635530805546585,0.5375464439676699,0.9746763480374742,SCoNE,0.1,0.0,/home/jupyter/repos/SCoNE/output/models/overdispersion_nu/tune_10
553,0.6347880477144616,0.8434977774908804,0.4339504045462925,1.0360155182961233,33,tune,0,10,0.5745413127396951,0.32124883870842835,0.9108238664147784,0.4391961375085235,0.9063365321045913,0.3826155567508993,0.9093759314212018,0.24070497898657364,0.4982919079706143,0.5377236103255089,0.9746763480374742,SCoNE,0.1,0.0,/home/jupyter/repos/SCoNE/output/models/overdispersion_nu/tune_10
554,0.57120524854055,0.8173865761562145,0.44015905981880443,1.0353800863924896,34,tune,0,10,0.6564175523583475,0.30742456337821095,0.9456398122614221,0.44922901645978025,0.8917775528811731,0.36314330780489185,0.9331788134734453,0.25601520198060734,0.4954486914098981,0.5399313949825914,0.9746763480374742,SCoNE,0.1,0.0,/home/jupyter/repos/SCoNE/output/models/overdispersion_nu/tune_10
555,0.6089233351976739,0.8281517403986879,0.43958695443223766,1.0364720266360092,35,tune,0,10,0.5645650773835788,0.2605632763554925,0.8881419298231827,0.4247403457703225,0.9038090035764523,0.39083441469417046,0.9350421457603213,0.24339282599816653,0.49216086300663114,0.5443111636293781,0.9746763480374742,SCoNE,0.1,0.0,/home/jupyter/repos/SCoNE/output/models/overdispersion_nu/tune_10
556,0.6606652588623209,0.8452105679151529,0.4351227040596404,1.0354532778167829,36,tune,0,10,0.5570452704310335,0.281628649009253,0.8960324656191169,0.43078037981829453,0.9126335457729812,0.39035809792310255,0.8985622509826616,0.24425803848981215,0.4938767169455305,0.5415765608712523,0.9746763480374742,SCoNE,0.1,0.0,/home/jupyter/repos/SCoNE/output/models/overdispersion_nu/tune_10
557,0.6618514227765858,0.8446836736181226,0.43411469210983733,1.0352040624160783,37,tune,0,10,0.5941645683722131,0.2933559250145059,0.9040064895386676,0.42569431182882767,0.8946003510266936,0.3980902227829472,0.8819853257065517,0.22492273116965256,0.494802174566243,0.5404018878498352,0.9746763480374742,SCoNE,0.1,0.0,/home/jupyter/repos/SCoNE/output/models/overdispersion_nu/tune_10
558,0.5978451123360938,0.8296692492844756,0.4419598977474691,1.0376850675109548,38,tune,0,10,0.5469024409408371,0.28701031539750976,0.8645857767654388,0.4018567001812773,0.8617519698951512,0.38781696833210966,0.8579865351178085,0.2238724250653977,0.4934360434653653,0.5442490240455896,0.9746763480374742,SCoNE,0.1,0.0,/home/jupyter/repos/SCoNE/output/models/overdispersion_nu/tune_10
559,0.6430699333328463,0.8409357414161162,0.4338824177720811,1.0349940683339944,39,tune,0,10,0.6063914884859892,0.2800951943105523,0.9225980924901659,0.43878262395697953,0.9339722386984047,0.3797459647603611,0.9633697896050679,0.25439678368418694,0.49451185430703465,0.5404822140269597,0.9746763480374742,SCoNE,0.1,0.0,/home/jupyter/repos/SCoNE/output/models/overdispersion_nu/tune_10
560,0.6423932428037402,0.8420868597328935,0.43254596026515346,1.0351025842738566,40,tune,0,10,0.6264407084976577,0.2846657723496579,0.9276219102654375,0.4526909720269724,0.8968062832634232,0.4103746877607651,0.9132312141819138,0.22062415082075593,0.49498695954080646,0.5401156247330502,0.9746763480374742,SCoNE,0.1,0.0,/home/jupyter/repos/SCoNE/output/models/overdispersion_nu/tune_10
561,0.5835599595109302,0.8200775763331934,0.4459611856424332,1.0366899056004546,41,tune,0,10,0.558287772863275,0.3052321124545328,0.89146919914371,0.4029249540758004,0.8974775767151716,0.3636247577978142,0.9257447612132863,0.2398360800522186,0.49460786076894475,0.5420820448315098,0.9746763480374742,SCoNE,0.1,0.0,/home/jupyter/repos/SCoNE/output/models/overdispersion_nu/tune_10
562,0.5828642949377865,0.8177040136111083,0.4467025044307119,1.0365764288719348,42,tune,0,10,0.6326336745281703,0.27369158138361604,0.9420178351002684,0.45194577696022215,0.9001774390422957,0.36207943444072027,0.9557619846592693,0.22916699296056817,0.49502483121590224,0.5415515976560326,0.9746763480374742,SCoNE,0.1,0.0,/home/jupyter/repos/SCoNE/output/models/overdispersion_nu/tune_10
563,0.5862700907945886,0.8220814816792575,0.44248865568278306,1.03573639047229,43,tune,0,10,0.576046560897193,0.2695879562087891,0.8969930016802139,0.4227264887526512,0.8945744196255022,0.3658591468934967,0.919108061700523,0.2558958609368137,0.4948744466587659,0.5408619438135243,0.9746763480374742,SCoNE,0.1,0.0,/home/jupyter/repos/SCoNE/output/models/overdispersion_nu/tune_10
564,0.6540815773961633,0.8437534870893593,0.4304514029482268,1.0349645383261539,44,tune,0,10,0.6199558461777078,0.2800718811421885,0.9345717776295034,0.44574155505945606,0.945023022578398,0.36776262150873196,0.952702736797913,0.25343769145747574,0.4947053301441112,0.5402592081820425,0.9746763480374742,SCoNE,0.1,0.0,/home/jupyter/repos/SCoNE/output/models/overdispersion_nu/tune_10
565,0.6421298114258764,0.8472267337569404,0.4306692639407876,1.0363022818760932,45,tune,0,10,0.5352496145786934,0.3041046478623811,0.8685154335286621,0.4201445352048683,0.8913304163046524,0.36979599871447943,0.9001773568386525,0.2738064135332001,0.4957463163842679,0.5405559654918252,0.9746763480374742,SCoNE,0.1,0.0,/home/jupyter/repos/SCoNE/output/models/overdispersion_nu/tune_10
566,0.5499847630944802,0.8131634123181402,0.4514218800644428,1.036423763621946,46,tune,0,10,0.5779516183100174,0.26503467451924945,0.8970500313644476,0.44210766810758506,0.8807867594608728,0.3874210602130427,0.9042942745453588,0.2147446401090549,0.49809256943683844,0.5383311941851076,0.9746763480374742,SCoNE,0.1,0.0,/home/jupyter/repos/SCoNE/output/models/overdispersion_nu/tune_10
567,0.28452801798543703,0.6807769893192207,0.4536535828449226,1.0511734116826599,47,tune,0,10,0.3988460402709286,0.2798714794201807,0.9394955945721868,0.4510507535622497,0.7567040447508347,0.3391193833804739,0.922838887066734,0.23064851758967164,0.5197139074803282,0.5314595042023318,0.9746763480374742,SCoNE,0.1,0.0,/home/jupyter/repos/SCoNE/output/models/overdispersion_nu/tune_10
568,0.5474666113057172,0.8076122489670988,0.45273446654146055,1.0377195111576407,48,tune,0,10,0.5390945011863137,0.2794844824044581,0.8921348239678458,0.4207809968430347,0.8489632508810286,0.374480676579928,0.8729990715549804,0.24381692493687965,0.49784439770984595,0.5398751134477948,0.9746763480374742,SCoNE,0.1,0.0,/home/jupyter/repos/SCoNE/output/models/overdispersion_nu/tune_10
569,0.5512525700664441,0.8020933310415543,0.44578435065563354,1.0368503240196298,49,tune,0,10,0.7656930768902179,0.21971148489630207,0.9813198979480823,0.4629987571459132,0.8764031457845051,0.3561771005061369,0.895979804816809,0.24778338789915214,0.5030879850174333,0.5337623390021965,0.9746763480374742,SCoNE,0.1,0.0,/home/jupyter/repos/SCoNE/output/models/overdispersion_nu/tune_10
570,0.6482018081285356,0.8434161681696984,0.4339122624057221,1.0350047532612974,0,tune,0,9,0.5620853760431794,0.2973040817636686,0.8778727809306107,0.40582761862980915,0.9059460858704982,0.3931256856379434,0.9191697060118531,0.23290469453227383,0.4924208712934157,0.5425838819678817,0.9792365424396927,SCoNE,0.01,0.0,/home/jupyter/repos/SCoNE/output/models/overdispersion_nu/tune_9
571,0.49319019308896905,0.7947911973168625,0.45446466926773604,1.037829680941185,1,tune,0,9,0.5200551239195255,0.2837493909365765,0.86461415788084,0.40237416696343714,0.8391437961459435,0.3579415740154618,0.8772236968644934,0.24154985791013325,0.49915822801556,0.538671452925625,0.9792365424396927,SCoNE,0.01,0.0,/home/jupyter/repos/SCoNE/output/models/overdispersion_nu/tune_9
572,0.56410118164645,0.8158688053505307,0.4494592150688813,1.0365087596560816,2,tune,0,9,0.5435249763356754,0.30810485161124584,0.8694497637494117,0.4015472061267702,0.8778212565885211,0.3718464906354755,0.8868083643519395,0.22538478937431033,0.4955469854430715,0.5409617742130101,0.9792365424396927,SCoNE,0.01,0.0,/home/jupyter/repos/SCoNE/output/models/overdispersion_nu/tune_9
573,0.6252827669341109,0.8354672746871723,0.4419415790120885,1.0358815240810484,3,tune,0,9,0.5594748712315236,0.30821485837743745,0.9067789499347436,0.4030136159146964,0.9145753430503635,0.3848135633006253,0.9285047490251555,0.22536009293310535,0.49609053299117706,0.5397909910898713,0.9792365424396927,SCoNE,0.01,0.0,/home/jupyter/repos/SCoNE/output/models/overdispersion_nu/tune_9
574,0.5801229994104147,0.8226691933865485,0.4495137902754119,1.0362729215119435,4,tune,0,9,0.5374385145367172,0.30409071401259063,0.8563599440591431,0.3638900999652374,0.8559625864814986,0.3982892486698582,0.8216305481103076,0.22512123805373932,0.4953013230515874,0.540971598460356,0.9792365424396927,SCoNE,0.01,0.0,/home/jupyter/repos/SCoNE/output/models/overdispersion_nu/tune_9
575,0.4831992739446012,0.7912726341391194,0.4361183488200402,1.0445629460779293,5,tune,0,9,0.5280472338268845,0.3140099944939534,0.9322223205915319,0.4207153716052548,0.8265238717178496,0.35915404893210623,0.9083399453516346,0.23607717751831103,0.5119275486584203,0.5326353974195089,0.9792365424396927,SCoNE,0.01,0.0,/home/jupyter/repos/SCoNE/output/models/overdispersion_nu/tune_9
576,0.6605037932809724,0.8491896907044256,0.4326790397124,1.035595491068982,6,tune,0,9,0.5623234158605821,0.31655859636517464,0.8799644959823377,0.40978582298067595,0.880300947467012,0.40307733594607675,0.8394017125680839,0.26823307523148165,0.4940068791985594,0.5415886118704225,0.9792365424396927,SCoNE,0.01,0.0,/home/jupyter/repos/SCoNE/output/models/overdispersion_nu/tune_9
577,0.5915810658205121,0.8258304088312616,0.44554253041925107,1.0357982601088995,7,tune,0,9,0.5460981894775816,0.302561071031248,0.8874687203547086,0.42817183746306076,0.8678484827240885,0.3947328070813692,0.8724024189981732,0.2190133653768652,0.495282275122326,0.5405159849865735,0.9792365424396927,SCoNE,0.01,0.0,/home/jupyter/repos/SCoNE/output/models/overdispersion_nu/tune_9
578,0.6005171957249602,0.8285839325022729,0.44135572092077097,1.0352371881689104,8,tune,0,9,0.5988232597529056,0.28100859931716676,0.9136328416607022,0.43657157012496695,0.8722769702595689,0.39134812377502576,0.8408324162830716,0.2183920699167749,0.4957445427025266,0.5394926454663838,0.9792365424396927,SCoNE,0.01,0.0,/home/jupyter/repos/SCoNE/output/models/overdispersion_nu/tune_9
579,0.6461077175809113,0.8482985835229041,0.43356733142160353,1.035259916409107,9,tune,0,9,0.5527391281381914,0.3136954740457432,0.8770181731883275,0.4039009414652912,0.8922931975246248,0.418141465188125,0.8866844283187582,0.24324055942970874,0.49413457009703443,0.5411253463120725,0.9792365424396927,SCoNE,0.01,0.0,/home/jupyter/repos/SCoNE/output/models/overdispersion_nu/tune_9
580,0.5535022596241844,0.8138797160254135,0.4497341180635373,1.0372804081202416,10,tune,0,9,0.5266424078265446,0.2927782344025157,0.8649451161028465,0.4058697244044621,0.8554661119451666,0.37136288258863304,0.8422393772629935,0.25814943469517815,0.49785163334577853,0.5394287747744632,0.9792365424396927,SCoNE,0.01,0.0,/home/jupyter/repos/SCoNE/output/models/overdispersion_nu/tune_9
581,0.6072862708457859,0.8278712616379671,0.4397102557298422,1.0350157257141752,11,tune,0,9,0.6132765770083525,0.27196329988986007,0.917333612867998,0.43199401139437954,0.9090068022289177,0.37048573730442463,0.9222482326548961,0.2371767404610548,0.49477129638979395,0.5402444293243812,0.9792365424396927,SCoNE,0.01,0.0,/home/jupyter/repos/SCoNE/output/models/overdispersion_nu/tune_9
582,0.5832434836603787,0.8216100595722967,0.44724093484572813,1.0360633195390712,12,tune,0,9,0.5595558601566737,0.2873337803359195,0.885337542269026,0.4257938607180005,0.8813738669205694,0.3934963967457728,0.9287687100532185,0.22447490159032937,0.4954090107655623,0.5406543087735088,0.9792365424396927,SCoNE,0.01,0.0,/home/jupyter/repos/SCoNE/output/models/overdispersion_nu/tune_9
583,0.6218791279336331,0.841269480819648,0.43209459830253416,1.0383562295381532,13,tune,0,9,0.5239346801366961,0.3141189586353137,0.8866840067468479,0.422695282348578,0.8682341737802107,0.40627264420086034,0.833175147149174,0.2225568252596611,0.5046864130862108,0.5336698164519426,0.9792365424396927,SCoNE,0.01,0.0,/home/jupyter/repos/SCoNE/output/models/overdispersion_nu/tune_9
584,0.5729375428464435,0.8148076228823004,0.4520769608341538,1.0382413177751573,14,tune,0,9,0.5294341519029063,0.2815796666547521,0.8872195415067207,0.42200150536752934,0.8630266679385765,0.3854777377324082,0.8452772432463198,0.25039283972723464,0.4959512164410264,0.5422901013341308,0.9792365424396927,SCoNE,0.01,0.0,/home/jupyter/repos/SCoNE/output/models/overdispersion_nu/tune_9
585,0.5968310866133177,0.821932290098604,0.44566533412474607,1.0358063558465647,15,tune,0,9,0.5380490370235413,0.3058550870775584,0.8571771364569523,0.3911152661099896,0.8819850032983089,0.3973389716147683,0.8954675664072174,0.21075493635873152,0.4934763439863208,0.5423300118602439,0.9792365424396927,SCoNE,0.01,0.0,/home/jupyter/repos/SCoNE/output/models/overdispersion_nu/tune_9
586,0.5876185665512825,0.8275843067737173,0.4394098397836476,1.0357560656742317,16,tune,0,9,0.5864024226138127,0.3109328477093429,0.9056238341607769,0.42000266345307474,0.8757392891854083,0.38348098494893856,0.8980046581214639,0.24876210539595328,0.4941735967226187,0.541582468951613,0.9792365424396927,SCoNE,0.01,0.0,/home/jupyter/repos/SCoNE/output/models/overdispersion_nu/tune_9
587,0.6007361212571328,0.8291545143295314,0.4408040315333996,1.0354186270048862,17,tune,0,9,0.568634328259677,0.2922058935121738,0.8832167584310456,0.40453682553994513,0.912531782800907,0.3658259960507214,0.9317879151323709,0.2260614478467112,0.4934675438828503,0.5419510831220358,0.9792365424396927,SCoNE,0.01,0.0,/home/jupyter/repos/SCoNE/output/models/overdispersion_nu/tune_9
588,0.540882524970589,0.810326565733902,0.4530788383079812,1.0372268115211438,18,tune,0,9,0.5131240292038242,0.3018162783917704,0.865122291091021,0.40575998363458415,0.850774036892909,0.3641080048529178,0.8582715751292211,0.21808454763839333,0.4981460396561365,0.5390807718650072,0.9792365424396927,SCoNE,0.01,0.0,/home/jupyter/repos/SCoNE/output/models/overdispersion_nu/tune_9
589,0.5929495484222856,0.8170695967197744,0.4487671138378804,1.036876199214585,19,tune,0,9,0.6198161367428389,0.28235314175295273,0.9224291393986634,0.4430084458711007,0.8544622900463146,0.36478594281616167,0.7929138412217291,0.21280234589692268,0.4986026731308269,0.5382735260837581,0.9792365424396927,SCoNE,0.01,0.0,/home/jupyter/repos/SCoNE/output/models/overdispersion_nu/tune_9
590,0.5712679828704699,0.819563735456102,0.44744490377851176,1.0362924535556026,20,tune,0,9,0.5414991019549785,0.2929192908624429,0.8706231757601766,0.39558198464321576,0.8931825456484083,0.37378101467567304,0.9392867088719703,0.23294312130726133,0.4947595312767126,0.5415329222788899,0.9792365424396927,SCoNE,0.01,0.0,/home/jupyter/repos/SCoNE/output/models/overdispersion_nu/tune_9
591,0.5888500839989081,0.8252669273183411,0.4464565588151205,1.035729612393362,21,tune,0,9,0.5527252707892479,0.28775584755888417,0.8802954399730675,0.41754535040207935,0.8678910078218905,0.3842601184976281,0.8317594007531394,0.21340579037571242,0.49578552954578675,0.5399440828475752,0.9792365424396927,SCoNE,0.01,0.0,/home/jupyter/repos/SCoNE/output/models/overdispersion_nu/tune_9
592,0.6666378113243191,0.8502336373046333,0.43540077063531885,1.0354990470823482,22,tune,0,9,0.5473521734883044,0.285652757489395,0.8666966911039059,0.4043371899745186,0.9033875858610837,0.4113107182303336,0.8940772483884993,0.2358845288917114,0.49401764639318585,0.5414814006891624,0.9792365424396927,SCoNE,0.01,0.0,/home/jupyter/repos/SCoNE/output/models/overdispersion_nu/tune_9
593,0.601535532801783,0.8271925393916639,0.4355113572047209,1.0367233808616785,23,tune,0,9,0.5719618529158316,0.30651869230045803,0.9008774295763267,0.4091535959601348,0.8920480297815844,0.38588547506309007,0.932692260964055,0.23640603829366222,0.4918815753984948,0.5448418054631836,0.9792365424396927,SCoNE,0.01,0.0,/home/jupyter/repos/SCoNE/output/models/overdispersion_nu/tune_9
594,0.6450614852016262,0.8467402986422216,0.43402698599685374,1.0352999817030812,24,tune,0,9,0.5585941919769374,0.28857302570474497,0.8779826228640892,0.39739526100309,0.8800781371381468,0.38866123811791276,0.8240345696429988,0.22262582716886092,0.4939074714871294,0.5413925102159518,0.9792365424396927,SCoNE,0.01,0.0,/home/jupyter/repos/SCoNE/output/models/overdispersion_nu/tune_9
595,0.6095274848049022,0.8311531894797111,0.4438612676152728,1.0363508619858346,25,tune,0,9,0.5607447032793874,0.31631495032369095,0.8802784766742833,0.3894346580455934,0.8732998312902611,0.39815954048916596,0.8341767078459198,0.2290892083353418,0.49356053715975406,0.5427903248260805,0.9792365424396927,SCoNE,0.01,0.0,/home/jupyter/repos/SCoNE/output/models/overdispersion_nu/tune_9
596,0.5214178527541508,0.8044251896701764,0.4504465328008652,1.036901173652763,26,tune,0,9,0.5493188372390482,0.2921399458185415,0.9021413961105824,0.4331938748928812,0.8651705208852251,0.37134713546841774,0.9314917820583781,0.21914347839503634,0.4968162254382051,0.5400849482145579,0.9792365424396927,SCoNE,0.01,0.0,/home/jupyter/repos/SCoNE/output/models/overdispersion_nu/tune_9
597,0.5776291532252291,0.8215372149704372,0.44620256357680416,1.0368473021651714,27,tune,0,9,0.5625707465122843,0.28431998438648054,0.9003249899055552,0.4192922732295164,0.8503178092538737,0.39613953308929567,0.8348979323002967,0.22797791211760224,0.4960453045897831,0.5408019975753883,0.9792365424396927,SCoNE,0.01,0.0,/home/jupyter/repos/SCoNE/output/models/overdispersion_nu/tune_9
598,0.27861426900212916,0.6753054632667573,0.45179373588132454,1.0518516946140473,28,tune,0,9,0.3586101035089011,0.25836771881264037,0.9331374098374519,0.44994498178491277,0.7823857828368952,0.38123002195394784,0.8978554172022337,0.2053689708359532,0.5191124374696333,0.5327392571444138,0.9792365424396927,SCoNE,0.01,0.0,/home/jupyter/repos/SCoNE/output/models/overdispersion_nu/tune_9
599,0.5866370965026437,0.8214218467073321,0.44846268425542735,1.0361283077752663,29,tune,0,9,0.5687281858061504,0.2918102118849197,0.8905611868942869,0.41562411295172397,0.873924793482754,0.3872402307620922,0.8898998517657998,0.22635248557547727,0.49506150043552777,0.5410668073397384,0.9792365424396927,SCoNE,0.01,0.0,/home/jupyter/repos/SCoNE/output/models/overdispersion_nu/tune_9
600,0.5879636571324808,0.8231607716143626,0.4459435117550728,1.0359924455030205,30,tune,0,9,0.5633274299684616,0.28603293669897084,0.8879942464396322,0.42477001986775165,0.8800851447223994,0.3813346305389794,0.888734894774953,0.23784760653153036,0.49524218254378416,0.5407502629592362,0.9792365424396927,SCoNE,0.01,0.0,/home/jupyter/repos/SCoNE/output/models/overdispersion_nu/tune_9
601,0.5969353000124431,0.8291993294262044,0.44433771097539837,1.0355192367288093,31,tune,0,9,0.6062577467374838,0.3044686013835214,0.9171944402670322,0.4138206672495455,0.8880093569103679,0.39470200818894113,0.8722142210591224,0.21110835298835642,0.49517071843105886,0.5403485182977503,0.9792365424396927,SCoNE,0.01,0.0,/home/jupyter/repos/SCoNE/output/models/overdispersion_nu/tune_9
602,0.6332339928818478,0.8414484981543603,0.4321092434860915,1.0337983441917993,32,tune,0,9,0.6441757906369636,0.2847701375788135,0.9409222100314248,0.43069673442749634,0.9224717344111887,0.38256984406361483,0.932406582447883,0.24658903372388072,0.49483218720239563,0.5389661569894036,0.9792365424396927,SCoNE,0.01,0.0,/home/jupyter/repos/SCoNE/output/models/overdispersion_nu/tune_9
603,0.5900238993128182,0.8278790005636733,0.4448088396438362,1.0357247266670169,33,tune,0,9,0.5334030348198527,0.31459628235653975,0.8558785668310157,0.403984927621206,0.8916372815218607,0.39143662937106255,0.915373647831869,0.21969929028112653,0.4939274050498767,0.5417973216171401,0.9792365424396927,SCoNE,0.01,0.0,/home/jupyter/repos/SCoNE/output/models/overdispersion_nu/tune_9
604,0.5556805311611513,0.8122967101577073,0.44482615700296585,1.0372937304722651,34,tune,0,9,0.5459209453733155,0.312153973096196,0.8764062811735973,0.4075604035653155,0.8711511765951812,0.369792625608206,0.9193870248124276,0.2474606241979276,0.4950782724093445,0.5422154580629206,0.9792365424396927,SCoNE,0.01,0.0,/home/jupyter/repos/SCoNE/output/models/overdispersion_nu/tune_9
605,0.5992693221355756,0.8293287555597498,0.44083170457508175,1.0361978510489698,35,tune,0,9,0.5616129040432206,0.276592478721188,0.8749090943487453,0.4021573570390501,0.8902441320159922,0.4027439881762186,0.9116088515647142,0.2300425652641737,0.4925744328598181,0.5436234181891516,0.9792365424396927,SCoNE,0.01,0.0,/home/jupyter/repos/SCoNE/output/models/overdispersion_nu/tune_9
606,0.6690802353449082,0.8496772926855131,0.43428437497832895,1.035676599627904,36,tune,0,9,0.5267434917282241,0.29600588348845713,0.8691094751233478,0.40465354155647326,0.9103617249110002,0.408677266003245,0.9039037421617159,0.2289228576806857,0.49331321413002793,0.5423633854978761,0.9792365424396927,SCoNE,0.01,0.0,/home/jupyter/repos/SCoNE/output/models/overdispersion_nu/tune_9
607,0.6546216597253964,0.8451874468231224,0.4325168078281725,1.0346564825837923,37,tune,0,9,0.6012087230431259,0.30283195202150526,0.9105340361787064,0.4211784955833383,0.9153085941969373,0.4061901804376924,0.9423073118907488,0.2240931356494295,0.4948782003349143,0.539778282248878,0.9792365424396927,SCoNE,0.01,0.0,/home/jupyter/repos/SCoNE/output/models/overdispersion_nu/tune_9
608,0.6310965006584452,0.8392130309086835,0.43343447803862634,1.0360734190902994,38,tune,0,9,0.5874482398040047,0.296318373767013,0.9014160368207744,0.40669470424448456,0.8942477891090156,0.39825239162266024,0.9225404289426589,0.22419893376185704,0.4922591974662679,0.5438142216240316,0.9792365424396927,SCoNE,0.01,0.0,/home/jupyter/repos/SCoNE/output/models/overdispersion_nu/tune_9
609,0.6447504617319209,0.8420650223695703,0.435476389481143,1.0348967986812312,39,tune,0,9,0.5805698610541591,0.2868468533148737,0.9116086493422437,0.4275390675235526,0.9218615169103875,0.38362306002395774,0.9435061994778431,0.24922970702572933,0.4944720564065672,0.540424742274664,0.9792365424396927,SCoNE,0.01,0.0,/home/jupyter/repos/SCoNE/output/models/overdispersion_nu/tune_9
610,0.631351085389436,0.8432012183073366,0.4341904131004316,1.0354004733445492,40,tune,0,9,0.5889156345606229,0.3076649283112605,0.9043625782415589,0.42430346447473516,0.8926861032881608,0.41072756298012064,0.9114832503971216,0.21830741615391677,0.4940451944039897,0.5413552789405596,0.9792365424396927,SCoNE,0.01,0.0,/home/jupyter/repos/SCoNE/output/models/overdispersion_nu/tune_9
611,0.5582900853379879,0.814348279328006,0.44864335889173357,1.0381611231559271,41,tune,0,9,0.5145593599900501,0.31086590144491777,0.8479754584627587,0.38449500876323595,0.8752235040352865,0.3716831274490681,0.8540033158187398,0.2343069530560125,0.49660470691002156,0.5415564162459056,0.9792365424396927,SCoNE,0.01,0.0,/home/jupyter/repos/SCoNE/output/models/overdispersion_nu/tune_9
612,0.5717809242656812,0.8167389440886043,0.45278364003128047,1.0383916079175184,42,tune,0,9,0.5584119636565483,0.2878455700410465,0.9127350221465299,0.429192534546097,0.8764678987514118,0.37104890568077004,0.9085449082014282,0.22147008131199467,0.49576978832673413,0.5426218195907844,0.9792365424396927,SCoNE,0.01,0.0,/home/jupyter/repos/SCoNE/output/models/overdispersion_nu/tune_9
613,0.5949015293780038,0.8284302765683089,0.44018586883465116,1.035489351199307,43,tune,0,9,0.5682277079478599,0.2868046124911372,0.8859014311434505,0.39919660517671524,0.8958278364891545,0.3763619295583483,0.898724164920364,0.24733511292994884,0.4938709483893784,0.5416184028099286,0.9792365424396927,SCoNE,0.01,0.0,/home/jupyter/repos/SCoNE/output/models/overdispersion_nu/tune_9
614,0.6699780427467794,0.8457657724314901,0.432040974419675,1.0348915093348119,44,tune,0,9,0.6007829388488191,0.292361946147893,0.9208694210759615,0.42958792942451346,0.932394185468249,0.37360354722973016,0.9291191010634174,0.2511235603652145,0.4944810731324852,0.5404104362023266,0.9792365424396927,SCoNE,0.01,0.0,/home/jupyter/repos/SCoNE/output/models/overdispersion_nu/tune_9
615,0.6461112399701192,0.8482359420170035,0.42905252225718604,1.035987941485422,45,tune,0,9,0.5703936374886088,0.3262957841300775,0.8992955199642066,0.41115567982546525,0.8971644171893401,0.3757800724115924,0.9104954270880791,0.2714137933906054,0.49569790451364326,0.5402900369717789,0.9792365424396927,SCoNE,0.01,0.0,/home/jupyter/repos/SCoNE/output/models/overdispersion_nu/tune_9
616,0.565898850847822,0.8176619495118502,0.45073479426032526,1.035840588230582,46,tune,0,9,0.5675084331086383,0.27669459682856734,0.8867613722658103,0.42301410002244416,0.8785036804182557,0.3944617422250902,0.896458552781023,0.2049633410569993,0.4970096504107824,0.5388309378197996,0.9792365424396927,SCoNE,0.01,0.0,/home/jupyter/repos/SCoNE/output/models/overdispersion_nu/tune_9
617,0.2891453005639598,0.6859069495924737,0.4592368266998548,1.052458101226327,47,tune,0,9,0.4059560520713144,0.2888463979389839,0.9225814508028176,0.42998863134113763,0.7452090485942201,0.3387166654061459,0.8773255317516069,0.22383501686725182,0.5164962198429163,0.5359618813834107,0.9792365424396927,SCoNE,0.01,0.0,/home/jupyter/repos/SCoNE/output/models/overdispersion_nu/tune_9
618,0.5747696733604761,0.8204729838728732,0.450944163208009,1.037214615455766,48,tune,0,9,0.5620556979936989,0.2982290050431139,0.8904870050931845,0.39783167391914526,0.8461428602302516,0.3900168812511125,0.8175233457128969,0.2193088124503031,0.49608089398553973,0.5411337214702262,0.9792365424396927,SCoNE,0.01,0.0,/home/jupyter/repos/SCoNE/output/models/overdispersion_nu/tune_9
619,0.2750054532740779,0.7035948302414331,0.4466936030426054,1.0503468130726632,49,tune,0,9,0.4118374935498006,0.26834882297218265,0.9622794722597088,0.46990441758341495,0.7500246416344685,0.34491400914432546,0.8881583433114058,0.2441325305292681,0.5211892157345639,0.5291575973380994,0.9792365424396927,SCoNE,0.01,0.0,/home/jupyter/repos/SCoNE/output/models/overdispersion_nu/tune_9
620,0.46530362508673007,0.7926039773267732,0.44200750137845723,1.0833180594465475,0,tune,2,32,0.5495122739848383,0.30744398464381006,0.926240708218493,0.4354967467978561,0.7910737435180638,0.3616223322387957,0.6749523337125083,0.17310349593485097,0.5102292973963096,0.5730887620502378,0.9361101097159938,SCoNE,0.001,0.5,/home/jupyter/repos/SCoNE/output/models/overdispersion_nu/tune_32
621,0.383307239936068,0.76014692697464,0.44562647304283265,1.086469900565504,1,tune,2,32,0.5023629590211711,0.2771772602426311,0.9282263238844061,0.4502012199267058,0.8087118722254736,0.3151283472956089,0.8880540324759837,0.21877394481415144,0.5141245898559054,0.5723453107095986,0.9361101097159938,SCoNE,0.001,0.5,/home/jupyter/repos/SCoNE/output/models/overdispersion_nu/tune_32
622,0.4639528355045638,0.7947473864419692,0.444092008755262,1.0845780915769425,2,tune,2,32,0.5332321295969141,0.30070035052863486,0.9081676021166473,0.41935151091876194,0.8435518075849897,0.35428303690114527,0.8111834128615767,0.19684357262940566,0.5054568942708394,0.5791211973061032,0.9361101097159938,SCoNE,0.001,0.5,/home/jupyter/repos/SCoNE/output/models/overdispersion_nu/tune_32
623,0.4885166236424697,0.798420099651146,0.44591266141962854,1.0847080501599269,3,tune,2,32,0.5334082492931004,0.29429738748074,0.9070188628933081,0.4202516838537598,0.8430191821355199,0.35929579144715307,0.8016518682692471,0.2193489620213292,0.5066230420766843,0.5780850080832425,0.9361101097159938,SCoNE,0.001,0.5,/home/jupyter/repos/SCoNE/output/models/overdispersion_nu/tune_32
624,0.5878011652550655,0.8265969684476292,0.4328287244485777,1.0825345329462528,4,tune,2,32,0.5994621890296207,0.29727916984220554,0.9381753196859598,0.44243722166623245,0.8437164667142115,0.389161812571421,0.694066932664335,0.17684929763069282,0.5044216620385803,0.5781128709076725,0.9361101097159938,SCoNE,0.001,0.5,/home/jupyter/repos/SCoNE/output/models/overdispersion_nu/tune_32
625,0.25963104316838775,0.6744884411275814,0.45706252658745283,1.0943020790301372,5,tune,2,32,0.46784469200020434,0.31580896303263073,0.9412490632098399,0.46154690133474907,0.6894513196989251,0.3155147063786097,0.7358646116025332,0.20541363251673175,0.5260246450991011,0.5682774339310361,0.9361101097159938,SCoNE,0.001,0.5,/home/jupyter/repos/SCoNE/output/models/overdispersion_nu/tune_32
626,0.5268852712838072,0.8118435172532729,0.43758916105223633,1.0842402992670412,6,tune,2,32,0.5294580033787538,0.29127093315826513,0.8922723530717351,0.4149855367149946,0.8598790420667078,0.36264156532649655,0.7867918544039386,0.220695494513477,0.5014472463016143,0.5827930529654268,0.9361101097159938,SCoNE,0.001,0.5,/home/jupyter/repos/SCoNE/output/models/overdispersion_nu/tune_32
627,0.4347300184345705,0.7943248683908842,0.448247508698805,1.0847527142638467,7,tune,2,32,0.509054559964155,0.30440437593861813,0.8656989083992607,0.39006995539687045,0.8213931455267969,0.3545534172628186,0.7127697734557297,0.21129658939204518,0.5060191422931207,0.578733571970726,0.9361101097159938,SCoNE,0.001,0.5,/home/jupyter/repos/SCoNE/output/models/overdispersion_nu/tune_32
628,0.21537948449160457,0.5978204364046795,0.44105124123023776,1.0896085989646316,8,tune,2,32,0.3723637851710599,0.2720996864038605,0.9727975860448939,0.49429324013526027,0.6960838809695011,0.32531493985647186,0.7784905983652518,0.2236348994670639,0.5339094997548957,0.5556990992097359,0.9361101097159938,SCoNE,0.001,0.5,/home/jupyter/repos/SCoNE/output/models/overdispersion_nu/tune_32
629,0.23897610544121484,0.6474082283710733,0.4483952087867125,1.0916025200273372,9,tune,2,32,0.48784678956588984,0.29539194256186335,0.9711690431422808,0.4925304356936089,0.6942040641615738,0.31882129721417074,0.7799087791063425,0.21171184841899854,0.5285330337945034,0.5630694862328337,0.9361101097159938,SCoNE,0.001,0.5,/home/jupyter/repos/SCoNE/output/models/overdispersion_nu/tune_32
630,0.4941664407647099,0.8039106902123282,0.44142463673321897,1.0826895814416213,10,tune,2,32,0.5801718762983423,0.3058057131523769,0.9255248032640168,0.45115844885882617,0.8361466615153169,0.36682115159520573,0.732777727665077,0.17715726099069948,0.5061784627105943,0.576511118731027,0.9361101097159938,SCoNE,0.001,0.5,/home/jupyter/repos/SCoNE/output/models/overdispersion_nu/tune_32
631,0.32180333394827504,0.7322282137141799,0.44393832316213333,1.0828964250820179,11,tune,2,32,0.5629098801433041,0.2700775360716648,0.9843528698377322,0.49668700574139735,0.7262538276658093,0.33096269473494483,0.7021476467061323,0.20168046979171197,0.5325399112522144,0.5503565138298033,0.9361101097159938,SCoNE,0.001,0.5,/home/jupyter/repos/SCoNE/output/models/overdispersion_nu/tune_32
632,0.601163400817817,0.8356106778563476,0.42380439841664674,1.082629202393271,12,tune,2,32,0.606162322875068,0.30156553000474967,0.9435061316316298,0.4514052478378456,0.8798960148066253,0.38618186154704337,0.8068150839547581,0.20748940812358696,0.5029712192824166,0.5796579831108545,0.9361101097159938,SCoNE,0.001,0.5,/home/jupyter/repos/SCoNE/output/models/overdispersion_nu/tune_32
633,0.5541526428291338,0.822659512928017,0.4278822115198048,1.083392614498678,13,tune,2,32,0.5660745580400189,0.30177192651267903,0.9215711144482366,0.4464892177975562,0.8863082033148645,0.39363089932931233,0.8633829209123867,0.2077601869954889,0.5016061570914762,0.5817864574072018,0.9361101097159938,SCoNE,0.001,0.5,/home/jupyter/repos/SCoNE/output/models/overdispersion_nu/tune_32
634,0.4361094719210933,0.7881918892508766,0.44671709779166346,1.0835899368213373,14,tune,2,32,0.5528218039897861,0.3001621596405699,0.921183633825952,0.4178959247107484,0.8150613079166911,0.3309237279981112,0.7062435934832287,0.18546311173924124,0.5100434367903818,0.5735465000309554,0.9361101097159938,SCoNE,0.001,0.5,/home/jupyter/repos/SCoNE/output/models/overdispersion_nu/tune_32
635,0.4375405993789753,0.7832803435772496,0.4478913195520138,1.0852395182973287,15,tune,2,32,0.5514108311059638,0.2937088288957544,0.9279674546769984,0.4332436729538854,0.8055729674689435,0.3502672326317208,0.806950649707918,0.21296557994781037,0.5114729453388307,0.573766572958498,0.9361101097159938,SCoNE,0.001,0.5,/home/jupyter/repos/SCoNE/output/models/overdispersion_nu/tune_32
636,0.5113737941381652,0.8054983916469842,0.43518183936404675,1.082023095680496,16,tune,2,32,0.6245487332546729,0.30991813823953046,0.9508162595880816,0.4485108541422067,0.8475507809694017,0.3699811133396744,0.7725808069729687,0.18770721731014894,0.5054257432901264,0.5765973523903695,0.9361101097159938,SCoNE,0.001,0.5,/home/jupyter/repos/SCoNE/output/models/overdispersion_nu/tune_32
637,0.2511916445503739,0.645670029272959,0.4354687491452383,1.0920931863045538,17,tune,2,32,0.3211631193605863,0.23396341701392098,0.9671532999104827,0.4767478172995277,0.7133939280573915,0.322756126331215,0.8826825295544033,0.22531392388961818,0.5300839975378143,0.5620091887667393,0.9361101097159938,SCoNE,0.001,0.5,/home/jupyter/repos/SCoNE/output/models/overdispersion_nu/tune_32
638,0.36691241920658035,0.7550567917021961,0.4529621538471911,1.0871405705311248,18,tune,2,32,0.44919332526017824,0.2737543818697223,0.8836481203151747,0.4228173029968232,0.7484115326875396,0.320004798769884,0.6712059510142128,0.19970061414435974,0.51661797331053,0.5705225972205946,0.9361101097159938,SCoNE,0.001,0.5,/home/jupyter/repos/SCoNE/output/models/overdispersion_nu/tune_32
639,0.5562613469546844,0.8238301082886926,0.43318670885754906,1.0832316833210318,19,tune,2,32,0.5553579049417408,0.29088226359240693,0.9173517434679637,0.43402772698678516,0.8444055257860315,0.3729968617176825,0.7241628588091567,0.20170170044484587,0.5029476011524243,0.5802840821686076,0.9361101097159938,SCoNE,0.001,0.5,/home/jupyter/repos/SCoNE/output/models/overdispersion_nu/tune_32
640,0.5665667624994402,0.8223164723791648,0.4289175480976817,1.0830836653797073,20,tune,2,32,0.582574016336383,0.28429012179456004,0.9283620323072144,0.4338994490250004,0.8688818881573921,0.3762064213581409,0.7856572501660712,0.2320960576223378,0.5012817685972775,0.5818018967824299,0.9361101097159938,SCoNE,0.001,0.5,/home/jupyter/repos/SCoNE/output/models/overdispersion_nu/tune_32
641,0.5942049874624241,0.8364272430603885,0.42316513422206525,1.082235625934827,21,tune,2,32,0.6018245459142885,0.2815563241602072,0.9391258101867225,0.4504831737553932,0.8508184414649275,0.38359087938751907,0.7137431052620559,0.21496049144497184,0.5020550494649038,0.580180576469923,0.9361101097159938,SCoNE,0.001,0.5,/home/jupyter/repos/SCoNE/output/models/overdispersion_nu/tune_32
642,0.5109884356182225,0.8039821728416765,0.4416665465053758,1.0825705020820937,22,tune,2,32,0.6105744629614152,0.29997421113408473,0.9487587718454062,0.41730499997978726,0.8146714844285758,0.37591057375748543,0.6770128201441451,0.17265623285434276,0.5072401561075371,0.5753303459745566,0.9361101097159938,SCoNE,0.001,0.5,/home/jupyter/repos/SCoNE/output/models/overdispersion_nu/tune_32
643,0.48203759135318536,0.8013378010233442,0.4408512907441782,1.0842333792361933,23,tune,2,32,0.5256154491957408,0.2971837449192655,0.8937375057485057,0.43181273746063875,0.8383279795475262,0.3759021757576106,0.7699991664255468,0.19136084710181667,0.5066653681353199,0.5775680111008733,0.9361101097159938,SCoNE,0.001,0.5,/home/jupyter/repos/SCoNE/output/models/overdispersion_nu/tune_32
644,0.5798894618630014,0.8309697074812292,0.41841827287977407,1.0844961010907426,24,tune,2,32,0.5753473466633594,0.3086969998949681,0.9532128730036525,0.44913320406156226,0.8428757882661829,0.3688468330686383,0.6863599965670806,0.19295859827409076,0.5117307538483992,0.5727653472423433,0.9361101097159938,SCoNE,0.001,0.5,/home/jupyter/repos/SCoNE/output/models/overdispersion_nu/tune_32
645,0.2022090033350486,0.6329542301487626,0.4579418650368792,1.094856847107818,25,tune,2,32,0.35726408357180306,0.25441200827454613,0.9450298726162616,0.4773104935387547,0.5546187223896021,0.28348647398135046,0.7606544458273748,0.22751869393308635,0.5307644990334309,0.564092348074387,0.9361101097159938,SCoNE,0.001,0.5,/home/jupyter/repos/SCoNE/output/models/overdispersion_nu/tune_32
646,0.45416615223128304,0.7866235184539654,0.4508198879454188,1.0842930463279827,26,tune,2,32,0.5571714474912894,0.2853990268413318,0.9350081497851662,0.460159358273188,0.8001635471658202,0.354047964709647,0.6788437500954269,0.1912710959580249,0.5138559137873859,0.5704371325405968,0.9361101097159938,SCoNE,0.001,0.5,/home/jupyter/repos/SCoNE/output/models/overdispersion_nu/tune_32
647,0.4892033925296726,0.7964809229188685,0.44636316080508215,1.0847515151253124,27,tune,2,32,0.5422715364180974,0.3021500452359537,0.9128423090881354,0.4450187760526586,0.808934047150201,0.358375484564074,0.7398846277877894,0.21971101347463964,0.5097518152549589,0.5749996998703534,0.9361101097159938,SCoNE,0.001,0.5,/home/jupyter/repos/SCoNE/output/models/overdispersion_nu/tune_32
648,0.21713069033650192,0.610580255042663,0.44487906261697413,1.091983090259192,28,tune,2,32,0.3437866937020705,0.2947624735659104,0.9624845003768927,0.45733713442081286,0.6860605716153969,0.29838917409822413,0.8266601789150138,0.21585807231718848,0.5310366293982572,0.5609464608609349,0.9361101097159938,SCoNE,0.001,0.5,/home/jupyter/repos/SCoNE/output/models/overdispersion_nu/tune_32
649,0.2685625641058968,0.6801466235249602,0.43839166821995024,1.089802905182717,29,tune,2,32,0.3706489569150149,0.23634637121706198,0.978924357857767,0.49573149167112235,0.685505908607279,0.3164771288933711,0.7488273232637422,0.19006414259411397,0.5315187378275968,0.5582841673551201,0.9361101097159938,SCoNE,0.001,0.5,/home/jupyter/repos/SCoNE/output/models/overdispersion_nu/tune_32
650,0.5695471653166044,0.825971493789632,0.4312863451107013,1.0842630315385455,30,tune,2,32,0.5117290822910008,0.28697609700380045,0.8785568980866801,0.41766954978500803,0.8607940874048404,0.37751054189600064,0.770310845891742,0.18922065293686782,0.5026320878700907,0.5816309436684548,0.9361101097159938,SCoNE,0.001,0.5,/home/jupyter/repos/SCoNE/output/models/overdispersion_nu/tune_32
651,0.5949763897773334,0.8290800213286398,0.4317804861184339,1.0824860458135566,31,tune,2,32,0.6106750074921132,0.2929434892991033,0.942611097874505,0.4406353728389451,0.8500488523853313,0.38894345810709025,0.7293299863350176,0.1669558369731982,0.5035348426185355,0.578951203195021,0.9361101097159938,SCoNE,0.001,0.5,/home/jupyter/repos/SCoNE/output/models/overdispersion_nu/tune_32
652,0.4912605773194229,0.8022476385578226,0.4406698877143559,1.0838822639648686,32,tune,2,32,0.5540504783292665,0.3016773102519994,0.924200083429936,0.43062130422852346,0.8426280818860179,0.35931613845020755,0.790556909709224,0.21521802245795324,0.5049470831359778,0.5789351808288907,0.9361101097159938,SCoNE,0.001,0.5,/home/jupyter/repos/SCoNE/output/models/overdispersion_nu/tune_32
653,0.5956137285500736,0.8294850458813772,0.43310310517405476,1.0840686899397456,33,tune,2,32,0.5609825470798001,0.2768342172032383,0.9134718077481472,0.4563933721688832,0.882864612930185,0.37226423691012017,0.8211385590804483,0.2187409951422321,0.5006172952166789,0.5834513947230668,0.9361101097159938,SCoNE,0.001,0.5,/home/jupyter/repos/SCoNE/output/models/overdispersion_nu/tune_32
654,0.2682591962210653,0.6832475758333447,0.4555762478295335,1.0972199764686539,34,tune,2,32,0.4476393482597183,0.30429771676459777,0.9491483292757631,0.48675400246381817,0.7081334978175711,0.34260297482025487,0.7351459543557891,0.2105906900354799,0.5264846920036204,0.5707352844650334,0.9361101097159938,SCoNE,0.001,0.5,/home/jupyter/repos/SCoNE/output/models/overdispersion_nu/tune_32
655,0.5780576726267707,0.8272918618464696,0.42981168790398877,1.08731403890854,35,tune,2,32,0.503437713621532,0.32384180620767816,0.8915761358651971,0.41629818841652727,0.8373717762930514,0.3911841226424522,0.7765403584096567,0.22178401901672679,0.5092917231193859,0.5780223157891542,0.9361101097159938,SCoNE,0.001,0.5,/home/jupyter/repos/SCoNE/output/models/overdispersion_nu/tune_32
656,0.5809840429700902,0.8271444219195342,0.4299475549732701,1.0822777128537515,36,tune,2,32,0.6270721055321011,0.30746435328298677,0.9533413000017991,0.4429505831814393,0.853650480552245,0.38404290837532146,0.7260502744444405,0.1958195999833711,0.5024914959003915,0.57978621695336,0.9361101097159938,SCoNE,0.001,0.5,/home/jupyter/repos/SCoNE/output/models/overdispersion_nu/tune_32
657,0.22951358139031092,0.6257417399232333,0.4579357179328122,1.0966710835955527,37,tune,2,32,0.32098780707484165,0.2683995654333648,0.9228588421041226,0.4513328515148226,0.5689372582323383,0.33481002320265335,0.7269441371318971,0.17363427120166816,0.5286329574714699,0.5680381261240828,0.9361101097159938,SCoNE,0.001,0.5,/home/jupyter/repos/SCoNE/output/models/overdispersion_nu/tune_32
658,0.32209817855876144,0.7183164900914377,0.4506885076258101,1.0920336053346102,38,tune,2,32,0.5011092180601867,0.30216720144522585,0.9467250534669438,0.46714850655768847,0.724827215809765,0.3429827639106138,0.7333104095506281,0.19572350577684616,0.5226204294592246,0.5694131758753855,0.9361101097159938,SCoNE,0.001,0.5,/home/jupyter/repos/SCoNE/output/models/overdispersion_nu/tune_32
659,0.4101066940278149,0.7702509601017964,0.4416388577762674,1.084185853624466,39,tune,2,32,0.5584204796838454,0.2997564854891949,0.9457120400239264,0.44942356063856964,0.7889518867827139,0.33769377448275906,0.7556444119276496,0.194048139595894,0.5130085483374256,0.5711773052870404,0.9361101097159938,SCoNE,0.001,0.5,/home/jupyter/repos/SCoNE/output/models/overdispersion_nu/tune_32
660,0.4457468354899849,0.7890724101024157,0.44556891988861663,1.0853748663687905,40,tune,2,32,0.4969514717569058,0.30295385161052196,0.8955837548991141,0.42924401999011963,0.783590243624625,0.35069405331443837,0.7504649975963698,0.20539174260270104,0.5100571943626584,0.5753176720061322,0.9361101097159938,SCoNE,0.001,0.5,/home/jupyter/repos/SCoNE/output/models/overdispersion_nu/tune_32
661,0.590277294103962,0.8348490982401685,0.42246866488508084,1.0828575370083096,41,tune,2,32,0.6040365579614105,0.3110039238984227,0.9436615352776409,0.437565947335689,0.8502995277811747,0.40201776847340176,0.7035034747830692,0.17391503484637855,0.5071419322133124,0.5757156047949973,0.9361101097159938,SCoNE,0.001,0.5,/home/jupyter/repos/SCoNE/output/models/overdispersion_nu/tune_32
662,0.5996143178714648,0.8301010511077266,0.4323955964917677,1.0843395097265032,42,tune,2,32,0.5507421804609031,0.29754207188581794,0.9048919086860168,0.4335191608154072,0.89702720043655,0.38162012539870055,0.878429739727115,0.2125742810525646,0.5004428426586527,0.5838966670678504,0.9361101097159938,SCoNE,0.001,0.5,/home/jupyter/repos/SCoNE/output/models/overdispersion_nu/tune_32
663,0.48651738316504367,0.8001645570717064,0.44033927624456637,1.0828145944190375,43,tune,2,32,0.6072600293541112,0.3063176765861485,0.9517062935989729,0.44863146435643314,0.8329846459542475,0.38229491081008116,0.747360043832529,0.19846046953977603,0.5050977711832897,0.5777168232357477,0.9361101097159938,SCoNE,0.001,0.5,/home/jupyter/repos/SCoNE/output/models/overdispersion_nu/tune_32
664,0.502709282138608,0.8065795743718611,0.43894005103678874,1.0825296815146248,44,tune,2,32,0.5695656384305633,0.2909074081192863,0.9273021586574856,0.455510916872286,0.8417348852985084,0.3829321496360212,0.7337520655513345,0.20097556686602622,0.5041108903061624,0.5784187912084625,0.9361101097159938,SCoNE,0.001,0.5,/home/jupyter/repos/SCoNE/output/models/overdispersion_nu/tune_32
665,0.5245756367684883,0.812281757259146,0.43498395821505753,1.0829938467067164,45,tune,2,32,0.5702933818681656,0.2835196696880075,0.9235866140027484,0.43725402144200254,0.8277469461448937,0.37954387440612214,0.6797319823814681,0.17887993550491868,0.5029353558493479,0.5800584908573684,0.9361101097159938,SCoNE,0.001,0.5,/home/jupyter/repos/SCoNE/output/models/overdispersion_nu/tune_32
666,0.2512460822335298,0.6585318404944703,0.4506968877552289,1.0958694512609384,46,tune,2,32,0.4254540069591354,0.2922078722223908,0.9118516675611935,0.44414232825134314,0.6574098750867566,0.3104952666686945,0.7104102254194401,0.19884222288430795,0.5230575272694976,0.5728119239914409,0.9361101097159938,SCoNE,0.001,0.5,/home/jupyter/repos/SCoNE/output/models/overdispersion_nu/tune_32
667,0.5829481957698355,0.8299534559102801,0.4223180693676572,1.0826029810889997,47,tune,2,32,0.621499595037487,0.30310076552592136,0.9603870806409617,0.4647502666497772,0.841448183100882,0.39554133110547096,0.7300788822061638,0.2186830499218565,0.5085353307203981,0.5740676503686015,0.9361101097159938,SCoNE,0.001,0.5,/home/jupyter/repos/SCoNE/output/models/overdispersion_nu/tune_32
668,0.4665497053126679,0.7952873527215093,0.4417810370634494,1.0830275624295538,48,tune,2,32,0.5844231662148085,0.312527924001701,0.936705161490322,0.4420257557968557,0.8229577297487242,0.3581778058990536,0.6963739462756201,0.19461178624548825,0.5061391808311798,0.576888381598374,0.9361101097159938,SCoNE,0.001,0.5,/home/jupyter/repos/SCoNE/output/models/overdispersion_nu/tune_32
669,0.46860319873885065,0.7971599206263686,0.4431797019997669,1.0836881325896264,49,tune,2,32,0.5619056691560566,0.3038858015073973,0.9219534781224329,0.43082814427212396,0.8281062931460993,0.3814153061996299,0.7387047414527217,0.2028221230324343,0.5071891413308987,0.5764989912587277,0.9361101097159938,SCoNE,0.001,0.5,/home/jupyter/repos/SCoNE/output/models/overdispersion_nu/tune_32
670,0.631824283244267,0.8427653696310847,0.4346719019886688,1.0374475507896466,0,tune,1,21,0.5546859460434526,0.3021459232949224,0.8937481672084645,0.4101522849152873,0.9026525623780998,0.39849235715212744,0.9075673114598451,0.2249617015259381,0.4941434169181016,0.543304133871545,0.9845116305844893,SCoNE,0.01,0.1,/home/jupyter/repos/SCoNE/output/models/overdispersion_nu/tune_21
671,0.33476135412645186,0.722718367378026,0.45856303582016394,1.054180946175661,1,tune,1,21,0.3666803413392974,0.2994540291542963,0.8796560786345956,0.4330115127291678,0.7794807168680803,0.35409834112798605,0.8512495807233837,0.20796181314428241,0.5200797177602381,0.5341012284154228,0.9845116305844893,SCoNE,0.01,0.1,/home/jupyter/repos/SCoNE/output/models/overdispersion_nu/tune_21
672,0.5732147262769323,0.8214868892269384,0.4448353726014258,1.0396280108127303,2,tune,1,21,0.5286743228331614,0.29745224634057527,0.8588869494057707,0.41341765280845644,0.8960134773167387,0.3907128898850632,0.9159196330351843,0.218362511714556,0.4955611253179582,0.5440668854947721,0.9845116305844893,SCoNE,0.01,0.1,/home/jupyter/repos/SCoNE/output/models/overdispersion_nu/tune_21
673,0.6506542022077444,0.8444281629720812,0.43191364366834867,1.0377558293888174,3,tune,1,21,0.5580327214321585,0.30268274019683866,0.9079895144251149,0.4094846193174791,0.9397184071620016,0.3963604387154387,0.9531691003648404,0.2208438973434367,0.4946178458954843,0.543137983493333,0.9845116305844893,SCoNE,0.01,0.1,/home/jupyter/repos/SCoNE/output/models/overdispersion_nu/tune_21
674,0.5862390488110137,0.8241097836922856,0.44316200425525115,1.0383128183137,4,tune,1,21,0.5657326315555204,0.3003848376665953,0.9025595862777563,0.391977576075327,0.8639719280970292,0.41615672733217146,0.8519560382854189,0.20257243059857066,0.49619392946099306,0.542118888852707,0.9845116305844893,SCoNE,0.01,0.1,/home/jupyter/repos/SCoNE/output/models/overdispersion_nu/tune_21
675,0.6575610941751391,0.8461436288775178,0.43588546673552836,1.0394345868125856,5,tune,1,21,0.5961289294735201,0.32151486093846565,0.9317342185259043,0.40781302918061013,0.905341131694991,0.3910397114867456,0.9139285705252728,0.22089869752247362,0.4992346646978909,0.5401999221146946,0.9845116305844893,SCoNE,0.01,0.1,/home/jupyter/repos/SCoNE/output/models/overdispersion_nu/tune_21
676,0.6590327549661873,0.8465535704707382,0.4349775232918895,1.0376389550746494,6,tune,1,21,0.5238232795576788,0.30789252135477246,0.8554291433022609,0.4034172400173036,0.8962694886447949,0.4219986196139114,0.8813189483346779,0.24918797746179247,0.49533171209214755,0.5423072429825019,0.9845116305844893,SCoNE,0.01,0.1,/home/jupyter/repos/SCoNE/output/models/overdispersion_nu/tune_21
677,0.6086075481625344,0.8326323704215705,0.43914718576530737,1.0379321689353498,7,tune,1,21,0.538097536780131,0.30508265871471496,0.8907938825646392,0.4279495688841448,0.8780486318017525,0.3972819329252582,0.8590652103486945,0.2169239930910498,0.49501192752916834,0.5429202414061813,0.9845116305844893,SCoNE,0.01,0.1,/home/jupyter/repos/SCoNE/output/models/overdispersion_nu/tune_21
678,0.6384718977775993,0.8395901503601888,0.43250589275730694,1.037007715876161,8,tune,1,21,0.5892504822016663,0.28347074407964484,0.9248279922447094,0.4393113681018262,0.8905415057681918,0.4056545354105715,0.8828685928147978,0.2182776111448046,0.4959355161052767,0.5410721997708843,0.9845116305844893,SCoNE,0.01,0.1,/home/jupyter/repos/SCoNE/output/models/overdispersion_nu/tune_21
679,0.6518678608984008,0.8440232716248152,0.4332397972604511,1.0376510672248147,9,tune,1,21,0.560273605757544,0.310601865959198,0.9048339859460942,0.41450843377378455,0.9095970586053247,0.4193444979829845,0.9082596558059186,0.23955616013700343,0.4949253445564682,0.5427257226683465,0.9845116305844893,SCoNE,0.01,0.1,/home/jupyter/repos/SCoNE/output/models/overdispersion_nu/tune_21
680,0.575009705112965,0.8200164237392552,0.4458013459885809,1.0389822198546574,10,tune,1,21,0.5374335741920244,0.2916868463644277,0.8914795242899634,0.4169759894514938,0.8821016743127781,0.3871523519539855,0.8759300372299075,0.241595101728679,0.49710555377794857,0.5418766660767089,0.9845116305844893,SCoNE,0.01,0.1,/home/jupyter/repos/SCoNE/output/models/overdispersion_nu/tune_21
681,0.63060823507521,0.8386119255121772,0.4327468226367401,1.0378288324318732,11,tune,1,21,0.5757604078128452,0.27948547546998526,0.9061679335950896,0.4191773867231214,0.9274908936635773,0.3818358581023053,0.9453623172614961,0.23715700242638588,0.4933589994293473,0.5444698330025258,0.9845116305844893,SCoNE,0.01,0.1,/home/jupyter/repos/SCoNE/output/models/overdispersion_nu/tune_21
682,0.5922822561887874,0.827669816488784,0.4436247081411972,1.0387388882248798,12,tune,1,21,0.5243563278746962,0.28966137373147754,0.8632883970763204,0.41120325981377126,0.8703711109648854,0.40057751058946417,0.8696702231433501,0.21335296010602342,0.49454139493226595,0.5441974932926139,0.9845116305844893,SCoNE,0.01,0.1,/home/jupyter/repos/SCoNE/output/models/overdispersion_nu/tune_21
683,0.6349357654360603,0.8384752439452235,0.43556316078408175,1.038038181271374,13,tune,1,21,0.5545473115561019,0.2986365774117855,0.8935715361937394,0.42447673096803534,0.8794632514236052,0.41728085552764854,0.8347924635593622,0.21676311318926966,0.49457125130627005,0.5434669299651039,0.9845116305844893,SCoNE,0.01,0.1,/home/jupyter/repos/SCoNE/output/models/overdispersion_nu/tune_21
684,0.576205912113602,0.8260932852458612,0.4398499605106085,1.038397938264931,14,tune,1,21,0.5829318516405017,0.29677796500145165,0.9242186884216598,0.42910661865536265,0.888337787157237,0.41417920746058523,0.8968746158169143,0.2356731489860052,0.4949675285183207,0.5434304097466104,0.9845116305844893,SCoNE,0.01,0.1,/home/jupyter/repos/SCoNE/output/models/overdispersion_nu/tune_21
685,0.6133227672903203,0.8346522638770134,0.43519825917956523,1.0378974360443276,15,tune,1,21,0.5499292957309215,0.29166627023226244,0.8850187381214087,0.4207346569230315,0.8969998997250508,0.40807612663440884,0.900905184783651,0.21325992768501056,0.4936302740099827,0.5442671620343449,0.9845116305844893,SCoNE,0.01,0.1,/home/jupyter/repos/SCoNE/output/models/overdispersion_nu/tune_21
686,0.6433857668429597,0.84013839363295,0.433491066499885,1.0379167302684713,16,tune,1,21,0.5650886697632783,0.31281946729025173,0.9037982067068586,0.42243333292857943,0.8958548515507707,0.39239913099261414,0.9070994351611353,0.24622958063019706,0.4943136936723292,0.5436030365961421,0.9845116305844893,SCoNE,0.01,0.1,/home/jupyter/repos/SCoNE/output/models/overdispersion_nu/tune_21
687,0.6342017123504465,0.8390735115606631,0.4326997649841008,1.0378428093332797,17,tune,1,21,0.5892841016040338,0.2988937626830612,0.9206601463901297,0.4196979138101494,0.9178974147528749,0.3858063485807505,0.9354691594389427,0.226137677254552,0.4943686296807376,0.5434741796525421,0.9845116305844893,SCoNE,0.01,0.1,/home/jupyter/repos/SCoNE/output/models/overdispersion_nu/tune_21
688,0.5520091454139108,0.814439757631242,0.43600374989448065,1.0447413296073154,18,tune,1,21,0.4761369364510125,0.31336814955517117,0.9169199538532431,0.4419520962144359,0.8703426852595781,0.38515523079048397,0.919767284262627,0.20647161211357673,0.5118675644485882,0.5328737651587272,0.9845116305844893,SCoNE,0.01,0.1,/home/jupyter/repos/SCoNE/output/models/overdispersion_nu/tune_21
689,0.6269083505863604,0.8398985332126194,0.43814559048699164,1.0380580720525983,19,tune,1,21,0.6006962080721517,0.2958976923974832,0.9357655120303212,0.44607542036884046,0.8984477043743194,0.38544240847996336,0.8661936908086614,0.2158321100760644,0.4990895196353459,0.5389685524172523,0.9845116305844893,SCoNE,0.01,0.1,/home/jupyter/repos/SCoNE/output/models/overdispersion_nu/tune_21
690,0.5648953075917356,0.8198114285746774,0.4460680385829505,1.0397814328322519,20,tune,1,21,0.5368583270420565,0.29552490514882435,0.8745321603686177,0.3903042181621089,0.8926966150182446,0.3771440873394702,0.930347050065245,0.23340550293595233,0.49418879620612344,0.5455926366261283,0.9845116305844893,SCoNE,0.01,0.1,/home/jupyter/repos/SCoNE/output/models/overdispersion_nu/tune_21
691,0.5868489146365143,0.824150223461205,0.44254551006510323,1.0383902764891682,21,tune,1,21,0.542551430585296,0.2889686125743774,0.8963302531472236,0.4285698243632154,0.8744432627566151,0.39593331571351054,0.8665393094280966,0.20402022615851248,0.49686450880305183,0.5415257676861164,0.9845116305844893,SCoNE,0.01,0.1,/home/jupyter/repos/SCoNE/output/models/overdispersion_nu/tune_21
692,0.39322996555226086,0.76514546003943,0.44907134061633713,1.0535660225792274,22,tune,1,21,0.5097977585558723,0.3056874069880207,0.8891381041468274,0.4054588220753373,0.8108721324669481,0.3901415256974607,0.8986183308173173,0.22303125201996427,0.5104324568510126,0.5431335657282147,0.9845116305844893,SCoNE,0.01,0.1,/home/jupyter/repos/SCoNE/output/models/overdispersion_nu/tune_21
693,0.5774691245029135,0.8257672430352491,0.43808801668351377,1.0401862175994898,23,tune,1,21,0.5152092825748944,0.3088655443038349,0.8774224439363336,0.39822450782363544,0.90087394337843,0.395826327511982,0.9494191954470433,0.23050253020107483,0.4921623371808421,0.5480238804186478,0.9845116305844893,SCoNE,0.01,0.1,/home/jupyter/repos/SCoNE/output/models/overdispersion_nu/tune_21
694,0.6457646809759464,0.8425204062168201,0.43256812293551666,1.0382390937355033,24,tune,1,21,0.5649793507032191,0.2941817730338484,0.9026719454381975,0.40357751298253064,0.8987045658697641,0.3995781231613278,0.8841835993990269,0.22588681091349064,0.4940594717640002,0.544179621971503,0.9845116305844893,SCoNE,0.01,0.1,/home/jupyter/repos/SCoNE/output/models/overdispersion_nu/tune_21
695,0.6476761271877581,0.8412942113204382,0.4341321440193534,1.0378384042630486,25,tune,1,21,0.5501843773561129,0.3100254274521424,0.884022654085435,0.4005027968456817,0.8928131497074491,0.4156453930516043,0.8814883671524113,0.21941119314984925,0.494325757765015,0.5435126464980335,0.9845116305844893,SCoNE,0.01,0.1,/home/jupyter/repos/SCoNE/output/models/overdispersion_nu/tune_21
696,0.5585343862892576,0.8203011701038647,0.4460675245499259,1.0388597839159637,26,tune,1,21,0.5402356545948416,0.2938873994227993,0.8853630819771526,0.4235733451427531,0.8820127821358823,0.3873372728420801,0.9151844572116341,0.2136665921772183,0.49452895172363837,0.5443308321923253,0.9845116305844893,SCoNE,0.01,0.1,/home/jupyter/repos/SCoNE/output/models/overdispersion_nu/tune_21
697,0.6011113535419905,0.8319070279378131,0.4381935471646014,1.038137350329031,27,tune,1,21,0.5734480010577797,0.28037835524203325,0.9161429873339537,0.42793310373884075,0.8709508504084625,0.4058284273057952,0.8330383438196198,0.22224904308682963,0.49622640762272113,0.5419109427063099,0.9845116305844893,SCoNE,0.01,0.1,/home/jupyter/repos/SCoNE/output/models/overdispersion_nu/tune_21
698,0.5674501180786716,0.8258025509695375,0.4400108356144431,1.0385067185669925,28,tune,1,21,0.5711409423141964,0.28007912915716027,0.9158214371435679,0.4307829236238881,0.8551924177841538,0.3972723042984678,0.8350738974353435,0.2027639511504688,0.49503277413316915,0.5434739444338235,0.9845116305844893,SCoNE,0.01,0.1,/home/jupyter/repos/SCoNE/output/models/overdispersion_nu/tune_21
699,0.6008468413872732,0.8301289968695428,0.4372993537738229,1.0380746560295027,29,tune,1,21,0.5754086879201091,0.3011586361756247,0.9110085114614661,0.41633266018636206,0.8969627420966223,0.4016603156847582,0.9227884824863174,0.21854364485379554,0.49396816972790675,0.5441064863015959,0.9845116305844893,SCoNE,0.01,0.1,/home/jupyter/repos/SCoNE/output/models/overdispersion_nu/tune_21
700,0.6256565461718678,0.8371654880774224,0.4347326677011466,1.0376840702861836,30,tune,1,21,0.5469618222282238,0.2834872663665976,0.8791866019253902,0.42403354187836667,0.9086394898563285,0.39152217784843907,0.923426407351971,0.23709770771412028,0.49343499977017263,0.544249070516011,0.9845116305844893,SCoNE,0.01,0.1,/home/jupyter/repos/SCoNE/output/models/overdispersion_nu/tune_21
701,0.6476037455752524,0.8405281649407111,0.4356135233773445,1.037403519820479,31,tune,1,21,0.5891343977129397,0.29591200399073764,0.920851484793879,0.4249543503704355,0.9091354715572262,0.4025004758041575,0.9085945826198663,0.2120358116141759,0.4951951230971572,0.5422083967233219,0.9845116305844893,SCoNE,0.01,0.1,/home/jupyter/repos/SCoNE/output/models/overdispersion_nu/tune_21
702,0.6366379343507073,0.8434591295396731,0.4337174208969012,1.037604210006849,32,tune,1,21,0.596377477025196,0.2768306471157903,0.9269993111261369,0.4368759523188766,0.9175692124554489,0.3931046572925969,0.904097336155061,0.2388872973087944,0.4961907248200722,0.5414134851867768,0.9845116305844893,SCoNE,0.01,0.1,/home/jupyter/repos/SCoNE/output/models/overdispersion_nu/tune_21
703,0.6282144067048413,0.8378450402987383,0.43714919712788086,1.0375066559131783,33,tune,1,21,0.5521713149729648,0.31140572040492676,0.8973674383649853,0.42736066669678335,0.8792030847938987,0.40218861871033346,0.8600088557805706,0.2146431106920986,0.495488504714855,0.5420181511983232,0.9845116305844893,SCoNE,0.01,0.1,/home/jupyter/repos/SCoNE/output/models/overdispersion_nu/tune_21
704,0.5793460454031604,0.824239152206354,0.44150977805102015,1.039667205875959,34,tune,1,21,0.5386332546968003,0.31354442456371845,0.8805094426052837,0.4088449165459566,0.8987095423397453,0.3793360573683939,0.9287961297109878,0.25235511571435604,0.4938535252297294,0.5458136806462297,0.9845116305844893,SCoNE,0.01,0.1,/home/jupyter/repos/SCoNE/output/models/overdispersion_nu/tune_21
705,0.6344833601919225,0.8446351871281839,0.43563216167548796,1.0386781685248319,35,tune,1,21,0.5381343383023257,0.2922289006126413,0.8939575577160916,0.41014208631389765,0.8983465959850321,0.4065595958848586,0.8931878805180343,0.2272497079968483,0.49946738845538885,0.5392107800694429,0.9845116305844893,SCoNE,0.01,0.1,/home/jupyter/repos/SCoNE/output/models/overdispersion_nu/tune_21
706,0.5634180233716225,0.8209894479676876,0.4453222011390261,1.0395744659743245,36,tune,1,21,0.5104742295450305,0.3020943973238202,0.8615082585233885,0.3883763491754785,0.8666000378020902,0.3946131799592481,0.846328099959603,0.222728460490005,0.49561316454802934,0.5439613014262951,0.9845116305844893,SCoNE,0.01,0.1,/home/jupyter/repos/SCoNE/output/models/overdispersion_nu/tune_21
707,0.6513575565817082,0.843812364351079,0.4319560901951027,1.03749777057832,37,tune,1,21,0.5538073799415303,0.3020788728565989,0.8934005582404431,0.41499202039403005,0.8977942654298805,0.4042615130095533,0.8968035528400115,0.21449235731357588,0.4948738164621593,0.5426239541161607,0.9845116305844893,SCoNE,0.01,0.1,/home/jupyter/repos/SCoNE/output/models/overdispersion_nu/tune_21
708,0.6202574582646639,0.8347052533408437,0.4358519243346326,1.0387706263245335,38,tune,1,21,0.5414574968052027,0.2952550515080108,0.8749775652101781,0.3928425838482499,0.8847829943310315,0.4033285172377095,0.884656336778353,0.20394694318959342,0.4933672160078787,0.5454034103166548,0.9845116305844893,SCoNE,0.01,0.1,/home/jupyter/repos/SCoNE/output/models/overdispersion_nu/tune_21
709,0.6391458655692623,0.8415032116707805,0.43335009056895113,1.0378999537742886,39,tune,1,21,0.5730954131904038,0.2848003667233529,0.9137433730284404,0.4283204941957988,0.9365272128325387,0.38566766602594804,0.9596757191864884,0.24655359697123366,0.4939417627549983,0.5439581910192903,0.9845116305844893,SCoNE,0.01,0.1,/home/jupyter/repos/SCoNE/output/models/overdispersion_nu/tune_21
710,0.6396159200568977,0.8421539038875114,0.43440482512888406,1.0375397160262896,40,tune,1,21,0.587339737832503,0.3107383504259445,0.9145080998182811,0.4209054710431149,0.8903078858463161,0.42304067572204895,0.8883825761737092,0.19693194100037478,0.49520927410302473,0.5423304419232648,0.9845116305844893,SCoNE,0.01,0.1,/home/jupyter/repos/SCoNE/output/models/overdispersion_nu/tune_21
711,0.5554327895646705,0.8146849374554644,0.44709093343288925,1.039935613455312,41,tune,1,21,0.48868376237691324,0.31152654052304546,0.8355935153080827,0.37503055246339423,0.8954170867348762,0.3979666800076768,0.9045093570971744,0.1914316191012681,0.49806876184065146,0.5418668516146604,0.9845116305844893,SCoNE,0.01,0.1,/home/jupyter/repos/SCoNE/output/models/overdispersion_nu/tune_21
712,0.5934284984712141,0.8310753218122167,0.43924163843501085,1.0389010827999303,42,tune,1,21,0.5679862517814553,0.2933158637061141,0.90865711202754,0.4228719692467699,0.891017413899049,0.3870299027811941,0.9031458936547332,0.20514542998994514,0.4950669559682838,0.5438341268316464,0.9845116305844893,SCoNE,0.01,0.1,/home/jupyter/repos/SCoNE/output/models/overdispersion_nu/tune_21
713,0.5939512359943228,0.8280099757249242,0.43785005773867985,1.0386245425471705,43,tune,1,21,0.5456940534875416,0.2834987414090159,0.8836930217932044,0.40371721353379864,0.9140198272292447,0.38200008662965773,0.9446564357310939,0.24933928067129635,0.49319729391938066,0.5454272486277899,0.9845116305844893,SCoNE,0.01,0.1,/home/jupyter/repos/SCoNE/output/models/overdispersion_nu/tune_21
714,0.6551786592888824,0.8439498610437689,0.4332580613021593,1.037924670411085,44,tune,1,21,0.5530973664485853,0.30206899726489367,0.9075572018119477,0.4169601157912858,0.941477234485588,0.3912580103723481,0.9539293602816075,0.23942067877177975,0.4942653141777838,0.5436593562333011,0.9845116305844893,SCoNE,0.01,0.1,/home/jupyter/repos/SCoNE/output/models/overdispersion_nu/tune_21
715,0.5966172249389803,0.8291482124144773,0.43789863507422,1.0387004122119068,45,tune,1,21,0.5242447743031933,0.3114131148007095,0.8637487717566814,0.3994797199392452,0.9051892961501314,0.38680191030401906,0.9330400157685665,0.2571422858586748,0.4928825731781552,0.5458178390337517,0.9845116305844893,SCoNE,0.01,0.1,/home/jupyter/repos/SCoNE/output/models/overdispersion_nu/tune_21
716,0.5832395792274444,0.8256107881061067,0.4425623696379787,1.0381507554696157,46,tune,1,21,0.5403769073083777,0.28175742069848314,0.8760058792587472,0.41101541721741164,0.8854042601877182,0.40492735511740763,0.8891467189655932,0.19222197491529103,0.49438585323154494,0.5437649022380706,0.9845116305844893,SCoNE,0.01,0.1,/home/jupyter/repos/SCoNE/output/models/overdispersion_nu/tune_21
717,0.3352228890206075,0.7260718335156423,0.4561477892495896,1.0536235038392605,47,tune,1,21,0.3719350831837843,0.28879319107718643,0.8942972345829722,0.4252739844352519,0.7712336539799483,0.3453093464967679,0.8453781280974424,0.20690152535760284,0.5192531792227744,0.5343703246164861,0.9845116305844893,SCoNE,0.01,0.1,/home/jupyter/repos/SCoNE/output/models/overdispersion_nu/tune_21
718,0.29618537520090793,0.7002300663783413,0.45032593202714105,1.0505198215509608,48,tune,1,21,0.3337591367182086,0.27663437035668076,0.952272943632946,0.448677485902509,0.7891665651360882,0.35070118918339716,0.8861562359215669,0.20842684599474798,0.5228127473791885,0.5277070741717723,0.9845116305844893,SCoNE,0.01,0.1,/home/jupyter/repos/SCoNE/output/models/overdispersion_nu/tune_21
719,0.24889146576324295,0.6357403024092869,0.44220658708361704,1.0505705871421673,49,tune,1,21,0.40711872894029294,0.2693927704779675,0.9754714739008583,0.4772974318411686,0.7553527696121046,0.33945217561073693,0.9440564086777823,0.2412309310048763,0.5265829129911033,0.5239876741510642,0.9845116305844893,SCoNE,0.01,0.1,/home/jupyter/repos/SCoNE/output/models/overdispersion_nu/tune_21
720,0.642096918356835,0.8397212662950078,0.4339616420861267,1.0372453763339342,0,tune,1,22,0.5948900612955166,0.28802358630231706,0.9325530829207372,0.443432332999576,0.9103547276815683,0.38902272968185886,0.9190316141183622,0.23452139214865586,0.4956816135875547,0.5415637627463794,0.9839175195781037,SCoNE,0.1,0.1,/home/jupyter/repos/SCoNE/output/models/overdispersion_nu/tune_22
721,0.3047469053828535,0.6903941893001162,0.44861625731536336,1.0508971770383009,1,tune,1,22,0.3978360165059924,0.27090496106782913,0.9562936912621536,0.490002579257743,0.7852107695189511,0.3370025553074461,0.9296968605757671,0.2349209942921326,0.5262604406401539,0.5246367363981469,0.9839175195781037,SCoNE,0.1,0.1,/home/jupyter/repos/SCoNE/output/models/overdispersion_nu/tune_22
722,0.583270911311275,0.8207205573277984,0.4402650530272364,1.0392115647399427,2,tune,1,22,0.5995750699647896,0.2772604465916497,0.9309817175069596,0.4616896018604191,0.9088516921063748,0.37806310378385477,0.9427989314528363,0.23045063728921364,0.49659063622627686,0.5426209285136658,0.9839175195781037,SCoNE,0.1,0.1,/home/jupyter/repos/SCoNE/output/models/overdispersion_nu/tune_22
723,0.6486873261383317,0.8435665114918302,0.4354129026613667,1.0384749600970467,3,tune,1,22,0.5362927622755356,0.29485024662989334,0.895078045697842,0.41405208569808394,0.9284587756970983,0.3870545014315596,0.9227128934370292,0.22659438852554928,0.4958203635302106,0.542654596566836,0.9839175195781037,SCoNE,0.1,0.1,/home/jupyter/repos/SCoNE/output/models/overdispersion_nu/tune_22
724,0.573616117726499,0.8229669759134862,0.4436497550471667,1.0391074268376177,4,tune,1,22,0.5636852757955468,0.2895726979234325,0.9027046892603838,0.4032120323885932,0.8672219325934865,0.3961007763087713,0.8410100336003197,0.23031219807464332,0.49589112515694456,0.5432163016806731,0.9839175195781037,SCoNE,0.1,0.1,/home/jupyter/repos/SCoNE/output/models/overdispersion_nu/tune_22
725,0.6638656694485211,0.8439122961275916,0.43439054203671285,1.039721954571791,5,tune,1,22,0.6001669016225808,0.2985196103979168,0.9456964928060652,0.43842346234648294,0.9227632994281695,0.38026789728137894,0.927197934762916,0.23460119441615554,0.4999794382638875,0.5397425163079035,0.9839175195781037,SCoNE,0.1,0.1,/home/jupyter/repos/SCoNE/output/models/overdispersion_nu/tune_22
726,0.6662010275152784,0.8459730295730802,0.43745808099503364,1.0386110573662792,6,tune,1,22,0.5226220403769373,0.3004984597120298,0.8678602965643747,0.42345835066230214,0.8735493493997615,0.4091677206401663,0.7781611077287618,0.2432029751183236,0.4977308279493161,0.540880229416963,0.9839175195781037,SCoNE,0.1,0.1,/home/jupyter/repos/SCoNE/output/models/overdispersion_nu/tune_22
727,0.5837356066874992,0.8239458090417351,0.4422769465813177,1.038689448858387,7,tune,1,22,0.5561293603430542,0.29615686026344734,0.9125199757538573,0.4496033445529835,0.8800220516274685,0.3867937405677095,0.8885710406396474,0.23227289886484992,0.4962848201116336,0.5424046287467534,0.9839175195781037,SCoNE,0.1,0.1,/home/jupyter/repos/SCoNE/output/models/overdispersion_nu/tune_22
728,0.6444422447194393,0.8366142291266558,0.43107697150316143,1.0370048691187086,8,tune,1,22,0.6220580080758061,0.2628741429587501,0.9446892526514411,0.46242536621536445,0.9228424034372681,0.39656577864820536,0.9408371122668442,0.23503818943812746,0.4960119035038937,0.540992965614815,0.9839175195781037,SCoNE,0.1,0.1,/home/jupyter/repos/SCoNE/output/models/overdispersion_nu/tune_22
729,0.6433735905259064,0.8407501988233126,0.43202501886168454,1.0372800784288154,9,tune,1,22,0.6031772799947391,0.2960961577987549,0.9412922218034239,0.4465750357447604,0.9256754666017452,0.4170949834374049,0.9354929814094209,0.2415058230269384,0.49637658106025795,0.5409034973685574,0.9839175195781037,SCoNE,0.1,0.1,/home/jupyter/repos/SCoNE/output/models/overdispersion_nu/tune_22
730,0.5884406504359916,0.8216875577682964,0.44134763328937665,1.038754349220015,10,tune,1,22,0.591070259496731,0.2645358513941247,0.9275339795166991,0.4535561294744443,0.8839293431364075,0.37101307321678156,0.8637922670584122,0.25932014166460843,0.49695678868783366,0.5417975605321815,0.9839175195781037,SCoNE,0.1,0.1,/home/jupyter/repos/SCoNE/output/models/overdispersion_nu/tune_22
731,0.6167565450754406,0.8357454556418733,0.4370674828147684,1.03895498465253,11,tune,1,22,0.5408372423675135,0.25863687908408917,0.8812913955279895,0.4287506831213107,0.9222053476230176,0.3663353192295826,0.9165668065779713,0.24809800975800136,0.4939906280080865,0.5449643566444434,0.9839175195781037,SCoNE,0.1,0.1,/home/jupyter/repos/SCoNE/output/models/overdispersion_nu/tune_22
732,0.5809345139591015,0.8245997265232542,0.4419379805857384,1.0383285575867798,12,tune,1,22,0.5687994060635513,0.26459110756926907,0.914564559985572,0.4570308865853049,0.8772450188516536,0.3998360016298848,0.8950308959883911,0.2186720087006652,0.49650739158752666,0.541821165999253,0.9839175195781037,SCoNE,0.1,0.1,/home/jupyter/repos/SCoNE/output/models/overdispersion_nu/tune_22
733,0.6261878023190811,0.8344596307911788,0.43672351750026805,1.038214192992482,13,tune,1,22,0.5786066605737767,0.287201896416948,0.9183337074912351,0.4487620280490661,0.881320833182961,0.4122893783174932,0.835639839743334,0.22373394950890702,0.4960259729253876,0.5421882200670944,0.9839175195781037,SCoNE,0.1,0.1,/home/jupyter/repos/SCoNE/output/models/overdispersion_nu/tune_22
734,0.5832433725063364,0.8233818131525399,0.440051271442725,1.0385345334204688,14,tune,1,22,0.5768971787208935,0.26477875940300943,0.9227567781347943,0.45658055769831035,0.8989437915277271,0.4028632139795384,0.9206463592992883,0.2502975767215857,0.4952930656500983,0.5432414677703705,0.9839175195781037,SCoNE,0.1,0.1,/home/jupyter/repos/SCoNE/output/models/overdispersion_nu/tune_22
735,0.5886843184568894,0.8246517790302949,0.43722684623985103,1.0379716473100515,15,tune,1,22,0.6042195817879036,0.2781072811161871,0.9346873542600954,0.45469807119442024,0.9111621081695748,0.3935275254374492,0.947823633590771,0.2257491913957005,0.494754028733454,0.5432176185765974,0.9839175195781037,SCoNE,0.1,0.1,/home/jupyter/repos/SCoNE/output/models/overdispersion_nu/tune_22
736,0.636120212347367,0.8394923141257759,0.4335571793616364,1.0377408727802835,16,tune,1,22,0.5673859394433977,0.30042289190682636,0.9119685170864014,0.4378513429476989,0.8960477253699314,0.39433532788842934,0.9133012090622155,0.24340932247533453,0.49503903576045205,0.5427018370198315,0.9839175195781037,SCoNE,0.1,0.1,/home/jupyter/repos/SCoNE/output/models/overdispersion_nu/tune_22
737,0.633262682764071,0.8368742156585651,0.4309586243455202,1.0380980973262923,17,tune,1,22,0.581998105433932,0.2854120801955174,0.9237222664382848,0.43474708249141825,0.9424677314831519,0.3682857080549885,0.9676117295746873,0.23904935790844417,0.4937197724268109,0.5443783248994815,0.9839175195781037,SCoNE,0.1,0.1,/home/jupyter/repos/SCoNE/output/models/overdispersion_nu/tune_22
738,0.5285810582573587,0.8102416519235537,0.44771891875240916,1.0394197001643255,18,tune,1,22,0.5520811731143257,0.2896086124054778,0.9175734876674373,0.44171194832190447,0.8577811157135896,0.3781599124757548,0.8444384725581081,0.20307885674317536,0.5009971654076046,0.5384225347567209,0.9839175195781037,SCoNE,0.1,0.1,/home/jupyter/repos/SCoNE/output/models/overdispersion_nu/tune_22
739,0.6447338811791317,0.8403172518523081,0.4336053558151226,1.0375526218721416,19,tune,1,22,0.662468518955345,0.2708596190221946,0.9598682975972305,0.47217916707877494,0.9037026645574738,0.3799493649774422,0.8847138132425181,0.22625716375382698,0.49884077109962704,0.5387118507725145,0.9839175195781037,SCoNE,0.1,0.1,/home/jupyter/repos/SCoNE/output/models/overdispersion_nu/tune_22
740,0.5784621542543147,0.8211629566643486,0.44049302864994805,1.0388801387661568,20,tune,1,22,0.5759132905166262,0.26729569806411446,0.9204005258280389,0.44205967108949884,0.9104569837869639,0.3694115993177401,0.9552218238991743,0.2408185610596065,0.4949907227448484,0.5438894160213085,0.9839175195781037,SCoNE,0.1,0.1,/home/jupyter/repos/SCoNE/output/models/overdispersion_nu/tune_22
741,0.5625944890092396,0.8200524777970365,0.44488480507659145,1.039238311438698,21,tune,1,22,0.5506685160985012,0.2889628994077491,0.9035447866495673,0.43394497078201816,0.8660536645060127,0.3808704726847714,0.8406766297877408,0.2146031260942859,0.4984320802081357,0.5408062312305623,0.9839175195781037,SCoNE,0.1,0.1,/home/jupyter/repos/SCoNE/output/models/overdispersion_nu/tune_22
742,0.6569396406913862,0.8448161073569112,0.43527515706769504,1.0379534292260613,22,tune,1,22,0.550496098652143,0.2800522717537232,0.898302608079834,0.4274517630435617,0.9187989766442474,0.417647146517199,0.9213256543099142,0.23637543147496667,0.4956887566839678,0.5422646725420935,0.9839175195781037,SCoNE,0.1,0.1,/home/jupyter/repos/SCoNE/output/models/overdispersion_nu/tune_22
743,0.5849866239218494,0.824948426361643,0.43935074262039786,1.040426660460335,23,tune,1,22,0.5059486758208682,0.29966888940008013,0.8609338040687594,0.400748592679316,0.8848786434707632,0.3868797925145696,0.9031172807128433,0.23102419554476408,0.4924109913528749,0.5480156691074599,0.9839175195781037,SCoNE,0.1,0.1,/home/jupyter/repos/SCoNE/output/models/overdispersion_nu/tune_22
744,0.6385263696374314,0.842832208808791,0.4379732009283705,1.0389718988259593,24,tune,1,22,0.5351071293094765,0.2874232075162137,0.8741240437808998,0.4028930407547277,0.8914354034947048,0.3876332368012345,0.8438947834869457,0.22451589138675898,0.49560329016580895,0.5433686086601504,0.9839175195781037,SCoNE,0.1,0.1,/home/jupyter/repos/SCoNE/output/models/overdispersion_nu/tune_22
745,0.6308245929266721,0.8352634459140541,0.4382999613802373,1.038552786197726,25,tune,1,22,0.5612081273416313,0.3009887348797772,0.8942894644734504,0.41624661508553734,0.8756250981058117,0.40151577508225167,0.813357681280119,0.2240753313916147,0.49522253335068306,0.5433302528470428,0.9839175195781037,SCoNE,0.1,0.1,/home/jupyter/repos/SCoNE/output/models/overdispersion_nu/tune_22
746,0.5730949151017728,0.822794557570433,0.443475250764981,1.038633552370289,26,tune,1,22,0.5534412983345541,0.2880433794084752,0.8941116159610948,0.4339208275351122,0.8969788185068666,0.3780696158166677,0.9412434600303892,0.22425105442885446,0.49318494413443054,0.5454486082358584,0.9839175195781037,SCoNE,0.1,0.1,/home/jupyter/repos/SCoNE/output/models/overdispersion_nu/tune_22
747,0.6062192752516232,0.8308696497688073,0.43874845493215126,1.0389029142220434,27,tune,1,22,0.5999031954768426,0.27085727138658977,0.9403756219186495,0.4483864138525724,0.8680929761458794,0.40200609262140063,0.825402449957156,0.22794830237995203,0.4982239316574502,0.5406789825645931,0.9839175195781037,SCoNE,0.1,0.1,/home/jupyter/repos/SCoNE/output/models/overdispersion_nu/tune_22
748,0.5672689895354436,0.8213425227588196,0.4379981396638902,1.0376360501160429,28,tune,1,22,0.6518794639176163,0.25951135606867237,0.9600182072875146,0.46435126601553384,0.8668662004683695,0.3956793061421255,0.8796249060910981,0.21023630595873435,0.49731017530889476,0.5403258748071481,0.9839175195781037,SCoNE,0.1,0.1,/home/jupyter/repos/SCoNE/output/models/overdispersion_nu/tune_22
749,0.5797784899538485,0.8242089259494243,0.4425940982318118,1.0387729308185774,29,tune,1,22,0.5625353280879578,0.29072834871018377,0.9114095116668591,0.4291148787598997,0.8812944331461037,0.3941721958346809,0.8981998737530151,0.21934089947150884,0.4954666483376092,0.5433062824809682,0.9839175195781037,SCoNE,0.1,0.1,/home/jupyter/repos/SCoNE/output/models/overdispersion_nu/tune_22
750,0.5977724986775889,0.8277925054091188,0.4387263003519699,1.0384829600983219,30,tune,1,22,0.5847393592215,0.27663659954894726,0.9254875955743807,0.4547657920002065,0.8872175426229756,0.3803962599818145,0.8696222096371873,0.24611695514492749,0.49605156149577145,0.5424313986025504,0.9839175195781037,SCoNE,0.1,0.1,/home/jupyter/repos/SCoNE/output/models/overdispersion_nu/tune_22
751,0.6435976980570819,0.8376114576211414,0.4347099304829632,1.0371118189025688,31,tune,1,22,0.6372389906275193,0.2732615804178178,0.950914713877046,0.45433663610631525,0.9122277782046541,0.40196227814668,0.9113454101175147,0.21216686948078714,0.4971890806473606,0.5399227382552081,0.9839175195781037,SCoNE,0.1,0.1,/home/jupyter/repos/SCoNE/output/models/overdispersion_nu/tune_22
752,0.6429434020436068,0.840133016388707,0.4328554104470131,1.0374775401357108,32,tune,1,22,0.6496295857482309,0.26622696476484287,0.9536544891638615,0.4546768464937984,0.9276034363844291,0.38303787644150183,0.9198180682746425,0.2481177293683525,0.4967431897998096,0.5407343503359012,0.9839175195781037,SCoNE,0.1,0.1,/home/jupyter/repos/SCoNE/output/models/overdispersion_nu/tune_22
753,0.6367340041704255,0.8361681233463167,0.4372606617572841,1.0376211324685838,33,tune,1,22,0.5431917235684812,0.30581782437533656,0.896947378887576,0.43403801428762967,0.8994716056395329,0.39648688435108587,0.9092982268122832,0.22222651315580638,0.4948910081595506,0.5427301243090332,0.9839175195781037,SCoNE,0.1,0.1,/home/jupyter/repos/SCoNE/output/models/overdispersion_nu/tune_22
754,0.5832647625954738,0.8239257428777443,0.4394078147201715,1.0390094626081827,34,tune,1,22,0.5708380896240648,0.30239590120446386,0.9113359595090289,0.43893564042578687,0.90209010360056,0.37643086860635594,0.9350607807289172,0.25294392519083275,0.4946309628964039,0.5443784997117788,0.9839175195781037,SCoNE,0.1,0.1,/home/jupyter/repos/SCoNE/output/models/overdispersion_nu/tune_22
755,0.6333685516049342,0.8402995864970876,0.43275954147977425,1.0391717753523109,35,tune,1,22,0.6090254832084665,0.25976760687392764,0.9474921647798087,0.4568357301619542,0.9242197164778926,0.3992686626404069,0.9407067987442195,0.2404531425424273,0.5013661885023468,0.5378055868499642,0.9839175195781037,SCoNE,0.1,0.1,/home/jupyter/repos/SCoNE/output/models/overdispersion_nu/tune_22
756,0.5745067349316958,0.8212617199220016,0.44458278447629906,1.039082557002028,36,tune,1,22,0.5148828742607051,0.2872473750361069,0.8708731304628458,0.4063939016425307,0.8636338841745473,0.3968340927372252,0.8429754273117729,0.21878540285507475,0.49606089696366945,0.5430216600383585,0.9839175195781037,SCoNE,0.1,0.1,/home/jupyter/repos/SCoNE/output/models/overdispersion_nu/tune_22
757,0.6439772735851301,0.8399967998641,0.43009497002725033,1.0370520861348254,37,tune,1,22,0.6153286616218032,0.2856674619163239,0.9446949922464541,0.45148449475923785,0.9075590720312686,0.4014994307678738,0.9207219012629856,0.22145119776978045,0.4968516180651589,0.5402004680696665,0.9839175195781037,SCoNE,0.1,0.1,/home/jupyter/repos/SCoNE/output/models/overdispersion_nu/tune_22
758,0.6183611800087878,0.8312726643237179,0.4319463988162447,1.0378936476726652,38,tune,1,22,0.6203466178031227,0.2704880722036896,0.9445141911364786,0.44355079452808416,0.9150220063257876,0.4025177057887279,0.9506929945274178,0.20910162677566968,0.49513491598801573,0.5427587316846495,0.9839175195781037,SCoNE,0.1,0.1,/home/jupyter/repos/SCoNE/output/models/overdispersion_nu/tune_22
759,0.6403205398348053,0.8368638768805293,0.4314602396825346,1.0378093191487499,39,tune,1,22,0.6248049389230713,0.27534891149286733,0.9472116252925119,0.4527037537526817,0.9410455782147653,0.3783409524160725,0.9668264554008086,0.24935236333439403,0.49461754144782744,0.5431917777009224,0.9839175195781037,SCoNE,0.1,0.1,/home/jupyter/repos/SCoNE/output/models/overdispersion_nu/tune_22
760,0.6413697757794377,0.8397899535279946,0.4343905045688523,1.0373664993665903,40,tune,1,22,0.6136826940723481,0.2878768834967471,0.934224911316707,0.45399621660333345,0.8937660433418043,0.4141324275690188,0.8879709515080133,0.2050263023306435,0.4968700985066352,0.5404964008599551,0.9839175195781037,SCoNE,0.1,0.1,/home/jupyter/repos/SCoNE/output/models/overdispersion_nu/tune_22
761,0.5420850346741629,0.8095079569913926,0.4472325301913764,1.0408033742909897,41,tune,1,22,0.5133827705485308,0.3028912214428218,0.8729598439490409,0.40474713597628187,0.9035273273551377,0.3818299734784981,0.9361605332955751,0.21582067515090997,0.4983285211283729,0.5424748531626168,0.9839175195781037,SCoNE,0.1,0.1,/home/jupyter/repos/SCoNE/output/models/overdispersion_nu/tune_22
762,0.6192554968976656,0.8362003821024709,0.43646745874323123,1.038182261182715,42,tune,1,22,0.5877039190525405,0.2853027463041319,0.9229550269771983,0.4388588199942399,0.9185199359347128,0.38393833929906085,0.9410372421629734,0.21175144730253806,0.4952859550443816,0.5428963061383334,0.9839175195781037,SCoNE,0.1,0.1,/home/jupyter/repos/SCoNE/output/models/overdispersion_nu/tune_22
763,0.5779289210694198,0.823596905410296,0.44115841234678704,1.039515771216399,43,tune,1,22,0.5373593704859423,0.2734438918781698,0.8781863384518719,0.41307055916071467,0.9023651782798123,0.3677411694197549,0.9247658767983871,0.25765660504228277,0.49370453172704576,0.5458112394893533,0.9839175195781037,SCoNE,0.1,0.1,/home/jupyter/repos/SCoNE/output/models/overdispersion_nu/tune_22
764,0.6555324647121553,0.8417645122375546,0.4326507446002566,1.0378932005156263,44,tune,1,22,0.5827444239330387,0.29735513462923113,0.9339878680342202,0.43717704833108756,0.9483032403970796,0.3812777745833915,0.9571411815553107,0.24445890438157222,0.49541837419806123,0.5424748263175652,0.9839175195781037,SCoNE,0.1,0.1,/home/jupyter/repos/SCoNE/output/models/overdispersion_nu/tune_22
765,0.6207505705699762,0.8336618684178443,0.432913854123002,1.0379289958363254,45,tune,1,22,0.5773940897423018,0.30060412010216303,0.9183690816797765,0.43359565003182127,0.9136508610804874,0.3838180055761113,0.9314393655464547,0.2627895945974282,0.49482491473353457,0.5431040811027908,0.9839175195781037,SCoNE,0.1,0.1,/home/jupyter/repos/SCoNE/output/models/overdispersion_nu/tune_22
766,0.5775860060809247,0.8218165237062682,0.44382358401358424,1.0385767143286393,46,tune,1,22,0.550716079971048,0.26279368747069126,0.8937029689388594,0.43878942236736757,0.8861945127643215,0.39586303626932645,0.8921953950825222,0.20340535620006903,0.49648676583399876,0.5420899484946404,0.9839175195781037,SCoNE,0.1,0.1,/home/jupyter/repos/SCoNE/output/models/overdispersion_nu/tune_22
767,0.3248654628995872,0.7094265887257928,0.45109462937210587,1.051198869807479,47,tune,1,22,0.38141768838759,0.2680105171030642,0.945084574033787,0.4666406922921397,0.7770369999998366,0.34008536162648434,0.917259315396175,0.2226456313767269,0.5233014032828068,0.5278974665246722,0.9839175195781037,SCoNE,0.1,0.1,/home/jupyter/repos/SCoNE/output/models/overdispersion_nu/tune_22
768,0.5738952468601294,0.823920900389793,0.44432709189948466,1.0386015390114163,48,tune,1,22,0.545726061981975,0.28350459225469443,0.8951093333561899,0.41620138117270034,0.8634927190507196,0.3964487052822711,0.8568400168468673,0.21145715554562897,0.497272825044653,0.5413287139667633,0.9839175195781037,SCoNE,0.1,0.1,/home/jupyter/repos/SCoNE/output/models/overdispersion_nu/tune_22
769,0.23999144999062225,0.6161716760554448,0.4429138198515764,1.0450768781124462,49,tune,1,22,0.4117673855207656,0.23687814506608496,0.9863849801235818,0.4882594303800461,0.688906389694324,0.28361488806969326,0.9695495087867615,0.24242098589848804,0.5298596662296587,0.5152172118827876,0.9839175195781037,SCoNE,0.1,0.1,/home/jupyter/repos/SCoNE/output/models/overdispersion_nu/tune_22
770,0.6414008279355992,0.8436558192596981,0.4359819205378344,1.0377055846319516,0,tune,1,20,0.5240535134116523,0.29931519866042594,0.8586722364824482,0.39692009262902156,0.9027289338089262,0.3955875527972271,0.9064437599159907,0.2275159913899518,0.49336235651059707,0.5443432281213545,0.9821701568250492,SCoNE,0.001,0.1,/home/jupyter/repos/SCoNE/output/models/overdispersion_nu/tune_20
771,0.3458804394058401,0.7232738499907571,0.4569981040821075,1.0535310603351764,1,tune,1,20,0.3758374272818507,0.29213315097264514,0.9027358037922651,0.4492340773577626,0.7789176600058707,0.3504876956542282,0.8291754461090708,0.20882293078141642,0.5210545217775526,0.5324765385576237,0.9821701568250492,SCoNE,0.001,0.1,/home/jupyter/repos/SCoNE/output/models/overdispersion_nu/tune_20
772,0.5550330816277314,0.8165775159235241,0.44568731845917836,1.0395923923501522,2,tune,1,20,0.5633199899584811,0.30029757778169863,0.9101310806261328,0.4341582225628997,0.8943275179829538,0.3885415695655338,0.9178942415124345,0.21864292061573015,0.4978554750005407,0.5417369173496114,0.9821701568250492,SCoNE,0.001,0.1,/home/jupyter/repos/SCoNE/output/models/overdispersion_nu/tune_20
773,0.6505588329618942,0.8441321684896832,0.4318044919749257,1.0374919613796312,3,tune,1,20,0.5628796362258617,0.3057354567189622,0.9113206350725013,0.40743277578945514,0.9412618284972043,0.39946032563360545,0.9583480374359806,0.2134994339616615,0.4945729657162241,0.5429189956634071,0.9821701568250492,SCoNE,0.001,0.1,/home/jupyter/repos/SCoNE/output/models/overdispersion_nu/tune_20
774,0.5790274396113435,0.8239532864408993,0.44318853212795345,1.0386022233850598,4,tune,1,20,0.5790964926809096,0.3008183531187471,0.9138023392771938,0.39830343175660926,0.8552796421491686,0.40476739053745087,0.8144394717459265,0.21437517883590398,0.4966252363260603,0.5419769870589995,0.9821701568250492,SCoNE,0.001,0.1,/home/jupyter/repos/SCoNE/output/models/overdispersion_nu/tune_20
775,0.6540447776496287,0.8468177006365821,0.43616202782508146,1.039715070702446,5,tune,1,20,0.5759821267483508,0.32759812652471076,0.9209135960532078,0.39832895819186026,0.9054513213549965,0.39141851899319213,0.9105293151563004,0.21862585710512986,0.49922328544816824,0.5404917852542779,0.9821701568250492,SCoNE,0.001,0.1,/home/jupyter/repos/SCoNE/output/models/overdispersion_nu/tune_20
776,0.6567637422474204,0.8459455068793716,0.43639530978198765,1.0379942694855957,6,tune,1,20,0.5271726870353258,0.31065615939960745,0.867788540648969,0.409264621035881,0.8721266296822632,0.4165583749606011,0.7970708653730654,0.23808006257636044,0.49671604639588984,0.5412782230897059,0.9821701568250492,SCoNE,0.001,0.1,/home/jupyter/repos/SCoNE/output/models/overdispersion_nu/tune_20
777,0.6049855779843037,0.8313846208753871,0.43935357882559367,1.038145624885317,7,tune,1,20,0.5472021454331923,0.3079506958906659,0.8964816730215136,0.4265444059616615,0.8811705289517312,0.3943421915969684,0.8700474498038915,0.2229735900129447,0.4946026733288903,0.5435429515564267,0.9821701568250492,SCoNE,0.001,0.1,/home/jupyter/repos/SCoNE/output/models/overdispersion_nu/tune_20
778,0.6383292954384157,0.8405379235654241,0.43245489180962937,1.0370667550247294,8,tune,1,20,0.5740735304643229,0.2834560946390155,0.9133677523915271,0.4342793489386198,0.8918949482803459,0.40738161458334754,0.8870525305015791,0.21749858502008368,0.4955260281594576,0.5415407268652719,0.9821701568250492,SCoNE,0.001,0.1,/home/jupyter/repos/SCoNE/output/models/overdispersion_nu/tune_20
779,0.655529118430573,0.8445050992830563,0.4335565662500641,1.0375725080681906,9,tune,1,20,0.5575864527439112,0.3117780148882103,0.903969172156359,0.41399319075110547,0.9051529142115772,0.4214995295094141,0.8989786774772296,0.2356440407569237,0.4953965412053649,0.5421759668628255,0.9821701568250492,SCoNE,0.001,0.1,/home/jupyter/repos/SCoNE/output/models/overdispersion_nu/tune_20
780,0.5827621015915591,0.8237673119630451,0.44348483277074463,1.0386470389328817,10,tune,1,20,0.5345661200014064,0.28571369770065647,0.8779091223272371,0.4157696183484093,0.8887171252905843,0.39097142649083827,0.8961024490614611,0.2425764848430771,0.4953545728884257,0.5432924660444559,0.9821701568250492,SCoNE,0.001,0.1,/home/jupyter/repos/SCoNE/output/models/overdispersion_nu/tune_20
781,0.635342036690004,0.8395443229595656,0.4351257471039285,1.038167291737728,11,tune,1,20,0.5473559379807185,0.27312798835256935,0.8914439423009237,0.42061577770277303,0.9146842082119638,0.3772501066809064,0.9034462842114198,0.23835286439940476,0.4939870360310563,0.5441802557066717,0.9821701568250492,SCoNE,0.001,0.1,/home/jupyter/repos/SCoNE/output/models/overdispersion_nu/tune_20
782,0.6125572188504785,0.8348454648124275,0.44057291985534475,1.0382922967572696,12,tune,1,20,0.5388773461211728,0.2926033188741336,0.8727656767006837,0.4142563661809121,0.868120883648529,0.40325046368256606,0.8322609080389836,0.20424682042116385,0.49496661146588256,0.543325685291387,0.9821701568250492,SCoNE,0.001,0.1,/home/jupyter/repos/SCoNE/output/models/overdispersion_nu/tune_20
783,0.6389695694369499,0.8390714075620551,0.43556113541024954,1.037835816500107,13,tune,1,20,0.5720350195253652,0.3088598496979179,0.9100207027076122,0.42302190684326546,0.8811671293796322,0.42633460049549216,0.838302148703481,0.20699207984882462,0.4953134684364091,0.5425223480636979,0.9821701568250492,SCoNE,0.001,0.1,/home/jupyter/repos/SCoNE/output/models/overdispersion_nu/tune_20
784,0.59195315464458,0.8293958910575748,0.4391463937248043,1.0385788333887755,14,tune,1,20,0.5517285430404186,0.2940732027144478,0.893946837751984,0.41586540690701346,0.89939803811364,0.41603495763798476,0.9175643241674076,0.2385806595365689,0.49361593510729,0.5449628982814855,0.9821701568250492,SCoNE,0.001,0.1,/home/jupyter/repos/SCoNE/output/models/overdispersion_nu/tune_20
785,0.6049623176169128,0.8310009201175568,0.43805531451822083,1.03820223722516,15,tune,1,20,0.5542571122000334,0.30003192920788924,0.8871146726668899,0.41445260230453174,0.886391180426189,0.4078097170037436,0.874522592662311,0.20887947208160312,0.49407000496557385,0.5441322322595863,0.9821701568250492,SCoNE,0.001,0.1,/home/jupyter/repos/SCoNE/output/models/overdispersion_nu/tune_20
786,0.6360973890416558,0.8405019983700235,0.43469349905918697,1.0378405132856328,16,tune,1,20,0.5508302836453778,0.31356145038054,0.8900388056349144,0.41737395142901773,0.8879222343493886,0.40320879047027963,0.8966411797686674,0.23161932132041443,0.49497601392849555,0.5428644993571373,0.9821701568250492,SCoNE,0.001,0.1,/home/jupyter/repos/SCoNE/output/models/overdispersion_nu/tune_20
787,0.6262750394213132,0.8396165441190322,0.4335111016995687,1.0380855769437975,17,tune,1,20,0.5676374895556217,0.30381086225681847,0.9062382449277996,0.40803418224515114,0.9245329075413711,0.38461811081091857,0.9456842757503133,0.22746285869227015,0.49366906337777944,0.5444165135660181,0.9821701568250492,SCoNE,0.001,0.1,/home/jupyter/repos/SCoNE/output/models/overdispersion_nu/tune_20
788,0.5043916989320938,0.7984944697358313,0.43918951372494397,1.0466807838266479,18,tune,1,20,0.46671966898822315,0.3144038783026965,0.9089398618434115,0.43551011865021644,0.8499476500221914,0.377290503573724,0.9172705105373429,0.20826504574624052,0.5128480749407491,0.5338327088858987,0.9821701568250492,SCoNE,0.001,0.1,/home/jupyter/repos/SCoNE/output/models/overdispersion_nu/tune_20
789,0.633210034180597,0.8410900727768997,0.4377931525966132,1.0377727021716814,19,tune,1,20,0.6082870632961219,0.3017057351992942,0.9359682177888083,0.4409033399828746,0.8947241893194731,0.39004917661300115,0.8554921681879883,0.2086748431176639,0.4988422796892961,0.5389304224823853,0.9821701568250492,SCoNE,0.001,0.1,/home/jupyter/repos/SCoNE/output/models/overdispersion_nu/tune_20
790,0.5741559421414762,0.821098277520142,0.44467848278812966,1.0390791881753332,20,tune,1,20,0.55204883693179,0.29670984481825147,0.8899356018433652,0.3965023476753614,0.8908401712110466,0.3868696199509333,0.9102309876773576,0.21772110217181748,0.4949911606996843,0.5440880274756489,0.9821701568250492,SCoNE,0.001,0.1,/home/jupyter/repos/SCoNE/output/models/overdispersion_nu/tune_20
791,0.5941974101222969,0.8286180171232328,0.4377840914152719,1.0379541041641216,21,tune,1,20,0.5615562465041976,0.2891233414098655,0.9070179110979617,0.4309255038960551,0.8766097200258635,0.3997640808365385,0.8553842483055191,0.20339174779418395,0.4954619629397887,0.5424921412243329,0.9821701568250492,SCoNE,0.001,0.1,/home/jupyter/repos/SCoNE/output/models/overdispersion_nu/tune_20
792,0.41918912618168974,0.7762142110594982,0.44765855966417434,1.0529480766334873,22,tune,1,20,0.5055994431849972,0.3079318585028581,0.881275374706223,0.3998293361570099,0.8136677194254327,0.3948158062458409,0.8778970324166216,0.21678882103387326,0.5098183145388936,0.5431297620945938,0.9821701568250492,SCoNE,0.001,0.1,/home/jupyter/repos/SCoNE/output/models/overdispersion_nu/tune_20
793,0.5869591116734374,0.8271368358579392,0.43763638301511215,1.0399056867952694,23,tune,1,20,0.5271335828054071,0.309872935557445,0.8773090646072297,0.3966030574114426,0.9009017144957677,0.3972565257249907,0.9427479072237033,0.22843978078815294,0.49233935814512125,0.5475663286501481,0.9821701568250492,SCoNE,0.001,0.1,/home/jupyter/repos/SCoNE/output/models/overdispersion_nu/tune_20
794,0.6416787600735162,0.8423531889305301,0.43356596345187115,1.0383889671542372,24,tune,1,20,0.5491877463646848,0.2960324877654902,0.8866255648256999,0.39431839883155706,0.9019363129629834,0.3979341795185208,0.8869203002355037,0.22511612174568962,0.4935534805636681,0.5448354865905691,0.9821701568250492,SCoNE,0.001,0.1,/home/jupyter/repos/SCoNE/output/models/overdispersion_nu/tune_20
795,0.6311767036903921,0.83906887422404,0.43313099655019277,1.0379349164161704,25,tune,1,20,0.554565374609193,0.31349602643928093,0.8923239726225647,0.40008223246520985,0.906740388478582,0.41806245923537766,0.9205734751698238,0.22066533671481015,0.49375935607665306,0.5441755603395174,0.9821701568250492,SCoNE,0.001,0.1,/home/jupyter/repos/SCoNE/output/models/overdispersion_nu/tune_20
796,0.5487915468148545,0.820819120871319,0.4449371205347984,1.0386553458469174,26,tune,1,20,0.5392394191652501,0.2962107093969938,0.8895783775010246,0.4230928115751256,0.8889755803680598,0.3922864438985249,0.9320597663333272,0.2090951949317172,0.4942581165779156,0.5443972292690018,0.9821701568250492,SCoNE,0.001,0.1,/home/jupyter/repos/SCoNE/output/models/overdispersion_nu/tune_20
797,0.6125019179425136,0.8330129176418595,0.4360623726344812,1.037701545193184,27,tune,1,20,0.6111667865718369,0.2858726326951309,0.9399014969090235,0.43378401719240567,0.8715533482708439,0.4070099880486236,0.8271363326998591,0.22089457653471117,0.49668411769798754,0.5410174274951964,0.9821701568250492,SCoNE,0.001,0.1,/home/jupyter/repos/SCoNE/output/models/overdispersion_nu/tune_20
798,0.5783794992667673,0.8265291569582677,0.44004564677518376,1.038438438647082,28,tune,1,20,0.5546246376401616,0.2772297378290292,0.8995740986066285,0.4261901334987892,0.8554285530087605,0.4028139935932572,0.8398003970811385,0.19710672049116076,0.4946172761784545,0.5438211624686276,0.9821701568250492,SCoNE,0.001,0.1,/home/jupyter/repos/SCoNE/output/models/overdispersion_nu/tune_20
799,0.5935868864961984,0.8302808085847739,0.4387656896938902,1.0384309111693124,29,tune,1,20,0.5502062939771104,0.3020004226097496,0.8944323351893844,0.40838721356268437,0.8926334567826926,0.40011995846093235,0.9118878633269679,0.2196811507109265,0.4939458300676949,0.5444850811016176,0.9821701568250492,SCoNE,0.001,0.1,/home/jupyter/repos/SCoNE/output/models/overdispersion_nu/tune_20
800,0.6294106467486584,0.837618090660791,0.43532502612453877,1.0378459456600049,30,tune,1,20,0.5439648060368749,0.2885565136583696,0.8769436174358642,0.41724915979700045,0.8880706703129945,0.3903709424661853,0.8754696394848549,0.236741666589222,0.49403381592276185,0.5438121297372431,0.9821701568250492,SCoNE,0.001,0.1,/home/jupyter/repos/SCoNE/output/models/overdispersion_nu/tune_20
801,0.6438378267748787,0.8404627330092922,0.43596875497511733,1.0376665458942778,31,tune,1,20,0.5857782958599838,0.29842743725625154,0.919125781018841,0.42228435050123475,0.8942622074451553,0.3983482883164491,0.8692576892640665,0.21362918767428418,0.4953829275739438,0.5422836183203339,0.9821701568250492,SCoNE,0.001,0.1,/home/jupyter/repos/SCoNE/output/models/overdispersion_nu/tune_20
802,0.6366379343507073,0.8433403210825674,0.43413784640242575,1.0377196056269054,32,tune,1,20,0.5981749165087995,0.2792871781324448,0.9282251931438558,0.4355845344123923,0.9238803661294637,0.39110086914737757,0.914183236028618,0.24093604464510007,0.49587253747861865,0.5418470681482866,0.9821701568250492,SCoNE,0.001,0.1,/home/jupyter/repos/SCoNE/output/models/overdispersion_nu/tune_20
803,0.63627128212609,0.8374888746441214,0.4378876314437879,1.0377687026925217,33,tune,1,20,0.5388077436429601,0.3221717896928855,0.889625513588099,0.41389235006788927,0.8820703449714938,0.40103026918104606,0.8708086051038462,0.21678520231584886,0.49486143475594024,0.5429072679365815,0.9821701568250492,SCoNE,0.001,0.1,/home/jupyter/repos/SCoNE/output/models/overdispersion_nu/tune_20
804,0.573719880029608,0.8244012641079421,0.4412131429264888,1.039314426605665,34,tune,1,20,0.5514439375690791,0.31501681958620503,0.8924614513079316,0.41409726658491963,0.8909883890764593,0.38423213638899945,0.9139843410897558,0.24476440554583223,0.49454891797022754,0.5447655086354376,0.9821701568250492,SCoNE,0.001,0.1,/home/jupyter/repos/SCoNE/output/models/overdispersion_nu/tune_20
805,0.6380595934812866,0.8441046964489676,0.43546978271890047,1.0386736390579094,35,tune,1,20,0.5321923573825371,0.29396059754191695,0.8948847001880412,0.41007793623605643,0.9011242986490897,0.40812268306053523,0.8987604858700853,0.22558578506580748,0.49990479002760513,0.5387688490303044,0.9821701568250492,SCoNE,0.001,0.1,/home/jupyter/repos/SCoNE/output/models/overdispersion_nu/tune_20
806,0.5565219875578448,0.8208026480518488,0.4456632901970165,1.0396458328898248,36,tune,1,20,0.49178983568437906,0.2976059875404546,0.8375857980992993,0.37917551644928643,0.8627285410632447,0.3978020017531275,0.8416689835792087,0.21646328266176137,0.4955856376612726,0.5440601952285523,0.9821701568250492,SCoNE,0.001,0.1,/home/jupyter/repos/SCoNE/output/models/overdispersion_nu/tune_20
807,0.6493858904657362,0.8441383515071941,0.43259732081968544,1.037541124407872,37,tune,1,20,0.558867138862675,0.3091277364578401,0.8946583022038536,0.4067254613012897,0.8842008058274112,0.403034027640257,0.8591660455805537,0.20954210563260717,0.49520728437119504,0.542333840036677,0.9821701568250492,SCoNE,0.001,0.1,/home/jupyter/repos/SCoNE/output/models/overdispersion_nu/tune_20
808,0.6162832919715342,0.8352246394978018,0.43543137862745995,1.038270697997883,38,tune,1,20,0.5474849793488547,0.299032964357635,0.8825061040553506,0.3940029607097657,0.8798045362282152,0.41441383568481105,0.8892398105627661,0.1869967029843048,0.49431885956958016,0.5439518384283029,0.9821701568250492,SCoNE,0.001,0.1,/home/jupyter/repos/SCoNE/output/models/overdispersion_nu/tune_20
809,0.6337214328547466,0.8415144021618431,0.43338731075911885,1.038013762812398,39,tune,1,20,0.5900878882840878,0.2879641799056872,0.9239375744044083,0.42835962602431416,0.9197920031908581,0.3865980777964461,0.9316022440632803,0.24768994712078451,0.4941931034230192,0.5438206593893787,0.9821701568250492,SCoNE,0.001,0.1,/home/jupyter/repos/SCoNE/output/models/overdispersion_nu/tune_20
810,0.6376436730807191,0.8423660427190252,0.43494039201892276,1.0377531051451503,40,tune,1,20,0.5783262503723647,0.31285814946330204,0.9077802735904268,0.4164995148451313,0.8933229844602775,0.4256499425826381,0.8988177236042313,0.1979764097840087,0.49508723386886566,0.5426658712762847,0.9821701568250492,SCoNE,0.001,0.1,/home/jupyter/repos/SCoNE/output/models/overdispersion_nu/tune_20
811,0.5520385416101656,0.815396416357041,0.44645127727401823,1.0397129498814577,41,tune,1,20,0.5063889640216018,0.31375376236916624,0.8611628723803197,0.38086876820696314,0.8856383297443509,0.4009117858291319,0.8851981428170929,0.18878027075647238,0.49826348254833247,0.5414494673331252,0.9821701568250492,SCoNE,0.001,0.1,/home/jupyter/repos/SCoNE/output/models/overdispersion_nu/tune_20
812,0.622808495671667,0.8379542832018333,0.4368596423484348,1.038215291895388,42,tune,1,20,0.5657738403459196,0.29586573339696093,0.9107223091459089,0.4232319951733961,0.9004217269052298,0.3909963027661214,0.9081633949045269,0.20308431526750292,0.49541287531397715,0.5428024165814107,0.9821701568250492,SCoNE,0.001,0.1,/home/jupyter/repos/SCoNE/output/models/overdispersion_nu/tune_20
813,0.595858322944568,0.8298071744407585,0.4372338350120467,1.0384928777408815,43,tune,1,20,0.5406616783107755,0.2828775129995778,0.8781186467797282,0.40213664706557095,0.9085605583661802,0.385924309169228,0.9275193824665223,0.2447492711916622,0.4934037508174212,0.5450891269234602,0.9821701568250492,SCoNE,0.001,0.1,/home/jupyter/repos/SCoNE/output/models/overdispersion_nu/tune_20
814,0.6515049233323823,0.843046422416625,0.4323583474643646,1.0377062069588041,44,tune,1,20,0.5686088158834489,0.3102845156461895,0.9172045716763055,0.41549701541422834,0.946906399258086,0.391718487323698,0.9624289365600581,0.23876571836684735,0.49395005425063526,0.5437561527081689,0.9821701568250492,SCoNE,0.001,0.1,/home/jupyter/repos/SCoNE/output/models/overdispersion_nu/tune_20
815,0.5996737958781425,0.8289889532438754,0.4383599178601607,1.0382739198256836,45,tune,1,20,0.5297281075426072,0.31343889639943173,0.8728200899434316,0.40261455769961557,0.8975608355643233,0.3899567890141947,0.916653523087451,0.25041026133683647,0.4937549389202956,0.5445189809053881,0.9821701568250492,SCoNE,0.001,0.1,/home/jupyter/repos/SCoNE/output/models/overdispersion_nu/tune_20
816,0.5908492193859638,0.8272275112862171,0.4408978415762175,1.0380338934666036,46,tune,1,20,0.5485631523093576,0.28289232696339506,0.8836287792223012,0.4124888293010822,0.8890752482357215,0.40637930954028156,0.8962826325054385,0.19338287288573094,0.49399971669893217,0.5440341767676714,0.9821701568250492,SCoNE,0.001,0.1,/home/jupyter/repos/SCoNE/output/models/overdispersion_nu/tune_20
817,0.3273601714095133,0.7242747884207863,0.45544505015250086,1.0532824183183171,47,tune,1,20,0.3689750642577661,0.2846199625432984,0.9035312335766129,0.4323902548644912,0.7705710596551782,0.3439173267078924,0.8540128813988724,0.21196271040592188,0.5195462840684457,0.5337361342498715,0.9821701568250492,SCoNE,0.001,0.1,/home/jupyter/repos/SCoNE/output/models/overdispersion_nu/tune_20
818,0.4947552255900741,0.8039145339263336,0.45101474447232476,1.040485747857637,48,tune,1,20,0.5252536014625793,0.30380355539339254,0.8951798915902525,0.3939718962186965,0.8419066969734156,0.38705175201956715,0.8177484524059159,0.1964732417195076,0.5006758999963101,0.539809847861327,0.9821701568250492,SCoNE,0.001,0.1,/home/jupyter/repos/SCoNE/output/models/overdispersion_nu/tune_20
819,0.2407418361251477,0.6717121929579388,0.44323385050429137,1.0527874227106195,49,tune,1,20,0.3650358082793999,0.26926915399342627,0.9661416996490759,0.4695070119852447,0.7316657873506975,0.33718986690408287,0.9384600095336159,0.24064068548639653,0.5207608671048616,0.532026555605758,0.9821701568250492,SCoNE,0.001,0.1,/home/jupyter/repos/SCoNE/output/models/overdispersion_nu/tune_20
820,0.17370991718979636,0.6141689210999518,0.4138932388886842,1.1518669186730093,0,tune,3,47,0.4086581627887431,0.2463083061143526,0.9898209497938116,0.5142155435338182,0.6976544066705573,0.2810964409922782,0.6717990344128948,0.2904371788287597,0.5437248605606234,0.608142058112386,0.7886188572389629,SCoNE,1.0,1.0,/home/jupyter/repos/SCoNE/output/models/overdispersion_nu/tune_47
821,0.13731551111988913,0.5627577433416039,0.4224628329343845,1.1330438078312723,1,tune,3,47,0.31602435861720174,0.21021143263049358,0.986708235983458,0.5256014114880994,0.4487967194346182,0.2054347723516073,0.6506809598607355,0.2569242582513023,0.545875915029568,0.5871678928017044,0.7886188572389629,SCoNE,1.0,1.0,/home/jupyter/repos/SCoNE/output/models/overdispersion_nu/tune_47
822,0.10282460145429381,0.5669213352290147,0.41232542713238873,1.12982349576922,2,tune,3,47,0.29479991148649726,0.1675741239607412,0.9891851160855647,0.510056463270026,0.52499376863145,0.2193372842227447,0.6525023413997403,0.2901749422206718,0.5461809260191629,0.5836425697500571,0.7886188572389629,SCoNE,1.0,1.0,/home/jupyter/repos/SCoNE/output/models/overdispersion_nu/tune_47
823,0.057704329094770614,0.4896230889972355,0.4184990116435953,1.1372470947313187,3,tune,3,47,0.2309265273411493,0.20203042501443153,0.9892203768738308,0.5180119967495026,0.3845282872117614,0.1759679226502862,0.6544720059194756,0.2780482782988503,0.5464190017896233,0.5908280929416954,0.7886188572389629,SCoNE,1.0,1.0,/home/jupyter/repos/SCoNE/output/models/overdispersion_nu/tune_47
824,0.1610038372254457,0.6081613276646617,0.4143694845053647,1.1370835550985061,4,tune,3,47,0.34639252899785244,0.20462252217583562,0.9888277380079136,0.5095773868607156,0.561411364477161,0.20430087967281188,0.6801255198358596,0.28700091902592084,0.5452552927531361,0.59182826234537,0.7886188572389629,SCoNE,1.0,1.0,/home/jupyter/repos/SCoNE/output/models/overdispersion_nu/tune_47
825,0.1619394160017941,0.593756650271483,0.41255347913601476,1.133288987936627,5,tune,3,47,0.2927526791166125,0.1750526057908955,0.9873654544936946,0.5081481384288453,0.5467445414466202,0.2299456255665625,0.6774008590533593,0.26151191824905096,0.5461479614410532,0.5871410264955739,0.7886188572389629,SCoNE,1.0,1.0,/home/jupyter/repos/SCoNE/output/models/overdispersion_nu/tune_47
826,0.15749926113201917,0.6055442212185603,0.417158342516515,1.1363234679438605,6,tune,3,47,0.3520482394189964,0.17041064999599545,0.9898628961463881,0.5009517437967512,0.6085825118735622,0.24828901177523519,0.6440305109129026,0.25206748322808814,0.5450086612514535,0.5913148066924071,0.7886188572389629,SCoNE,1.0,1.0,/home/jupyter/repos/SCoNE/output/models/overdispersion_nu/tune_47
827,0.09058539429366282,0.5253179937172361,0.40911375066586075,1.149450710392683,7,tune,3,47,0.3256198916680527,0.1870176179771361,0.9906296734732896,0.5122699743256731,0.49737092874395145,0.23534564777316874,0.5698782650896224,0.30328577789188715,0.5448446935515707,0.6046060168411123,0.7886188572389629,SCoNE,1.0,1.0,/home/jupyter/repos/SCoNE/output/models/overdispersion_nu/tune_47
828,0.18943584825941107,0.6242163237784513,0.41644577517634696,1.136125785870481,8,tune,3,47,0.3292198183759783,0.20314469699426582,0.9862263225360463,0.5154456972216724,0.6473486276533166,0.2227102425071212,0.6429874073940459,0.2496610280590991,0.5452634721433783,0.5908623137271027,0.7886188572389629,SCoNE,1.0,1.0,/home/jupyter/repos/SCoNE/output/models/overdispersion_nu/tune_47
829,0.1376152948060127,0.5809895339742581,0.41271069848287306,1.1346359194033964,9,tune,3,47,0.3550047083542939,0.20891321979178668,0.9907296480563311,0.5123671450538518,0.6067384378792599,0.21825852771599114,0.6468303223531051,0.2803004874931531,0.5455923371305261,0.5890435822728702,0.7886188572389629,SCoNE,1.0,1.0,/home/jupyter/repos/SCoNE/output/models/overdispersion_nu/tune_47
830,0.13658464134561948,0.5648323599904316,0.41303915823531867,1.1368017520289326,10,tune,3,47,0.36987618704451497,0.20697645694300454,0.9907645346593735,0.4995400153121132,0.5370251546240739,0.23611540806424713,0.6785233631020499,0.25833687354246754,0.5448196859994059,0.5919820660295267,0.7886188572389629,SCoNE,1.0,1.0,/home/jupyter/repos/SCoNE/output/models/overdispersion_nu/tune_47
831,0.11088080830595784,0.5771083384487578,0.40531926372073274,1.1387760564185818,11,tune,3,47,0.4485030907758136,0.1522527468411451,0.9911143619634648,0.5137001096272806,0.46273040044730185,0.20028353735333723,0.622194476303229,0.30925320741548357,0.5440160953781797,0.5947599610404021,0.7886188572389629,SCoNE,1.0,1.0,/home/jupyter/repos/SCoNE/output/models/overdispersion_nu/tune_47
832,0.10946511546762398,0.5856774395923752,0.4080539784839507,1.1370036679176625,12,tune,3,47,0.4279973395906315,0.17061430036202677,0.9902997285686262,0.524170457016796,0.524085497143643,0.2109423040138206,0.6093470968895692,0.28129241843449454,0.5438028630511513,0.5932008048665111,0.7886188572389629,SCoNE,1.0,1.0,/home/jupyter/repos/SCoNE/output/models/overdispersion_nu/tune_47
833,0.14939395364187125,0.5953296709346527,0.4138556267873988,1.1444944623646338,13,tune,3,47,0.3306316674595902,0.22931824691946393,0.9855634486884022,0.5073225979038201,0.48179001620233525,0.21202420983408565,0.6630874716560032,0.2807893351453266,0.5446256732602042,0.5998687891044296,0.7886188572389629,SCoNE,1.0,1.0,/home/jupyter/repos/SCoNE/output/models/overdispersion_nu/tune_47
834,0.0795883881127935,0.5614921610067847,0.40948696848088323,1.1387957038215486,14,tune,3,47,0.45185390104072115,0.19261970425526023,0.9915297857772413,0.5023257333965581,0.5756163777126811,0.18728553176028018,0.6648240832665497,0.27123414198487644,0.5450112002055353,0.5937845036160133,0.7886188572389629,SCoNE,1.0,1.0,/home/jupyter/repos/SCoNE/output/models/overdispersion_nu/tune_47
835,0.14744268427755564,0.612380682148869,0.41098914141381276,1.1331263620438876,15,tune,3,47,0.38771237014551857,0.1902654340108592,0.9899017034044414,0.5160835212871525,0.6507530743731724,0.22926124176439008,0.6716988767387388,0.2635204282288056,0.5441594017109428,0.5889669603329447,0.7886188572389629,SCoNE,1.0,1.0,/home/jupyter/repos/SCoNE/output/models/overdispersion_nu/tune_47
836,0.18702615475099119,0.6047223340295437,0.40701038344380663,1.132752512186638,16,tune,3,47,0.3440136028385439,0.13776684954621896,0.9901087759537446,0.5198553432054667,0.6290562363746491,0.23349630396758664,0.650256395764845,0.2377934798775257,0.5441131489856874,0.5886393632009504,0.7886188572389629,SCoNE,1.0,1.0,/home/jupyter/repos/SCoNE/output/models/overdispersion_nu/tune_47
837,0.17384697418280545,0.6200776280493947,0.4076313514375112,1.1358797316815004,17,tune,3,47,0.4084933530319713,0.1932513831467398,0.9896925980098042,0.5096014076107397,0.6694410557675183,0.22469748442917223,0.7619869650680597,0.28164669958580835,0.5448239426136096,0.5910557890678908,0.7886188572389629,SCoNE,1.0,1.0,/home/jupyter/repos/SCoNE/output/models/overdispersion_nu/tune_47
838,0.13283488172570854,0.5575546842649726,0.4167405397311553,1.1330808937582926,18,tune,3,47,0.3473047583299685,0.1965423151546022,0.9884077136480929,0.5137164696007628,0.44835779946999604,0.18793338633467369,0.6539304264957833,0.266065187477049,0.5456986806792921,0.5873822130790005,0.7886188572389629,SCoNE,1.0,1.0,/home/jupyter/repos/SCoNE/output/models/overdispersion_nu/tune_47
839,0.16696563434836093,0.6051472064432726,0.4085691449236576,1.1353630558067078,19,tune,3,47,0.41403258269779386,0.15409295452854654,0.9905954310022035,0.5147316969488017,0.6041317370392421,0.25305070129032764,0.6562431369509782,0.25605219298954424,0.542859401407631,0.5925036543990768,0.7886188572389629,SCoNE,1.0,1.0,/home/jupyter/repos/SCoNE/output/models/overdispersion_nu/tune_47
840,0.09892129658027003,0.5507465729469054,0.41284032640868645,1.1358957919887311,20,tune,3,47,0.2877605160348524,0.21920103926010148,0.9889681458185267,0.5237267993144407,0.5734444487087632,0.2260377827573032,0.6678785515731299,0.271659368853308,0.5461398570151805,0.5897559349735505,0.7886188572389629,SCoNE,1.0,1.0,/home/jupyter/repos/SCoNE/output/models/overdispersion_nu/tune_47
841,0.11501832849527828,0.5846689646090678,0.4053400083833636,1.1362920219875265,21,tune,3,47,0.45794930630167874,0.17813635782184276,0.9909483401080096,0.5243695685718491,0.5729345825366632,0.22446301358743256,0.6162397157737273,0.28201545037591463,0.5435878487024266,0.5927041732850999,0.7886188572389629,SCoNE,1.0,1.0,/home/jupyter/repos/SCoNE/output/models/overdispersion_nu/tune_47
842,0.10906036912361484,0.5420449113164539,0.40599180765992526,1.145133179838861,22,tune,3,47,0.2851889249175777,0.20379724167563207,0.9846573939006283,0.5103790576120544,0.5686116247351081,0.2534005430368276,0.6457434851771924,0.306000565561803,0.5456213492547018,0.5995118305841591,0.7886188572389629,SCoNE,1.0,1.0,/home/jupyter/repos/SCoNE/output/models/overdispersion_nu/tune_47
843,0.09406437992606458,0.5626696230121129,0.41424658649992624,1.1390386200288642,23,tune,3,47,0.3828986420296054,0.17196233561373556,0.9891078137274286,0.5276193496127238,0.4602029432229945,0.1946208907891205,0.627189346015604,0.2788664061246433,0.5442124518769823,0.5948261681518819,0.7886188572389629,SCoNE,1.0,1.0,/home/jupyter/repos/SCoNE/output/models/overdispersion_nu/tune_47
844,0.1460625896206702,0.5640069072028017,0.4177109401094664,1.1368332436909747,24,tune,3,47,0.3038320531422098,0.20078106920475972,0.9826498505887118,0.49792922741470647,0.4511401117921561,0.20440312510009398,0.6828804602405294,0.28634819822040625,0.5470502694734469,0.5897829742175277,0.7886188572389629,SCoNE,1.0,1.0,/home/jupyter/repos/SCoNE/output/models/overdispersion_nu/tune_47
845,0.08388104714357188,0.5430386796526465,0.40681239507173556,1.1318068697858878,25,tune,3,47,0.3181246580809397,0.1660620524988114,0.9893432147393532,0.5242446504079875,0.4659331359140819,0.18056043920795467,0.6170594785416113,0.28990897491096024,0.5456149113164155,0.5861919584694723,0.7886188572389629,SCoNE,1.0,1.0,/home/jupyter/repos/SCoNE/output/models/overdispersion_nu/tune_47
846,0.030047544265221812,0.498706177666111,0.411647193357067,1.1361379062188985,26,tune,3,47,0.41739525323055565,0.1577674314550888,0.9909202395852195,0.5166373588078916,0.3325148555196979,0.18374702961344877,0.615159535036779,0.29372210704920887,0.5434127234686751,0.5927251827502235,0.7886188572389629,SCoNE,1.0,1.0,/home/jupyter/repos/SCoNE/output/models/overdispersion_nu/tune_47
847,0.1668447540031479,0.5987642314199121,0.4048015848600566,1.13253698072474,27,tune,3,47,0.33034112754044526,0.15227421976285385,0.9889737130820602,0.5239448994392696,0.5644519211043889,0.19843612916848266,0.6975109451719248,0.26821238206773235,0.5453463107425414,0.5871906699821988,0.7886188572389629,SCoNE,1.0,1.0,/home/jupyter/repos/SCoNE/output/models/overdispersion_nu/tune_47
848,0.05617464914362579,0.5077351412763284,0.39821887766536834,1.1297374581467823,28,tune,3,47,0.3916860649872597,0.16911533764236666,0.9907183173792466,0.5059651470836082,0.39012338427861565,0.18134560321882248,0.5928937433880219,0.2828044024035599,0.5450519734074158,0.5846854847393663,0.7886188572389629,SCoNE,1.0,1.0,/home/jupyter/repos/SCoNE/output/models/overdispersion_nu/tune_47
849,0.1007674920634047,0.5617893510950573,0.41449211286470033,1.1277693637975927,29,tune,3,47,0.37275914858235093,0.14473316948439957,0.99117272529246,0.5061057589602742,0.5193163625112002,0.2026298759399285,0.6443787283555364,0.273128082934316,0.5452590260012634,0.5825103377963292,0.7886188572389629,SCoNE,1.0,1.0,/home/jupyter/repos/SCoNE/output/models/overdispersion_nu/tune_47
850,0.13158793140872857,0.5542602991460868,0.42327916254695874,1.1333043732629877,30,tune,3,47,0.3214048806294216,0.12267341091183974,0.9900180596497274,0.5130264355518608,0.4308212217098698,0.22495636946206587,0.6406827725215593,0.2910333188896518,0.5454814219620073,0.5878229513009804,0.7886188572389629,SCoNE,1.0,1.0,/home/jupyter/repos/SCoNE/output/models/overdispersion_nu/tune_47
851,0.08447628066436122,0.5682400528228037,0.4111882394201815,1.138227998030506,31,tune,3,47,0.5095438683328454,0.14430685109941652,0.9904984503476805,0.5124057229482696,0.4298773446353348,0.19273530244344625,0.576002687345027,0.279280421425778,0.5435837247165759,0.5946442733139301,0.7886188572389629,SCoNE,1.0,1.0,/home/jupyter/repos/SCoNE/output/models/overdispersion_nu/tune_47
852,0.14753677803416573,0.5173869952899666,0.3997265188614255,1.1420934491307024,32,tune,3,47,0.2735469476179093,0.17294602868720876,0.986311721861065,0.5255538080590956,0.561168380762967,0.26389399301724614,0.7216619731826571,0.28604643659015144,0.5460813565776002,0.5960120925531024,0.7886188572389629,SCoNE,1.0,1.0,/home/jupyter/repos/SCoNE/output/models/overdispersion_nu/tune_47
853,0.18028201053836096,0.620511884273675,0.4146589795340554,1.136425228840225,33,tune,3,47,0.3931835769961067,0.19194081961753642,0.9906333211578948,0.5208788376015331,0.6504450027407408,0.2199933373574953,0.6531387640717808,0.2592890907360896,0.5448752388955033,0.5915499899447216,0.7886188572389629,SCoNE,1.0,1.0,/home/jupyter/repos/SCoNE/output/models/overdispersion_nu/tune_47
854,0.129520150870207,0.606598791797454,0.42375040019653887,1.1535272373639405,34,tune,3,47,0.5152369570905312,0.20557031374892648,0.9889863742446773,0.5159315683652452,0.6442748694347176,0.2607455359121745,0.7592846172349242,0.2839941064691617,0.54579514297404,0.6077320943899006,0.7886188572389629,SCoNE,1.0,1.0,/home/jupyter/repos/SCoNE/output/models/overdispersion_nu/tune_47
855,0.10567201164823532,0.5628951111511749,0.4123836947329425,1.1277563147232796,35,tune,3,47,0.4251573017334671,0.18548422453020122,0.9905681494337487,0.5241557954373053,0.5211552169194282,0.18100946909343618,0.6594892551367931,0.27965693057650187,0.5451670379247935,0.582589276798486,0.7886188572389629,SCoNE,1.0,1.0,/home/jupyter/repos/SCoNE/output/models/overdispersion_nu/tune_47
856,0.07710089859225368,0.5329149610084388,0.42252550424346247,1.1464299788818069,36,tune,3,47,0.35718110486369664,0.16123692191922845,0.9899665907001909,0.5205214541618265,0.5128460171081483,0.24196740382700713,0.6867822391531639,0.2541500158624295,0.5457664964562686,0.6006634824255382,0.7886188572389629,SCoNE,1.0,1.0,/home/jupyter/repos/SCoNE/output/models/overdispersion_nu/tune_47
857,0.16650408530812538,0.6021658773991221,0.40551385521573846,1.1318220050249073,37,tune,3,47,0.32178470127732933,0.1553430988336558,0.988502239075661,0.5082524976416614,0.5720864053346654,0.23163945374830253,0.6942485183378445,0.2569858403859925,0.5455574829938685,0.5862645220310386,0.7886188572389629,SCoNE,1.0,1.0,/home/jupyter/repos/SCoNE/output/models/overdispersion_nu/tune_47
858,0.12524862440220916,0.5795039970962276,0.4088460079658682,1.1305750467010516,38,tune,3,47,0.3779355779734747,0.16817573470108088,0.9898444366876663,0.5273091149445858,0.5504047778109296,0.21532649181415853,0.6482860146859892,0.24611450683227964,0.5448517097522528,0.5857233369487987,0.7886188572389629,SCoNE,1.0,1.0,/home/jupyter/repos/SCoNE/output/models/overdispersion_nu/tune_47
859,0.13223543652933134,0.5464488838967687,0.40864027115072415,1.145814882640445,39,tune,3,47,0.3018483398175415,0.19654734766328225,0.9859881834844452,0.524684858418336,0.6370768527497731,0.24760094998446205,0.6832879834149344,0.2635817662748887,0.5449263612187606,0.6008885214216845,0.7886188572389629,SCoNE,1.0,1.0,/home/jupyter/repos/SCoNE/output/models/overdispersion_nu/tune_47
860,0.11030701619660256,0.5939506611021576,0.41785744789985685,1.138022109964496,40,tune,3,47,0.4160161118080658,0.2027128743500503,0.990057250552359,0.5290992789997911,0.5358488588359452,0.18988122037960056,0.6418417036569091,0.25736839170509856,0.544148175767587,0.5938739341969089,0.7886188572389629,SCoNE,1.0,1.0,/home/jupyter/repos/SCoNE/output/models/overdispersion_nu/tune_47
861,0.1052890190531562,0.5586787479044221,0.41764397375920853,1.1381250723777587,41,tune,3,47,0.34520025988114883,0.17280967914685397,0.9880604433436446,0.5200835742235327,0.4551805131897678,0.22615552784116832,0.6707639770758801,0.260230594774111,0.544420962890894,0.5937041094868647,0.7886188572389629,SCoNE,1.0,1.0,/home/jupyter/repos/SCoNE/output/models/overdispersion_nu/tune_47
862,0.1447206608067357,0.5555226524958974,0.4127389124566032,1.134691429445783,42,tune,3,47,0.3700954507536833,0.15930326537131775,0.9897778560728525,0.5084505390484756,0.47374880539763176,0.20479932073186805,0.6756568110782196,0.2807089268474609,0.5453636396414911,0.5893277898042918,0.7886188572389629,SCoNE,1.0,1.0,/home/jupyter/repos/SCoNE/output/models/overdispersion_nu/tune_47
863,0.1536708863088155,0.6098432672223929,0.4237632152356003,1.1362962886099108,43,tune,3,47,0.2985289624597054,0.2168658637885278,0.978760486604496,0.521545035305722,0.5690316847550085,0.22740415086101046,0.690364132733434,0.25667969194084445,0.5459951876192253,0.5903011009906857,0.7886188572389629,SCoNE,1.0,1.0,/home/jupyter/repos/SCoNE/output/models/overdispersion_nu/tune_47
864,0.06814570446612134,0.552805779058909,0.41393833643255434,1.1456862842134607,44,tune,3,47,0.3668777677318513,0.19057699269995662,0.9910627481061002,0.5181240467377625,0.5154632507797033,0.20405438088651034,0.6100116853391861,0.2824025250765792,0.5456538456416394,0.6000324385718213,0.7886188572389629,SCoNE,1.0,1.0,/home/jupyter/repos/SCoNE/output/models/overdispersion_nu/tune_47
865,0.1403783179820353,0.6251504927813846,0.4350871626728421,1.1754801182978452,45,tune,3,47,0.35108129706060665,0.25670357511441266,0.964665009690503,0.5075641251322331,0.6743152927232298,0.3244021796357108,0.7481102617232106,0.23718942803741558,0.5361316759918564,0.6393484423059888,0.7886188572389629,SCoNE,1.0,1.0,/home/jupyter/repos/SCoNE/output/models/overdispersion_nu/tune_47
866,0.1371849574652846,0.5707299386611162,0.4175032091747827,1.1327695091592667,46,tune,3,47,0.29445846427222144,0.17723936604476137,0.9867251177205508,0.509187613752426,0.51631845753886,0.22116088763757522,0.628750081036322,0.2493919334481545,0.545533047571945,0.5872364615873217,0.7886188572389629,SCoNE,1.0,1.0,/home/jupyter/repos/SCoNE/output/models/overdispersion_nu/tune_47
867,0.09973489409683745,0.5432352522064189,0.4084598944519617,1.1476963157739979,47,tune,3,47,0.3059748997184082,0.19776599869688333,0.9880216164406443,0.514453769413754,0.6181090419857282,0.21542538926297491,0.7231015684837258,0.2954660314564399,0.5452840352274235,0.6024122805465743,0.7886188572389629,SCoNE,1.0,1.0,/home/jupyter/repos/SCoNE/output/models/overdispersion_nu/tune_47
868,0.14805652320267182,0.5987595070134138,0.4118787670169754,1.1303718278483137,48,tune,3,47,0.34823964985353734,0.20166310966225176,0.9870962363803522,0.5132385508458295,0.5745079104478132,0.23033259368296438,0.685889844460547,0.2622137683735857,0.5456551769122204,0.5847166509360933,0.7886188572389629,SCoNE,1.0,1.0,/home/jupyter/repos/SCoNE/output/models/overdispersion_nu/tune_47
869,0.041615359594987765,0.5170317323481203,0.4022585951354552,1.1442344805515259,49,tune,3,47,0.3617727521653772,0.16223445202290793,0.9905673508672114,0.5057708541380521,0.4658792741685177,0.18145571646636788,0.6176557120634942,0.2664635917739197,0.5442722125997395,0.5999622679517864,0.7886188572389629,SCoNE,1.0,1.0,/home/jupyter/repos/SCoNE/output/models/overdispersion_nu/tune_47
870,0.1252497988832209,0.5492971938327322,0.40603714784417394,1.1330445607732438,0,tune,3,44,0.5883264127957402,0.2611617396373298,0.9921659631231963,0.5101772075821933,0.5013346786120332,0.22835949074266554,0.6546268062571308,0.26272575169032014,0.541655623013443,0.5913889377598007,0.7981441297204247,SCoNE,0.001,1.0,/home/jupyter/repos/SCoNE/output/models/overdispersion_nu/tune_44
871,0.16747128554194507,0.5956970838512582,0.419690223854489,1.1347566291700875,1,tune,3,44,0.435472322898521,0.22567949855316702,0.9904124282367803,0.49707613307573345,0.5378611522675036,0.2669731084202866,0.6685567420770359,0.22868520895406647,0.5408957882268152,0.5938608409432723,0.7981441297204247,SCoNE,0.001,1.0,/home/jupyter/repos/SCoNE/output/models/overdispersion_nu/tune_44
872,0.18205849295529225,0.6267114132258261,0.4212495016220561,1.1331213901359143,2,tune,3,44,0.4795164116626268,0.25141557995318764,0.9902240707982598,0.5059862070520859,0.5829467646384796,0.25694863416888825,0.6625912012171798,0.2028637415031093,0.542950730863341,0.5901706592725734,0.7981441297204247,SCoNE,0.001,1.0,/home/jupyter/repos/SCoNE/output/models/overdispersion_nu/tune_44
873,0.18317950189954324,0.6301418096832935,0.40407674903247437,1.130448375791855,3,tune,3,44,0.579114723180162,0.22709775444805047,0.9932766682943975,0.5198680829475437,0.6429493602298129,0.26781334932215944,0.6382658743352265,0.23202188878428381,0.5394980095901227,0.5909503662017324,0.7981441297204247,SCoNE,0.001,1.0,/home/jupyter/repos/SCoNE/output/models/overdispersion_nu/tune_44
874,0.14312255523047596,0.5895356894333792,0.4172084407936715,1.1295318542657113,4,tune,3,44,0.43896027489434736,0.273687905322354,0.9917301183100377,0.5049607086137331,0.5560439205814519,0.2360444168080523,0.6539782807453884,0.20295016638725552,0.5429785303482664,0.586553323917445,0.7981441297204247,SCoNE,0.001,1.0,/home/jupyter/repos/SCoNE/output/models/overdispersion_nu/tune_44
875,0.14762697843854586,0.5901154401667835,0.41314538920190613,1.1262461647926365,5,tune,3,44,0.45769660067819234,0.23445301544540226,0.9919448602752976,0.5142401570527856,0.5651111860278533,0.22023204082381195,0.6413049108725231,0.22708140770750984,0.5430924596760114,0.5831537051166252,0.7981441297204247,SCoNE,0.001,1.0,/home/jupyter/repos/SCoNE/output/models/overdispersion_nu/tune_44
876,0.13438909188719547,0.5579060196150105,0.40836380379823567,1.133375868867237,6,tune,3,44,0.40154413921086674,0.24668117044201338,0.9921120210276143,0.5044138386690986,0.5777679623277099,0.2720951427031515,0.6279749512930985,0.21629423168457548,0.542992029461727,0.5903838394055101,0.7981441297204247,SCoNE,0.001,1.0,/home/jupyter/repos/SCoNE/output/models/overdispersion_nu/tune_44
877,0.18964042184116664,0.6369106710619735,0.42143808826117213,1.132472909456657,7,tune,3,44,0.4843744765426135,0.25346871195653065,0.9906645979625138,0.5024171177691729,0.5873143643202816,0.21637892506212564,0.6573896250271403,0.19587888977931198,0.5422052021137851,0.590267707342872,0.7981441297204247,SCoNE,0.001,1.0,/home/jupyter/repos/SCoNE/output/models/overdispersion_nu/tune_44
878,0.10482858205289422,0.5528248637450625,0.4109164109174152,1.1374933416885975,8,tune,3,44,0.5195786839575036,0.21051453000331946,0.9928400899316604,0.5012167383625598,0.5288125762540019,0.23991727370138474,0.6136659043273438,0.23259454880181404,0.5415253520869472,0.5959679896016502,0.7981441297204247,SCoNE,0.001,1.0,/home/jupyter/repos/SCoNE/output/models/overdispersion_nu/tune_44
879,0.14558787431274603,0.6032494934797413,0.4169899787482313,1.1291969451609254,9,tune,3,44,0.4292826741720166,0.2619429989158457,0.9908845853364773,0.49034565878234376,0.5686290822591629,0.24793855637520412,0.6520389702779924,0.23265290324114749,0.5432756771389633,0.5859212680219622,0.7981441297204247,SCoNE,0.001,1.0,/home/jupyter/repos/SCoNE/output/models/overdispersion_nu/tune_44
880,0.15984400452990535,0.6040048676285606,0.4172837192761831,1.1290921497155124,10,tune,3,44,0.4024533315275439,0.2464895090375531,0.9868104250944301,0.5089761965835744,0.5765334390526997,0.25252942537042095,0.6486787184713444,0.2440819709463783,0.5435565653138241,0.5855355844016882,0.7981441297204247,SCoNE,0.001,1.0,/home/jupyter/repos/SCoNE/output/models/overdispersion_nu/tune_44
881,0.2031868572783243,0.6301753679526132,0.41319175240985784,1.1346021189262032,11,tune,3,44,0.40582802820368813,0.21940458949566252,0.9825352367810927,0.49631365089874974,0.6397600984052978,0.28809339441700293,0.6385833314167066,0.20816881239653326,0.5416860514381787,0.5929160674880246,0.7981441297204247,SCoNE,0.001,1.0,/home/jupyter/repos/SCoNE/output/models/overdispersion_nu/tune_44
882,0.14632058707055057,0.5872247343853818,0.41124209493660635,1.1252199473021443,12,tune,3,44,0.4701424177025963,0.22603854538383078,0.9919624072188616,0.5000682149150179,0.5627994641571069,0.24090902320819968,0.6728563305305437,0.22965752306935394,0.5429587700587553,0.5822611772433889,0.7981441297204247,SCoNE,0.001,1.0,/home/jupyter/repos/SCoNE/output/models/overdispersion_nu/tune_44
883,0.1744068328176013,0.6230890516729082,0.4280696885551635,1.133552544081335,13,tune,3,44,0.48079819908915006,0.24303502927091852,0.9904453016744021,0.49290802082351254,0.5582235904766594,0.23901175340371153,0.663714561830378,0.1865722629380351,0.5425401686689243,0.5910123754124106,0.7981441297204247,SCoNE,0.001,1.0,/home/jupyter/repos/SCoNE/output/models/overdispersion_nu/tune_44
884,0.15268237098625126,0.5785813537846338,0.413366121984761,1.141501720174199,14,tune,3,44,0.608351165013222,0.2779468632011992,0.9939775268955222,0.503389252554514,0.6560265208625339,0.28236152241097423,0.6932817443197751,0.21973086427177965,0.5423820079160753,0.5991197122581238,0.7981441297204247,SCoNE,0.001,1.0,/home/jupyter/repos/SCoNE/output/models/overdispersion_nu/tune_44
885,0.10644728572237361,0.548022016461233,0.4120851945755644,1.1273692365751478,15,tune,3,44,0.5122265329150514,0.23284523753064712,0.9934881223939758,0.5030040850558577,0.5604820425955992,0.20587460311418238,0.6386957386873789,0.2556704776331972,0.5431647689045284,0.5842044676706194,0.7981441297204247,SCoNE,0.001,1.0,/home/jupyter/repos/SCoNE/output/models/overdispersion_nu/tune_44
886,0.11091457628593202,0.580148659941105,0.4218101573523316,1.136566771514718,16,tune,3,44,0.5432626881790031,0.23920062299915124,0.9918404547119971,0.5088647577068713,0.5205491082427528,0.23009309548172943,0.6409647083422213,0.22795578005651898,0.5410018934551707,0.5955648780595475,0.7981441297204247,SCoNE,0.001,1.0,/home/jupyter/repos/SCoNE/output/models/overdispersion_nu/tune_44
887,0.18976899834637337,0.6265242635072455,0.4328041660301032,1.1380120024709388,17,tune,3,44,0.3765501341460796,0.24761892133333674,0.97722480141669,0.489740457932557,0.5783279632260605,0.24903600713584273,0.6291569298439851,0.1532188993002935,0.5429154216636402,0.5950965808072985,0.7981441297204247,SCoNE,0.001,1.0,/home/jupyter/repos/SCoNE/output/models/overdispersion_nu/tune_44
888,0.13765499509397958,0.5529362478164492,0.4281984750966443,1.130423659642351,18,tune,3,44,0.42806370937826455,0.2505926049241429,0.9904392614492112,0.49242286709615035,0.44644254570641484,0.25783742474606797,0.61588712077653,0.20403533727346543,0.5432945007649114,0.5871291588774397,0.7981441297204247,SCoNE,0.001,1.0,/home/jupyter/repos/SCoNE/output/models/overdispersion_nu/tune_44
889,0.14798454939238373,0.6230840533868953,0.41435910391773306,1.1325530527767056,19,tune,3,44,0.5551397242129075,0.23394995481164987,0.9932246059112788,0.4837324081116474,0.5884653826511977,0.2180849385264779,0.6705751938901935,0.22992467709322742,0.5409563282186276,0.591596724558078,0.7981441297204247,SCoNE,0.001,1.0,/home/jupyter/repos/SCoNE/output/models/overdispersion_nu/tune_44
890,0.186653286725941,0.6198112511776889,0.4067581715432833,1.1352348997576247,20,tune,3,44,0.4010459776775933,0.21291588742965473,0.9857202329156493,0.4989765184849337,0.6136543305501598,0.26772164983433927,0.62471992788538,0.23649230768250143,0.5407754620528761,0.5944594377047486,0.7981441297204247,SCoNE,0.001,1.0,/home/jupyter/repos/SCoNE/output/models/overdispersion_nu/tune_44
891,0.22132457539306097,0.6566381863128862,0.4126465888262838,1.1350783966557976,21,tune,3,44,0.5386282418866433,0.2303814916611159,0.9897071495761781,0.5032141450803955,0.6692657811987427,0.28069133910902644,0.6249769747273476,0.19478071648795223,0.5398138512529174,0.5952645454028803,0.7981441297204247,SCoNE,0.001,1.0,/home/jupyter/repos/SCoNE/output/models/overdispersion_nu/tune_44
892,0.1603077328943896,0.6035048448251228,0.4090047397489376,1.127182837450206,22,tune,3,44,0.4631628352833262,0.25212730631426633,0.9919111428377959,0.5035263816814658,0.5744984742600363,0.24358018463765596,0.664223232534265,0.2483537486990796,0.5428876918392146,0.5842951456109914,0.7981441297204247,SCoNE,0.001,1.0,/home/jupyter/repos/SCoNE/output/models/overdispersion_nu/tune_44
893,0.14945622494345798,0.5772030456142369,0.4136970996876484,1.1303381852040648,23,tune,3,44,0.43238027791355754,0.23412887736512317,0.9901444920343112,0.49574310603463656,0.5313661902309936,0.25002294084462073,0.6545423005494818,0.19985118484007927,0.543360199288816,0.5869779859152489,0.7981441297204247,SCoNE,0.001,1.0,/home/jupyter/repos/SCoNE/output/models/overdispersion_nu/tune_44
894,0.09555496548133531,0.5099402673853081,0.40610049872163345,1.1468160405717542,24,tune,3,44,0.5907548126392533,0.2459411894474568,0.9947630481820148,0.5009789463779449,0.48935842557203946,0.22828098043837183,0.447117830515076,0.2593419317502874,0.5416803766508348,0.6051356639209193,0.7981441297204247,SCoNE,0.001,1.0,/home/jupyter/repos/SCoNE/output/models/overdispersion_nu/tune_44
895,0.15728048392573624,0.5933567641462388,0.4153233681833173,1.1395891652587435,25,tune,3,44,0.5948929705950182,0.2710934316354117,0.9921263376934575,0.5152187749849021,0.6527523436210647,0.30775040649161256,0.6384859169529233,0.18917280772938935,0.5421964528610898,0.5973927123976538,0.7981441297204247,SCoNE,0.001,1.0,/home/jupyter/repos/SCoNE/output/models/overdispersion_nu/tune_44
896,0.1589952699545989,0.5891627215563491,0.41826329152270875,1.132998107510065,26,tune,3,44,0.43143050147183626,0.25711461212176706,0.990179922970192,0.510294382298653,0.5520978025570722,0.26084000884684233,0.6221142488333924,0.20121994898885112,0.5422641169359734,0.5907339905740915,0.7981441297204247,SCoNE,0.001,1.0,/home/jupyter/repos/SCoNE/output/models/overdispersion_nu/tune_44
897,0.1458563983175478,0.5674182291505384,0.4246610675800827,1.1289608516041236,27,tune,3,44,0.4481493446255044,0.24743056064311092,0.9911573014180307,0.5156584379220444,0.4565152414761911,0.22317974299805163,0.644676778496575,0.20799829624519436,0.5431781757872459,0.5857826758168777,0.7981441297204247,SCoNE,0.001,1.0,/home/jupyter/repos/SCoNE/output/models/overdispersion_nu/tune_44
898,0.12868313190387892,0.576792087950826,0.41750900328995705,1.125066987390425,28,tune,3,44,0.49856513863443,0.228404020860734,0.9927574402437614,0.5017952091154599,0.5460777563590521,0.23988906094788912,0.6565088360619995,0.2585642892870245,0.5431439285787085,0.5819230588117166,0.7981441297204247,SCoNE,0.001,1.0,/home/jupyter/repos/SCoNE/output/models/overdispersion_nu/tune_44
899,0.14600657455766983,0.5978067483805584,0.4137759013472019,1.1323354749676091,29,tune,3,44,0.6093507695851466,0.21130272246563653,0.9939835417338055,0.4813006143658024,0.5700316176435177,0.2371648366132209,0.6455092481614307,0.20721087166377664,0.541760565937245,0.590574909030364,0.7981441297204247,SCoNE,0.001,1.0,/home/jupyter/repos/SCoNE/output/models/overdispersion_nu/tune_44
900,0.15478875058813188,0.5945732226013186,0.42327500462452483,1.1326678286019836,30,tune,3,44,0.37709369235278883,0.2585646553431007,0.9875792939698881,0.4928680263784454,0.5565483477147009,0.2617910733129958,0.6583123149026067,0.20223566606891916,0.54370534674886,0.5889624818531236,0.7981441297204247,SCoNE,0.001,1.0,/home/jupyter/repos/SCoNE/output/models/overdispersion_nu/tune_44
901,0.1811457812484275,0.6176001893841038,0.4203077640008464,1.1341933568025082,31,tune,3,44,0.4830093239927754,0.24138539697868988,0.991590849205092,0.5104807972974151,0.5710486624902636,0.23677343507318477,0.6529640331883045,0.1825255641351777,0.5429223486480541,0.5912710081544541,0.7981441297204247,SCoNE,0.001,1.0,/home/jupyter/repos/SCoNE/output/models/overdispersion_nu/tune_44
902,0.12012385811661203,0.5485386599321321,0.41246396961659826,1.132115096748703,32,tune,3,44,0.4879460186641616,0.24604300222458203,0.9929207227651629,0.5068262681664082,0.4879515096081962,0.24750705462306716,0.6702835544544475,0.24566736741600373,0.5429836406741317,0.5891314560745713,0.7981441297204247,SCoNE,0.001,1.0,/home/jupyter/repos/SCoNE/output/models/overdispersion_nu/tune_44
903,0.11421974931752345,0.544020806099611,0.4109860134586586,1.1322682512177908,33,tune,3,44,0.4301480518714845,0.23484218837196655,0.9920572831523299,0.5052031572133708,0.603499466950168,0.23327077215959302,0.6581267389994092,0.20134764379127346,0.5432139674006939,0.5890542838170968,0.7981441297204247,SCoNE,0.001,1.0,/home/jupyter/repos/SCoNE/output/models/overdispersion_nu/tune_44
904,0.1306442311966874,0.5629063788830692,0.41139639616489615,1.136291140726651,34,tune,3,44,0.44664710852871226,0.2389312704959269,0.9912290264334661,0.5030562841506118,0.538451889905309,0.24791495825193274,0.6213024599483153,0.21418559053071717,0.5420933918699433,0.5941977488567076,0.7981441297204247,SCoNE,0.001,1.0,/home/jupyter/repos/SCoNE/output/models/overdispersion_nu/tune_44
905,0.19599461781786226,0.6341857314509107,0.4222551459851065,1.1328266466575259,35,tune,3,44,0.5174300564513097,0.2631858497159606,0.9910621674683167,0.5006645876648792,0.6022417095515016,0.2628836136815316,0.6271102868738357,0.19483287436535474,0.5424951992324388,0.5903314474250869,0.7981441297204247,SCoNE,0.001,1.0,/home/jupyter/repos/SCoNE/output/models/overdispersion_nu/tune_44
906,0.161283853244831,0.6036078388001422,0.41556190493298234,1.144772165504536,36,tune,3,44,0.5140445926237632,0.26539524162824946,0.9917138991810418,0.5180507313413399,0.6438892694394841,0.3176223348234475,0.6261263112685578,0.2084231527722245,0.5414499324440972,0.6033222330604388,0.7981441297204247,SCoNE,0.001,1.0,/home/jupyter/repos/SCoNE/output/models/overdispersion_nu/tune_44
907,0.21328316959874544,0.6414417453640219,0.42050713907614473,1.135015928013804,37,tune,3,44,0.4906429373845081,0.25448613696209926,0.9903663353759118,0.4835425747528342,0.615810349376882,0.2483784050992115,0.6343137192244663,0.184207500518688,0.5414095010465587,0.5936064269672452,0.7981441297204247,SCoNE,0.001,1.0,/home/jupyter/repos/SCoNE/output/models/overdispersion_nu/tune_44
908,0.1930185269409968,0.6307878588638249,0.4267967449050286,1.1322271831946975,38,tune,3,44,0.5062578329561476,0.24929485171046117,0.9916119763129595,0.49138949224443484,0.5743771050383514,0.2381225857914646,0.628822553687406,0.1976593544588991,0.5428556025328996,0.5893715806617978,0.7981441297204247,SCoNE,0.001,1.0,/home/jupyter/repos/SCoNE/output/models/overdispersion_nu/tune_44
909,0.149673229874471,0.6291631801618854,0.4184214992438764,1.1333723350590637,39,tune,3,44,0.5406405428790395,0.22789349060417435,0.9921308623361131,0.49662660319097157,0.5991378146893823,0.2436549586870089,0.6741605753642058,0.25803230054029036,0.5413125879406514,0.5920597471184124,0.7981441297204247,SCoNE,0.001,1.0,/home/jupyter/repos/SCoNE/output/models/overdispersion_nu/tune_44
910,0.09301344852039826,0.5427280951072113,0.40623385429855546,1.139057191378146,40,tune,3,44,0.4861631642565442,0.2479817842123153,0.9925010478194665,0.5052793422617438,0.5213348990801974,0.2381722139393012,0.5394286759420852,0.2641049796389156,0.5427214469955681,0.5963357443825777,0.7981441297204247,SCoNE,0.001,1.0,/home/jupyter/repos/SCoNE/output/models/overdispersion_nu/tune_44
911,0.08447227201712916,0.5622008999673885,0.4129585554648459,1.1288913194701404,41,tune,3,44,0.6306372721695905,0.2252850833512039,0.9935512134935596,0.5066089223993828,0.48126152167086234,0.189851418108085,0.628272324893219,0.2688897577677245,0.5424730301674809,0.5864182893026596,0.7981441297204247,SCoNE,0.001,1.0,/home/jupyter/repos/SCoNE/output/models/overdispersion_nu/tune_44
912,0.1626829376607697,0.590189648229402,0.41449705124938496,1.1312900861475241,42,tune,3,44,0.40730571964808676,0.22603181136856937,0.9896364147050277,0.5124468693211631,0.5606326811168675,0.23702738280630892,0.6563799929981996,0.20597660869899187,0.5434041045446166,0.5878859816029075,0.7981441297204247,SCoNE,0.001,1.0,/home/jupyter/repos/SCoNE/output/models/overdispersion_nu/tune_44
913,0.21405004830577198,0.6553867073654225,0.41119922583503693,1.1344482005272858,43,tune,3,44,0.49444297123864006,0.23735389895377396,0.9893987497367285,0.5163649005197777,0.6956407965715614,0.3014033422899074,0.6291340471674106,0.19918383553869876,0.5403957678119764,0.5940524327153094,0.7981441297204247,SCoNE,0.001,1.0,/home/jupyter/repos/SCoNE/output/models/overdispersion_nu/tune_44
914,0.16503329908229444,0.5986183947231176,0.4163023294661336,1.1349931711488916,44,tune,3,44,0.45321135364763626,0.2839992551571207,0.9907283490627148,0.4949453921952952,0.6154181798296856,0.268561138362896,0.6231849176081464,0.21139198902876036,0.5425595894844281,0.5924335816644637,0.7981441297204247,SCoNE,0.001,1.0,/home/jupyter/repos/SCoNE/output/models/overdispersion_nu/tune_44
915,0.14830472544646492,0.5607375472873622,0.40453483753298014,1.13935969253409,45,tune,3,44,0.356129254169946,0.26082193676857496,0.9904200668752352,0.505533162263102,0.6022098202385128,0.25344466036240865,0.5676589215545004,0.22264340594345533,0.5421953550850328,0.5971643374490573,0.7981441297204247,SCoNE,0.001,1.0,/home/jupyter/repos/SCoNE/output/models/overdispersion_nu/tune_44
916,0.12782696341621566,0.5775281124116312,0.4172852623207042,1.127333745876839,46,tune,3,44,0.4443753706078396,0.22905224265541932,0.9909181467256123,0.49186335799705155,0.5450855165034988,0.22294773313030167,0.6470562445200382,0.25039523550371773,0.5437834454241871,0.5835503004526521,0.7981441297204247,SCoNE,0.001,1.0,/home/jupyter/repos/SCoNE/output/models/overdispersion_nu/tune_44
917,0.16205047630207126,0.6093698415652617,0.4140332645081014,1.1303802091908706,47,tune,3,44,0.5318426507796473,0.23218510488995187,0.9926896495932878,0.5082392009267089,0.6108626427246091,0.2584983734523902,0.625196632935304,0.23040978451961616,0.5422419928418277,0.5881382163490428,0.7981441297204247,SCoNE,0.001,1.0,/home/jupyter/repos/SCoNE/output/models/overdispersion_nu/tune_44
918,0.15992606676677068,0.6126597497755927,0.4137047013688784,1.138250074269396,48,tune,3,44,0.41206724006681683,0.26947069283048847,0.9874428580975433,0.49396419444419415,0.5592719137915159,0.2715042832916363,0.6524003353011548,0.23073320054547516,0.5406937493588755,0.5975563249105205,0.7981441297204247,SCoNE,0.001,1.0,/home/jupyter/repos/SCoNE/output/models/overdispersion_nu/tune_44
919,0.16983726216807193,0.620438038363941,0.4210198618610706,1.1348894509090113,49,tune,3,44,0.5027401817344591,0.2519678001133459,0.9905184419675993,0.5047264752292103,0.6204913383897809,0.2644658153069585,0.589490596720532,0.21213963677025546,0.5418178811984128,0.5930715697105985,0.7981441297204247,SCoNE,0.001,1.0,/home/jupyter/repos/SCoNE/output/models/overdispersion_nu/tune_44
920,0.10446590724786245,0.5385224660784879,0.40298361136748356,1.1301600172447919,0,tune,3,46,0.6824216445931345,0.21598714640062228,0.9937275849775916,0.5125356554315251,0.49120373151199054,0.2158847223768166,0.6497869544209355,0.2686347349035895,0.5421092998947568,0.5880507173500352,0.7841674829061462,SCoNE,0.1,1.0,/home/jupyter/repos/SCoNE/output/models/overdispersion_nu/tune_46
921,0.1699053162706083,0.5935987524018677,0.4164402593457925,1.1348200436509637,1,tune,3,46,0.4158656137734409,0.21124602280799337,0.9895525197160213,0.5003107410362241,0.5304024365203532,0.2578993659137641,0.6839628528921554,0.24676578460624893,0.540980096246736,0.5938399474042276,0.7841674829061462,SCoNE,0.1,1.0,/home/jupyter/repos/SCoNE/output/models/overdispersion_nu/tune_46
922,0.1856873912594636,0.6216544607276595,0.41775857919370063,1.1312395875544619,2,tune,3,46,0.5650431882132921,0.2170200921919501,0.9929363923154596,0.5074053337632228,0.5809633920534206,0.24292047062006777,0.6762178677709447,0.2222725190690181,0.5425883267986353,0.5886512607558264,0.7841674829061462,SCoNE,0.1,1.0,/home/jupyter/repos/SCoNE/output/models/overdispersion_nu/tune_46
923,0.18995597974633427,0.6305378501462442,0.4039277242132755,1.1305864460756911,3,tune,3,46,0.5532462939616144,0.22374697630803997,0.9926097444098219,0.5217511403134896,0.6430847917813791,0.263335365427024,0.6406432293242232,0.23554561201210103,0.5398532271604239,0.5907332189152673,0.7841674829061462,SCoNE,0.1,1.0,/home/jupyter/repos/SCoNE/output/models/overdispersion_nu/tune_46
924,0.14339228229311687,0.5886002780216835,0.4144355804760274,1.1280224897312663,4,tune,3,46,0.4658272942899097,0.25345094036984894,0.9922529351341686,0.506982515746696,0.556573431083037,0.22596426660869423,0.6543098625946427,0.21840085805759507,0.5431977522787841,0.5848247374524823,0.7841674829061462,SCoNE,0.1,1.0,/home/jupyter/repos/SCoNE/output/models/overdispersion_nu/tune_46
925,0.15227024220830573,0.5933893015764692,0.4139119339895067,1.1268021529393761,5,tune,3,46,0.4487812988757941,0.22187423044352772,0.9914217986390487,0.5159036031437326,0.5673481665171732,0.21961276419604392,0.6420904278094797,0.23029952448992833,0.5434521768006423,0.5833499761387339,0.7841674829061462,SCoNE,0.1,1.0,/home/jupyter/repos/SCoNE/output/models/overdispersion_nu/tune_46
926,0.11082106581781076,0.5302709791753396,0.41539946754755513,1.134986401817084,6,tune,3,46,0.3526663984704127,0.2297964440706638,0.9882373641150316,0.5106171924901068,0.6024757382731172,0.26378517401792484,0.637040769076074,0.21894384388570415,0.5443107116962502,0.5906756901208338,0.7841674829061462,SCoNE,0.1,1.0,/home/jupyter/repos/SCoNE/output/models/overdispersion_nu/tune_46
927,0.187250847231361,0.6420875015852955,0.41847920343187733,1.1326524801323068,7,tune,3,46,0.53165129311436,0.20939059282857933,0.9921755291168123,0.5034297317446669,0.6010295572817296,0.22131600674372487,0.667094552472602,0.21543703593061622,0.5407069683483496,0.5919455117839572,0.7841674829061462,SCoNE,0.1,1.0,/home/jupyter/repos/SCoNE/output/models/overdispersion_nu/tune_46
928,0.10639973495052675,0.5605317086832289,0.41049134662547454,1.1359131770545572,8,tune,3,46,0.5029545864827258,0.1928603231270132,0.9922784782213566,0.5046299704360195,0.5422781299957885,0.2303382690894401,0.6185313987413602,0.24188629089144442,0.5422961136368292,0.593617063417728,0.7841674829061462,SCoNE,0.1,1.0,/home/jupyter/repos/SCoNE/output/models/overdispersion_nu/tune_46
929,0.14221667397702026,0.599752424203505,0.415621802776801,1.1285822919385817,9,tune,3,46,0.4327435195431425,0.24474856633214895,0.9915309009599356,0.49245575890126725,0.5664693615937141,0.2408943739431952,0.657354930977092,0.23962784907847606,0.5434248383012699,0.5851574536373119,0.7841674829061462,SCoNE,0.1,1.0,/home/jupyter/repos/SCoNE/output/models/overdispersion_nu/tune_46
930,0.15118205048222452,0.591587682922177,0.4102306131348323,1.1252817873532468,10,tune,3,46,0.45198722102130173,0.2148116723329113,0.9913366060029214,0.5104181495708201,0.562791775006481,0.22773503650747046,0.6609616052961728,0.2667821590504548,0.5433638628471142,0.5819179245061324,0.7841674829061462,SCoNE,0.1,1.0,/home/jupyter/repos/SCoNE/output/models/overdispersion_nu/tune_46
931,0.21033171148318114,0.6341473679902884,0.41492499210034156,1.1358524642681032,11,tune,3,46,0.3876081821819431,0.208389179998922,0.9803311611361684,0.4981397143581179,0.6426438297300591,0.2901913003517105,0.6347575144435258,0.20819334063562742,0.541802203737506,0.5940502605305972,0.7841674829061462,SCoNE,0.1,1.0,/home/jupyter/repos/SCoNE/output/models/overdispersion_nu/tune_46
932,0.12080467458563565,0.5725350084779414,0.4127178512651096,1.1244100276998583,12,tune,3,46,0.47106616948618246,0.20659487960095274,0.9921418365381045,0.5009933767628215,0.5382172236361706,0.22432182157304797,0.6698191448590367,0.24391000486465703,0.5433524571242598,0.5810575705755985,0.7841674829061462,SCoNE,0.1,1.0,/home/jupyter/repos/SCoNE/output/models/overdispersion_nu/tune_46
933,0.1720819424201821,0.6187110254308342,0.4265005973521438,1.1338372493800541,13,tune,3,46,0.4877115944753754,0.22704483211187992,0.9913264991006145,0.49644164763944076,0.5550111851965648,0.23712698448036953,0.6679235914088634,0.19592197940362616,0.5427519825066133,0.5910852668734408,0.7841674829061462,SCoNE,0.1,1.0,/home/jupyter/repos/SCoNE/output/models/overdispersion_nu/tune_46
934,0.15039500410988743,0.538728301187674,0.403851307024244,1.1375225482922415,14,tune,3,46,0.5169298068439161,0.19808408003269368,0.9930781351490562,0.5050441597719074,0.6423851324028066,0.2669077412118841,0.6838510057289561,0.24604837588571762,0.5429198798464426,0.5946026684457988,0.7841674829061462,SCoNE,0.1,1.0,/home/jupyter/repos/SCoNE/output/models/overdispersion_nu/tune_46
935,0.11665955781318957,0.5792666571511413,0.42675420982904216,1.1502586036996967,15,tune,3,46,0.4249806757573395,0.2755946251878627,0.9863266533624938,0.5050063280833972,0.5524533514670864,0.24149902936131565,0.6096451934340706,0.2334176606665473,0.5440328352154579,0.6062257684842388,0.7841674829061462,SCoNE,0.1,1.0,/home/jupyter/repos/SCoNE/output/models/overdispersion_nu/tune_46
936,0.09614750456038704,0.57489197214746,0.4223330908471681,1.134280141937704,16,tune,3,46,0.5874654844264295,0.20309513118638192,0.9930568932283389,0.5105603998490357,0.510515242414965,0.21670170175366002,0.6303690323554523,0.23455037346113208,0.5415547853070182,0.5927253566306858,0.7841674829061462,SCoNE,0.1,1.0,/home/jupyter/repos/SCoNE/output/models/overdispersion_nu/tune_46
937,0.18712653088928333,0.6217741817973655,0.4229104870625752,1.1329945636006693,17,tune,3,46,0.4383658670284128,0.22042791657495364,0.9909727423118712,0.49688858502914374,0.5786352371653861,0.23183398676821432,0.6589903463275909,0.1842954379384517,0.5430587620024668,0.5899358015982024,0.7841674829061462,SCoNE,0.1,1.0,/home/jupyter/repos/SCoNE/output/models/overdispersion_nu/tune_46
938,0.06885123440123693,0.49655346572044673,0.4250981547091153,1.1492444525908931,18,tune,3,46,0.43112819006614633,0.23742035603816722,0.992967959545515,0.4921320813108386,0.4365885914532374,0.23990743750732585,0.5365460095396231,0.23706086293752882,0.543816751242015,0.6054277013488782,0.7841674829061462,SCoNE,0.1,1.0,/home/jupyter/repos/SCoNE/output/models/overdispersion_nu/tune_46
939,0.15501649931831155,0.620805395808491,0.4146819965776993,1.1328310604441685,19,tune,3,46,0.5315557605825558,0.22491643990847993,0.9925630592910298,0.48574098639480007,0.5842283212330242,0.2122121128992215,0.6680213275405484,0.23848465035259545,0.5411696013339624,0.5916614591102061,0.7841674829061462,SCoNE,0.1,1.0,/home/jupyter/repos/SCoNE/output/models/overdispersion_nu/tune_46
940,0.1961666904396573,0.6255189921398968,0.4032182889875706,1.1324443230674337,20,tune,3,46,0.45154938492175667,0.1864564095253892,0.9900227593551103,0.5021855289255338,0.6320360201908811,0.26485717047334745,0.6327439917123521,0.24639443134510627,0.5402569597619441,0.5921873633054897,0.7841674829061462,SCoNE,0.1,1.0,/home/jupyter/repos/SCoNE/output/models/overdispersion_nu/tune_46
941,0.221598711627982,0.6474347760509445,0.4111721708116232,1.1330735178190579,21,tune,3,46,0.5107527440478239,0.2158227794822492,0.9893084246500746,0.5068127289158902,0.6662365337665476,0.27077405765626583,0.6387169175214539,0.20759904672627502,0.5400878427252741,0.5929856750937836,0.7841674829061462,SCoNE,0.1,1.0,/home/jupyter/repos/SCoNE/output/models/overdispersion_nu/tune_46
942,0.1553049929050382,0.6085028421649055,0.41218187226385744,1.1288488144023316,22,tune,3,46,0.4156989507001701,0.24718811729672516,0.9897010969862085,0.5051581141998099,0.5801831792598319,0.2428284435205137,0.6756015867387233,0.25390325645400147,0.5435968411169128,0.5852519732854189,0.7841674829061462,SCoNE,0.1,1.0,/home/jupyter/repos/SCoNE/output/models/overdispersion_nu/tune_46
943,0.14012534000953356,0.5654850055198591,0.4167519204513937,1.1290751797797332,23,tune,3,46,0.47140008273976697,0.21561895260006841,0.9916484260720037,0.49726926454268605,0.4932118015133957,0.23174422276636808,0.6408910782392977,0.21134691957392543,0.5434906421179746,0.5855845376617584,0.7841674829061462,SCoNE,0.1,1.0,/home/jupyter/repos/SCoNE/output/models/overdispersion_nu/tune_46
944,0.06443065436611588,0.48472008676374995,0.40509564713285656,1.1291970432227005,24,tune,3,46,0.5921719219465704,0.1993796760214358,0.9929498032340345,0.5051444952492116,0.4768162548981629,0.18710320234340308,0.5602041891945763,0.2709617654786906,0.5439013899235751,0.5852956532991254,0.7841674829061462,SCoNE,0.1,1.0,/home/jupyter/repos/SCoNE/output/models/overdispersion_nu/tune_46
945,0.16140746813464962,0.5880677540073836,0.41369473796339135,1.1376369377263762,25,tune,3,46,0.5935001010606848,0.2458864310311759,0.9926130555566219,0.517054231284254,0.6462840334273153,0.29750553385723094,0.6393960010653327,0.1999560285168408,0.5425287952554406,0.5951081424709356,0.7841674829061462,SCoNE,0.1,1.0,/home/jupyter/repos/SCoNE/output/models/overdispersion_nu/tune_46
946,0.1451557399096508,0.5761027368484878,0.41445063095818513,1.1311513485516327,26,tune,3,46,0.4683331096601976,0.22868953518965257,0.9922786424198455,0.5125482257225704,0.5434542087336293,0.2493687065226806,0.6280609560638988,0.21411705853203375,0.5426277526243477,0.588523595927285,0.7841674829061462,SCoNE,0.1,1.0,/home/jupyter/repos/SCoNE/output/models/overdispersion_nu/tune_46
947,0.14938422655175015,0.5667944043492678,0.4237174389578133,1.1295917057845908,27,tune,3,46,0.42508174801501253,0.23424463247988175,0.9904601418371168,0.5177157862695408,0.45827011216927066,0.22037374349465935,0.6597939426950322,0.22183124099219304,0.5435044502292493,0.5860872555553416,0.7841674829061462,SCoNE,0.1,1.0,/home/jupyter/repos/SCoNE/output/models/overdispersion_nu/tune_46
948,0.12422634493777777,0.5768340173573334,0.41912513297896486,1.1255593118735576,28,tune,3,46,0.47611854798049624,0.22071398740875356,0.9922123081872951,0.5039316575061672,0.5474747509761029,0.23973275165571317,0.6421878422661086,0.2578499949283295,0.5434604185579399,0.5820988933156178,0.7841674829061462,SCoNE,0.1,1.0,/home/jupyter/repos/SCoNE/output/models/overdispersion_nu/tune_46
949,0.1293107768534232,0.5895760555061618,0.4139314195342834,1.1309431068296925,29,tune,3,46,0.5800415258157723,0.19552034857642572,0.9933478902864802,0.4853155978593714,0.5588893342883464,0.23047981102280118,0.6457310969279974,0.21719632506047984,0.5426796459695904,0.5882634608601021,0.7841674829061462,SCoNE,0.1,1.0,/home/jupyter/repos/SCoNE/output/models/overdispersion_nu/tune_46
950,0.1431768190946517,0.5926660151585611,0.41796140735942994,1.13001433979231,30,tune,3,46,0.41626520720267485,0.23928006190182555,0.9910480691565465,0.49474539547677077,0.5589559851049855,0.2513213750173291,0.6671093551390682,0.22143294534022906,0.5437291351495357,0.5862852046427743,0.7841674829061462,SCoNE,0.1,1.0,/home/jupyter/repos/SCoNE/output/models/overdispersion_nu/tune_46
951,0.18318523194192907,0.6159286220689014,0.4200653734222919,1.1330332803330947,31,tune,3,46,0.5058845871918347,0.2179509176346642,0.9926804821144898,0.5120582346714226,0.5635327946195304,0.22717072548682601,0.6529466311357631,0.19709343169297913,0.5428861865055649,0.59014709382753,0.7841674829061462,SCoNE,0.1,1.0,/home/jupyter/repos/SCoNE/output/models/overdispersion_nu/tune_46
952,0.054257307901646054,0.4942680790467024,0.3961904366332238,1.1258927584034533,32,tune,3,46,0.5999633782533262,0.1885642495953897,0.9929542042087715,0.5049145355041125,0.39175800621649676,0.19955049837613614,0.5893649576648082,0.2678593005743132,0.5430769727535316,0.5828157856499215,0.7841674829061462,SCoNE,0.1,1.0,/home/jupyter/repos/SCoNE/output/models/overdispersion_nu/tune_46
953,0.1087709219196008,0.5346325316944113,0.4141709543160648,1.1353176378344334,33,tune,3,46,0.42809705708520457,0.20331144116208666,0.9919113518730224,0.5071478574278185,0.5940741698655926,0.2337228049043509,0.6651960491799916,0.210177541081184,0.5430870473310413,0.5922305905033922,0.7841674829061462,SCoNE,0.1,1.0,/home/jupyter/repos/SCoNE/output/models/overdispersion_nu/tune_46
954,0.13798082674102938,0.5715448192419305,0.4096917294239441,1.1343297475399607,34,tune,3,46,0.48720227057241805,0.2109075977551338,0.9921289385219709,0.5051530051893867,0.5594249743873914,0.24931785673606188,0.625856355064952,0.21422336686276597,0.5416868552476387,0.592642892292322,0.7841674829061462,SCoNE,0.1,1.0,/home/jupyter/repos/SCoNE/output/models/overdispersion_nu/tune_46
955,0.19493133078297223,0.632123435651008,0.42163029220075793,1.1320306905823374,35,tune,3,46,0.5187107520554515,0.2519121208312702,0.9923531961546322,0.5025752684292712,0.59612771192251,0.25445432444849303,0.626854577711653,0.20368321892617672,0.5426144204463729,0.5894162701359646,0.7841674829061462,SCoNE,0.1,1.0,/home/jupyter/repos/SCoNE/output/models/overdispersion_nu/tune_46
956,0.15643375242679575,0.6186256193359795,0.4279156101507223,1.1489823221587065,36,tune,3,46,0.520893727868746,0.26893595043370844,0.9877223926833106,0.5183134910794923,0.6301791050618009,0.31381914036028985,0.6398805946815505,0.20506400737118877,0.5409768420866502,0.6080054800720562,0.7841674829061462,SCoNE,0.1,1.0,/home/jupyter/repos/SCoNE/output/models/overdispersion_nu/tune_46
957,0.1714636370049052,0.6158829549946537,0.41894851960599466,1.1318609047548005,37,tune,3,46,0.5159095156073633,0.2417561397924574,0.9922780589392385,0.48661394897043986,0.6022381623932443,0.23378176033151418,0.6376129217726284,0.20423905509408793,0.5426129424228747,0.5892479623319258,0.7841674829061462,SCoNE,0.1,1.0,/home/jupyter/repos/SCoNE/output/models/overdispersion_nu/tune_46
958,0.18588608561812847,0.6285932479325911,0.4282359867939146,1.1313846929035618,38,tune,3,46,0.504986444272351,0.2396807122841665,0.9920062887281604,0.4935879181437501,0.5609751686626409,0.22463031381589593,0.6390369899149064,0.21304516028548284,0.5428002724000982,0.5885844205034635,0.7841674829061462,SCoNE,0.1,1.0,/home/jupyter/repos/SCoNE/output/models/overdispersion_nu/tune_46
959,0.14388109363968526,0.6227789556948606,0.41517068545408764,1.1323140992703364,39,tune,3,46,0.5736376250507623,0.21039394962224564,0.9930798356440544,0.4973772037066507,0.5961686393369352,0.2363868325697465,0.6741561116146735,0.2665209384783846,0.5411978625697993,0.5911162367005373,0.7841674829061462,SCoNE,0.1,1.0,/home/jupyter/repos/SCoNE/output/models/overdispersion_nu/tune_46
960,0.09806818257127557,0.5446038246103502,0.40740976058729195,1.138838700990794,40,tune,3,46,0.43375268654046445,0.2389383723180244,0.9917841753184582,0.5076681897027566,0.5399122109181453,0.2450472591249798,0.5471450854993575,0.2565199478103122,0.5429354679974968,0.5959032329932972,0.7841674829061462,SCoNE,0.1,1.0,/home/jupyter/repos/SCoNE/output/models/overdispersion_nu/tune_46
961,0.10249177347340893,0.5725042837560813,0.41497966133150394,1.1278843315274756,41,tune,3,46,0.6537862700976551,0.20381976827711415,0.9934338233852597,0.507734840172041,0.5020973121725999,0.19262020018496187,0.6408751880693924,0.2588105580882354,0.5426786529622776,0.585205678565198,0.7841674829061462,SCoNE,0.1,1.0,/home/jupyter/repos/SCoNE/output/models/overdispersion_nu/tune_46
962,0.16456393249447984,0.5933034183359747,0.40795890882169794,1.1282008192466342,42,tune,3,46,0.49230456349694945,0.20215815721453864,0.9923748489628245,0.513363928901905,0.5698125326310172,0.22866398511595387,0.6814145303620532,0.22860851513674618,0.5431403734745097,0.5850604457721246,0.7841674829061462,SCoNE,0.1,1.0,/home/jupyter/repos/SCoNE/output/models/overdispersion_nu/tune_46
963,0.14833214791757704,0.6230103516491607,0.41397714703707755,1.129106436742898,43,tune,3,46,0.5558851846128982,0.2188084154855085,0.992318835367848,0.5194464803822882,0.6493894577361806,0.26143908579717406,0.6475696234960309,0.23545025579019524,0.5419423977526213,0.5871640389902767,0.7841674829061462,SCoNE,0.1,1.0,/home/jupyter/repos/SCoNE/output/models/overdispersion_nu/tune_46
964,0.14025345930122712,0.5853653775223844,0.409622506807809,1.1316031227526935,44,tune,3,46,0.4832896947691124,0.262418375060659,0.9931374638330659,0.4982985245305902,0.5977262162292817,0.2549912546717781,0.6424003374712689,0.22978233449504146,0.5423741929750603,0.5892289297776333,0.7841674829061462,SCoNE,0.1,1.0,/home/jupyter/repos/SCoNE/output/models/overdispersion_nu/tune_46
965,0.129708475964067,0.5437399080860537,0.4022036662244624,1.137333454420272,45,tune,3,46,0.37312078053238096,0.23647379807387348,0.9918094761470357,0.5077738252904743,0.5813318343543369,0.2335227888944085,0.5579385407671367,0.23845547656557836,0.5424043913189591,0.5949290631013129,0.7841674829061462,SCoNE,0.1,1.0,/home/jupyter/repos/SCoNE/output/models/overdispersion_nu/tune_46
966,0.10441716846774254,0.564601834611363,0.41778107439682016,1.1270287334832343,46,tune,3,46,0.4508911268825146,0.21155305556890303,0.9923711109717154,0.4934555865449947,0.5224311372758937,0.2020931192077129,0.6476578390126497,0.26989542935620603,0.5437668570132,0.5832618764700342,0.7841674829061462,SCoNE,0.1,1.0,/home/jupyter/repos/SCoNE/output/models/overdispersion_nu/tune_46
967,0.1567168150836165,0.607859037488232,0.41374205262519154,1.1303834295987494,47,tune,3,46,0.5160979971277347,0.21512007276135484,0.9922741577385775,0.5111918718442486,0.6088730880767163,0.2513746540698608,0.6282022304884521,0.2421746030521087,0.5425271404574918,0.5878562891412575,0.7841674829061462,SCoNE,0.1,1.0,/home/jupyter/repos/SCoNE/output/models/overdispersion_nu/tune_46
968,0.16876794782198815,0.6030645961872274,0.4051986048485934,1.1338338835150124,48,tune,3,46,0.4640203048819067,0.242572158413711,0.9913579142246409,0.4973283604168865,0.5604043389902521,0.2588735375828674,0.6653798852325912,0.2520215590888329,0.5406760185983466,0.5931578649166659,0.7841674829061462,SCoNE,0.1,1.0,/home/jupyter/repos/SCoNE/output/models/overdispersion_nu/tune_46
969,0.16663040172044155,0.6091393707623461,0.41175257598468645,1.1306752177076085,49,tune,3,46,0.5517769481713357,0.2239858260952856,0.9933915899023265,0.5091882419599539,0.6176378442014346,0.24971731633035585,0.625687682701913,0.24469449774879026,0.5421837269065651,0.5884914908010432,0.7841674829061462,SCoNE,0.1,1.0,/home/jupyter/repos/SCoNE/output/models/overdispersion_nu/tune_46
970,0.13059897175744706,0.56774775424731,0.4137428008665049,1.1348006403526476,0,tune,3,45,0.3941766738312028,0.2523148587379164,0.989133832013095,0.52200429424306,0.6208061439171425,0.28124924574678634,0.659888544431297,0.23449616945551988,0.5432165974604051,0.5915840428922424,0.8007247336041864,SCoNE,0.01,1.0,/home/jupyter/repos/SCoNE/output/models/overdispersion_nu/tune_45
971,0.14707193836867144,0.6008628405624477,0.407918723228357,1.1271394894640558,1,tune,3,45,0.5662893591850364,0.23558507690499395,0.9928992751979637,0.4983636931497859,0.5996497111123904,0.25016366534348344,0.6562188938925281,0.21367039214001604,0.542224129737861,0.5849153597261948,0.8007247336041864,SCoNE,0.01,1.0,/home/jupyter/repos/SCoNE/output/models/overdispersion_nu/tune_45
972,0.17949123751899523,0.6391233653797564,0.41977758646849395,1.1321752246266379,2,tune,3,45,0.539005013325988,0.22118965503796392,0.9926488305109072,0.5159599541035146,0.5941983693987325,0.23619560553071886,0.681050587062922,0.23852636476625108,0.540735474778249,0.5914397498483889,0.8007247336041864,SCoNE,0.01,1.0,/home/jupyter/repos/SCoNE/output/models/overdispersion_nu/tune_45
973,0.1406282917331023,0.5768933913954875,0.42359384836903624,1.1407353630582284,3,tune,3,45,0.3606282146608973,0.23582731362187062,0.9787822442674363,0.504460535089517,0.48810878713103345,0.2455109665515891,0.6455880194702672,0.22648582157230465,0.5428820761642242,0.5978532868940042,0.8007247336041864,SCoNE,0.01,1.0,/home/jupyter/repos/SCoNE/output/models/overdispersion_nu/tune_45
974,0.16398370964168674,0.5999567684174306,0.4159109120906103,1.141569581469449,4,tune,3,45,0.6159704972543942,0.2709224661370538,0.9928075672422092,0.5137114510584714,0.633896016777514,0.3044767629868635,0.6215779895763944,0.21184320967961454,0.5420889612029329,0.5994806202665162,0.8007247336041864,SCoNE,0.01,1.0,/home/jupyter/repos/SCoNE/output/models/overdispersion_nu/tune_45
975,0.06060319905204253,0.47412575963332765,0.3992249356732923,1.144621248776851,5,tune,3,45,0.5194502864164563,0.26555087671977995,0.9936603732720819,0.4935437340748259,0.4115846900692657,0.22750514144140987,0.552357914185161,0.26725243720325137,0.5428053253785943,0.6018159233982568,0.8007247336041864,SCoNE,0.01,1.0,/home/jupyter/repos/SCoNE/output/models/overdispersion_nu/tune_45
976,0.13643526120983826,0.5685796790785314,0.420203988484272,1.1379203851269875,6,tune,3,45,0.4229742703203914,0.27099271528711527,0.9876646306940904,0.49962214666505084,0.5171130895268087,0.25637208236321135,0.6431078134527836,0.24067980565615246,0.5429364473025653,0.594983937824422,0.8007247336041864,SCoNE,0.01,1.0,/home/jupyter/repos/SCoNE/output/models/overdispersion_nu/tune_45
977,0.17961638223317397,0.6234409503038623,0.4130478983757044,1.1296611752918073,7,tune,3,45,0.5629511609522792,0.2158215647686353,0.992424062814679,0.5034482376442141,0.6147051648593413,0.2519131938327156,0.6475131448158288,0.23178862128504474,0.5410873680990983,0.5885738071927091,0.8007247336041864,SCoNE,0.01,1.0,/home/jupyter/repos/SCoNE/output/models/overdispersion_nu/tune_45
978,0.18042618452565712,0.6225958538571051,0.41985696327010935,1.13267857036107,8,tune,3,45,0.5160406172070505,0.25089245869198523,0.9929534534764174,0.5067361176119569,0.6425625519665263,0.2735282819167196,0.6171622834584545,0.2126365070050073,0.5421771268633234,0.5905014434977466,0.8007247336041864,SCoNE,0.01,1.0,/home/jupyter/repos/SCoNE/output/models/overdispersion_nu/tune_45
979,0.18542659211478657,0.6261288538813451,0.4200532639821325,1.1325420593900444,9,tune,3,45,0.491471720649125,0.23324439001102817,0.9917104542844254,0.5205693252621724,0.5933087661238261,0.2518795918874099,0.6505041429088855,0.19971630630927514,0.5423666258261106,0.5901754335639338,0.8007247336041864,SCoNE,0.01,1.0,/home/jupyter/repos/SCoNE/output/models/overdispersion_nu/tune_45
980,0.1991293094185245,0.6386859287925345,0.409184452894986,1.131954881106135,10,tune,3,45,0.6216824189934268,0.2379809725072113,0.9933844739559636,0.4884298884497605,0.6323770904872711,0.24751118085841362,0.6721450600498262,0.23349262971847157,0.5416002997995703,0.5903545813065649,0.8007247336041864,SCoNE,0.01,1.0,/home/jupyter/repos/SCoNE/output/models/overdispersion_nu/tune_45
981,0.1777675983081139,0.6346609790658846,0.42036772859451044,1.1492723097957365,11,tune,3,45,0.5280486540863847,0.2854160229117364,0.9909177904311299,0.5027495505120734,0.7007462839762694,0.30844724770158843,0.6312083993826862,0.20120779205593514,0.5391430762755028,0.6101292335202337,0.8007247336041864,SCoNE,0.01,1.0,/home/jupyter/repos/SCoNE/output/models/overdispersion_nu/tune_45
982,0.1719999296957077,0.6426227563520092,0.4258148351610481,1.136385456298676,12,tune,3,45,0.45975539463909887,0.25080688356500674,0.9863769464708614,0.5121463403198883,0.5977933688366781,0.25932810382752786,0.6557666433936611,0.21082213007539774,0.5413545605660822,0.5950308957325937,0.8007247336041864,SCoNE,0.01,1.0,/home/jupyter/repos/SCoNE/output/models/overdispersion_nu/tune_45
983,0.14321842483651281,0.5612523865266208,0.4239005598421396,1.1287781131642496,13,tune,3,45,0.44419185961428836,0.25733764722374575,0.9917226034280234,0.5054585927165806,0.4525558854071418,0.23779747186510838,0.6433549806004776,0.1905953449933173,0.5432455967739013,0.5855325163903483,0.8007247336041864,SCoNE,0.01,1.0,/home/jupyter/repos/SCoNE/output/models/overdispersion_nu/tune_45
984,0.19898953809974942,0.6474891867718195,0.41571128798244833,1.1437981154932992,14,tune,3,45,0.7471429813323635,0.2643518223596555,0.9950901732662586,0.5029586991074027,0.6807604509440418,0.2874897777616393,0.6251767275653273,0.19286062590039776,0.538849818086907,0.6049482974063923,0.8007247336041864,SCoNE,0.01,1.0,/home/jupyter/repos/SCoNE/output/models/overdispersion_nu/tune_45
985,0.160842477384275,0.5750865173617821,0.41949673134918564,1.1347587112880946,15,tune,3,45,0.5151813061616147,0.26346611858077834,0.9930482470954962,0.5065014932254097,0.547615708096848,0.26073910280948137,0.6531280787598471,0.21625096059192,0.5409052300802619,0.5938534812078327,0.8007247336041864,SCoNE,0.01,1.0,/home/jupyter/repos/SCoNE/output/models/overdispersion_nu/tune_45
986,0.12033898538921313,0.5361096857932347,0.40784197786670345,1.1364092500961795,16,tune,3,45,0.5053991222457777,0.22543601647924838,0.9926694552565657,0.5004791083192724,0.5029151403051613,0.24803604195256346,0.6214683023734031,0.2442838132850313,0.5418780751534717,0.5945311749427078,0.8007247336041864,SCoNE,0.01,1.0,/home/jupyter/repos/SCoNE/output/models/overdispersion_nu/tune_45
987,0.18023632184245783,0.6226962076012655,0.4140542517794301,1.133312636004748,17,tune,3,45,0.469776182444126,0.2521749796142265,0.988981782471499,0.5146010677873019,0.63426903557898,0.2672083426393987,0.6120155099712816,0.19372792178546727,0.5423560520025683,0.5909565840021799,0.8007247336041864,SCoNE,0.01,1.0,/home/jupyter/repos/SCoNE/output/models/overdispersion_nu/tune_45
988,0.16814026185952094,0.5895479150546703,0.4189811339834782,1.1363111915211417,18,tune,3,45,0.37779516705330923,0.24982404794748675,0.988611403841553,0.5064079119610867,0.5659089539228147,0.24260594783054565,0.6386335518992284,0.19978244756109487,0.5438018383743503,0.5925093531467915,0.8007247336041864,SCoNE,0.01,1.0,/home/jupyter/repos/SCoNE/output/models/overdispersion_nu/tune_45
989,0.12474128684243001,0.6119125959627176,0.4169238994030938,1.1285467961732625,19,tune,3,45,0.6034350292961226,0.2362828056309392,0.9933833718167795,0.5064391401575592,0.619634004622549,0.22605755895524682,0.6504184127085956,0.22000691203563297,0.5423963529596848,0.5861504432135778,0.8007247336041864,SCoNE,0.01,1.0,/home/jupyter/repos/SCoNE/output/models/overdispersion_nu/tune_45
990,0.14969506745692632,0.600046785525257,0.4139555173531908,1.1298801529140272,20,tune,3,45,0.524442026108066,0.24470311206170453,0.9930930107059244,0.5089446306801377,0.5911454474950203,0.23750179089405074,0.6308958653477558,0.25635254465262747,0.5424805109856651,0.5873996419283622,0.8007247336041864,SCoNE,0.01,1.0,/home/jupyter/repos/SCoNE/output/models/overdispersion_nu/tune_45
991,0.1504969837394457,0.5807109451439708,0.4158633232207706,1.1351628209135993,21,tune,3,45,0.4467203786913542,0.2661850138411552,0.9888524899689438,0.49975857374622196,0.5332435769216958,0.26053939853212016,0.6472269368244011,0.227653602914157,0.5430897246558181,0.5920730962577813,0.8007247336041864,SCoNE,0.01,1.0,/home/jupyter/repos/SCoNE/output/models/overdispersion_nu/tune_45
992,0.12743627966737975,0.5442251884922533,0.40507646600908565,1.1380709195494867,22,tune,3,45,0.3804940800923097,0.25520901539458324,0.9917970316321852,0.518667988247877,0.5847073271469134,0.258867401462806,0.5524041246924947,0.2354937622384483,0.5422538566410475,0.595817062908439,0.8007247336041864,SCoNE,0.01,1.0,/home/jupyter/repos/SCoNE/output/models/overdispersion_nu/tune_45
993,0.1560022312063341,0.5829429577560816,0.4170016901203979,1.1320953657355093,23,tune,3,45,0.3520518608608977,0.2567702783377596,0.9864198826551989,0.5101773645640393,0.5530365250058629,0.2719610321255243,0.6460368178373872,0.21169964234236802,0.5436580617245729,0.5884373040109364,0.8007247336041864,SCoNE,0.01,1.0,/home/jupyter/repos/SCoNE/output/models/overdispersion_nu/tune_45
994,0.110465530926544,0.5393653048231155,0.4073588320563012,1.1320532518216866,24,tune,3,45,0.451609645271092,0.24328188398886008,0.9923512509703647,0.499109869241123,0.5809887257635935,0.2301254587731212,0.6406066262934771,0.240592755899617,0.5433191018375887,0.5887341499840978,0.8007247336041864,SCoNE,0.01,1.0,/home/jupyter/repos/SCoNE/output/models/overdispersion_nu/tune_45
995,0.15479560285992255,0.617307710044435,0.4245088340355057,1.1351955434205188,25,tune,3,45,0.37666211559523166,0.2364854009059579,0.9807893936756911,0.49933482548312436,0.5722290792453464,0.25601509024516633,0.5913607804094451,0.22170719963059732,0.543890842496204,0.5913047009243149,0.8007247336041864,SCoNE,0.01,1.0,/home/jupyter/repos/SCoNE/output/models/overdispersion_nu/tune_45
996,0.16094498664972007,0.612533266408036,0.4145753584269933,1.1280834325696047,26,tune,3,45,0.4862440512431491,0.22505596762284114,0.9925249817528735,0.5056923722583234,0.5893363761494322,0.24681416657148553,0.6596894085260337,0.21819920781934485,0.5427309903544022,0.5853524422152027,0.8007247336041864,SCoNE,0.01,1.0,/home/jupyter/repos/SCoNE/output/models/overdispersion_nu/tune_45
997,0.16432855013190695,0.601611667224202,0.4215050222345841,1.1403480855582044,27,tune,3,45,0.4283407781734248,0.25546767023910494,0.9892752636173805,0.514912639528146,0.5174986227347651,0.25198409528789606,0.6345751407731572,0.2112562696613226,0.541554866792079,0.5987932187661255,0.8007247336041864,SCoNE,0.01,1.0,/home/jupyter/repos/SCoNE/output/models/overdispersion_nu/tune_45
998,0.15615832212480507,0.584922891388595,0.43321616576974764,1.1388896498006478,28,tune,3,45,0.39541039277707984,0.2505193498333585,0.9784363851102825,0.49380738895862136,0.5989675529244344,0.2648503716239207,0.588690431000952,0.18391700636014843,0.5428848632649268,0.5960047865357209,0.8007247336041864,SCoNE,0.01,1.0,/home/jupyter/repos/SCoNE/output/models/overdispersion_nu/tune_45
999,0.1234330810774002,0.6063405043215202,0.40959972629233554,1.137234238965767,29,tune,3,45,0.6147227533545598,0.2590777264663176,0.9937541312440459,0.5207569570361965,0.6547124619481092,0.24844041713080073,0.6654713313262229,0.2576739539488285,0.5418628806421075,0.5953713583236595,0.8007247336041864,SCoNE,0.01,1.0,/home/jupyter/repos/SCoNE/output/models/overdispersion_nu/tune_45
1000,0.19319354765711047,0.6281720619026419,0.41599488993808015,1.132477391613492,30,tune,3,45,0.5124049815925326,0.25574719390352657,0.9918560486672401,0.5075735729679224,0.613234955533529,0.26395972200178475,0.6485915297267101,0.2038835186235367,0.5424356629598386,0.5900417286536536,0.8007247336041864,SCoNE,0.01,1.0,/home/jupyter/repos/SCoNE/output/models/overdispersion_nu/tune_45
1001,0.1431967586370152,0.566004241531884,0.42324780354314145,1.1287006744260255,31,tune,3,45,0.43918719267863643,0.24364135002515563,0.9910410834592501,0.515118250492606,0.4699018323805584,0.24118195602910503,0.6290549932293535,0.20633924593548134,0.5432589904178805,0.5854416840081449,0.8007247336041864,SCoNE,0.01,1.0,/home/jupyter/repos/SCoNE/output/models/overdispersion_nu/tune_45
1002,0.16013384439557968,0.6194971337567604,0.4108332256278809,1.13012041753539,32,tune,3,45,0.5237023813222754,0.24311694688043228,0.9912584813630272,0.5073258403266273,0.625161625938443,0.24860674517433712,0.642355346192198,0.2193728179813948,0.5417930079136332,0.588327409621757,0.8007247336041864,SCoNE,0.01,1.0,/home/jupyter/repos/SCoNE/output/models/overdispersion_nu/tune_45
1003,0.15666842222921473,0.5959051325504467,0.40717574781162436,1.1277877811119539,33,tune,3,45,0.4723641094018783,0.24356074228992297,0.9923274870049266,0.5101071442706432,0.5711573026730131,0.23153406865725457,0.680187803361478,0.22435007397291581,0.5431322756064887,0.5846555055054652,0.8007247336041864,SCoNE,0.01,1.0,/home/jupyter/repos/SCoNE/output/models/overdispersion_nu/tune_45
1004,0.15318032061487583,0.5867456429601556,0.417614951239752,1.1298619231478715,34,tune,3,45,0.373104762141975,0.23760574401989415,0.9857243747966536,0.5169599883015771,0.5573552156227696,0.2560867002389887,0.6476807958821142,0.23227483220913367,0.5439667138235437,0.5858952093243279,0.8007247336041864,SCoNE,0.01,1.0,/home/jupyter/repos/SCoNE/output/models/overdispersion_nu/tune_45
1005,0.14592301455552573,0.5701436356568785,0.42623696864861693,1.1295573236999106,35,tune,3,45,0.450313868977033,0.23384594030577405,0.9909614238763718,0.5182677178464913,0.457731332233722,0.2395392279193745,0.6593900946284292,0.22193659492069684,0.542968386447072,0.5865889372528384,0.8007247336041864,SCoNE,0.01,1.0,/home/jupyter/repos/SCoNE/output/models/overdispersion_nu/tune_45
1006,0.21468040946309505,0.6494129037293336,0.4216414346470029,1.1320941689285482,36,tune,3,45,0.5080532186405289,0.22457017704338889,0.9918342913908538,0.49963471471933885,0.5985881902562887,0.2525409215358963,0.6769528854141447,0.2127203676098042,0.5405546312757289,0.5915395376528193,0.8007247336041864,SCoNE,0.01,1.0,/home/jupyter/repos/SCoNE/output/models/overdispersion_nu/tune_45
1007,0.16399193368265672,0.5929746055136388,0.4179699187217314,1.1344705431503894,37,tune,3,45,0.42309369225642113,0.2298934669872361,0.9903227120612638,0.509148010429592,0.5339928680609412,0.2598622376711064,0.670330176631147,0.22965111343230935,0.5415180106785656,0.5929525324718237,0.8007247336041864,SCoNE,0.01,1.0,/home/jupyter/repos/SCoNE/output/models/overdispersion_nu/tune_45
1008,0.20697541267694605,0.6363979822491046,0.40566793779532623,1.1311013821948843,38,tune,3,45,0.5710424867412671,0.21139163838645816,0.9924440474139871,0.5131329402792598,0.6396247576761619,0.2644311826546474,0.6500568977379371,0.2241901961350595,0.539751467939678,0.5913499142552064,0.8007247336041864,SCoNE,0.01,1.0,/home/jupyter/repos/SCoNE/output/models/overdispersion_nu/tune_45
1009,0.2344923404347699,0.6676279808433793,0.4138607458675424,1.1358991016220072,39,tune,3,45,0.5687607910949792,0.25339567439419686,0.9918857228381524,0.5115198614294677,0.678119238915511,0.28057829021447883,0.6444351947120779,0.1830779874689261,0.5394034726475034,0.5964956289745038,0.8007247336041864,SCoNE,0.01,1.0,/home/jupyter/repos/SCoNE/output/models/overdispersion_nu/tune_45
1010,0.13907662501998297,0.553980896055615,0.417077390548704,1.1283153654991935,40,tune,3,45,0.4831618828564045,0.2528566073695013,0.9925163639858233,0.5071546354819385,0.4613332649048543,0.21754425087368007,0.6467395321993299,0.22709755833621262,0.543325869206384,0.5849894962928095,0.8007247336041864,SCoNE,0.01,1.0,/home/jupyter/repos/SCoNE/output/models/overdispersion_nu/tune_45
1011,0.1743221763358287,0.6349736654282159,0.4137145634665532,1.1349708795620792,41,tune,3,45,0.5054823160999448,0.2457505009337922,0.9906256319334189,0.5065262938580163,0.6102626057084464,0.24244528447712926,0.6875253150204276,0.2250564181746661,0.5404919363113843,0.5944789432506948,0.8007247336041864,SCoNE,0.01,1.0,/home/jupyter/repos/SCoNE/output/models/overdispersion_nu/tune_45
1012,0.15350898070588653,0.5678874804370186,0.4193487177999271,1.1386043688353338,42,tune,3,45,0.5153273350252925,0.2778972632798117,0.9893435140912075,0.4850385240658676,0.5681995261487405,0.260361279780507,0.6231156289918861,0.21634351499838467,0.5425784387419162,0.5960259300934174,0.8007247336041864,SCoNE,0.01,1.0,/home/jupyter/repos/SCoNE/output/models/overdispersion_nu/tune_45
1013,0.10963724078245012,0.5822443129142262,0.4188355168156589,1.1347623555944157,43,tune,3,45,0.5692186333165166,0.2394852809377152,0.9930795820499991,0.5001065301924972,0.5265770384507722,0.229588093408819,0.6354805404322479,0.23617556945709148,0.5412829211099568,0.593479434484459,0.8007247336041864,SCoNE,0.01,1.0,/home/jupyter/repos/SCoNE/output/models/overdispersion_nu/tune_45
1014,0.05951689551153337,0.533128379795569,0.4042922515975097,1.1278895449699498,44,tune,3,45,0.5766653369145733,0.2398497255911532,0.9930274685812196,0.5080229783836143,0.44981501583500016,0.20148735002461657,0.6182735360706741,0.25977203728505305,0.5427477173961256,0.5851418275738243,0.8007247336041864,SCoNE,0.01,1.0,/home/jupyter/repos/SCoNE/output/models/overdispersion_nu/tune_45
1015,0.1921165075702239,0.6338366307657658,0.42873812380853754,1.139109505031416,45,tune,3,45,0.3975218264026308,0.2231569042076594,0.9859635611577562,0.5063591595352659,0.5522187434717775,0.2567420675684391,0.6559077285193478,0.20617243346644823,0.5406585556385087,0.5984509493929072,0.8007247336041864,SCoNE,0.01,1.0,/home/jupyter/repos/SCoNE/output/models/overdispersion_nu/tune_45
1016,0.15619206984554534,0.597499354983767,0.4113334128631576,1.1264611719767363,46,tune,3,45,0.45322266762879604,0.24248623094999683,0.9912411951448253,0.5058171565794202,0.5760761335223734,0.24512548065955592,0.67443106577401,0.2248273390288681,0.5429905257941091,0.5834706461826271,0.8007247336041864,SCoNE,0.01,1.0,/home/jupyter/repos/SCoNE/output/models/overdispersion_nu/tune_45
1017,0.07149392469219373,0.5256165431122192,0.4319684731499225,1.1488923656888999,47,tune,3,45,0.4336596661321149,0.2551054845001871,0.9918857188879149,0.5107225434784582,0.3997142868357435,0.2323644144709067,0.564052728422212,0.20351608224884163,0.5440480514794521,0.6048443142094477,0.8007247336041864,SCoNE,0.01,1.0,/home/jupyter/repos/SCoNE/output/models/overdispersion_nu/tune_45
1018,0.10861382254316133,0.5485919885721889,0.42136388463255897,1.1404624273574826,48,tune,3,45,0.4797797719678207,0.23332591918026438,0.9926279008633176,0.5135379575284322,0.4884880627560006,0.25613733688462414,0.6424855878517158,0.21650671476990116,0.5419875249005872,0.5984749024568953,0.8007247336041864,SCoNE,0.01,1.0,/home/jupyter/repos/SCoNE/output/models/overdispersion_nu/tune_45
1019,0.23578588813551726,0.6675307565614528,0.41150470606271733,1.1354834648418106,49,tune,3,45,0.5705508034919297,0.23679764647718243,0.991994816614307,0.5017492119182198,0.6973295810947807,0.2788493984433124,0.6395320140825326,0.20077528376038548,0.5393715007075077,0.5961119641343029,0.8007247336041864,SCoNE,0.01,1.0,/home/jupyter/repos/SCoNE/output/models/overdispersion_nu/tune_45
1020,0.0,0.33333333333333326,0.33333333333333326,-0.0,0,train,2,26,,,,,,,,,,,,MVBC,0.0,0.5,/home/jupyter/repos/SCoNE/output/models/overdispersion_nu/train_26
1021,0.006128445335842349,0.2543633311335423,0.22758250612705364,-0.006128445335842349,0,train,1,18,,,,,,,,,,,,MVBC,1.0,0.1,/home/jupyter/repos/SCoNE/output/models/overdispersion_nu/train_18
1022,0.004440946730163057,0.2785799733899009,0.23352114450245354,-0.004440946730163057,0,train,3,42,,,,,,,,,,,,MVBC,1.0,1.0,/home/jupyter/repos/SCoNE/output/models/overdispersion_nu/train_42
1023,0.003937372258616912,0.24192050490647826,0.2298244796611543,-0.003937372258616912,0,train,0,6,,,,,,,,,,,,MVBC,1.0,0.0,/home/jupyter/repos/SCoNE/output/models/overdispersion_nu/train_6
1024,0.017411191843339228,0.43016963036712436,0.32686200197804083,0.19411524332194222,0,train,3,37,0.42528992766869006,0.378767582589493,,,0.6310838779509343,0.23648195820500778,,,0.0539562114508974,0.1401590318710448,0.9913403291822882,HNMF(res),0.0,1.0,/home/jupyter/repos/SCoNE/output/models/overdispersion_nu/train_37
1025,0.017115507646613928,0.43545391116070914,0.3262145392702337,0.19414931474554942,1,train,3,37,0.43577467055705005,0.3886373915322628,,,0.6395638117491746,0.24747838986312498,,,0.053961321510278305,0.14018799323527112,0.9913403291822882,HNMF(res),0.0,1.0,/home/jupyter/repos/SCoNE/output/models/overdispersion_nu/train_37
1026,0.018485708396329056,0.4373482686324361,0.32807858231457443,0.19421986026009866,2,train,3,37,0.4384501913539646,0.3848929972184858,,,0.6416909570888378,0.2413193924884242,,,0.05390364493990848,0.14031621532019017,0.9913403291822882,HNMF(res),0.0,1.0,/home/jupyter/repos/SCoNE/output/models/overdispersion_nu/train_37
1027,0.017556459639042166,0.4276703038373971,0.325137356056296,0.19400929339453235,3,train,3,37,0.4200484051302228,0.3696230256347189,,,0.6266438996504683,0.25034072975898763,,,0.05408301240164651,0.13992628099288584,0.9913403291822882,HNMF(res),0.0,1.0,/home/jupyter/repos/SCoNE/output/models/overdispersion_nu/train_37
1028,0.017164103271277712,0.4342698945172928,0.32681321996006796,0.19409491624655253,4,train,3,37,0.43626830781309445,0.3794537332273047,,,0.6387770710428033,0.2470098228176088,,,0.054003065570630095,0.14009185067592245,0.9913403291822882,HNMF(res),0.0,1.0,/home/jupyter/repos/SCoNE/output/models/overdispersion_nu/train_37
1029,0.0171102633506187,0.4303973875449646,0.32473330078737606,0.19398069486854005,5,train,3,37,0.4317403145777181,0.37893104235853714,,,0.6340937646064353,0.24497196480498565,,,0.05410135691580432,0.13987933795273574,0.9913403291822882,HNMF(res),0.0,1.0,/home/jupyter/repos/SCoNE/output/models/overdispersion_nu/train_37
1030,0.017775622912417636,0.43259556034522034,0.32532550463432375,0.1939369826305397,6,train,3,37,0.43592359297309546,0.3913576097421618,,,0.6355925395080567,0.24222764021579546,,,0.054155268111803476,0.13978171451873622,0.9913403291822882,HNMF(res),0.0,1.0,/home/jupyter/repos/SCoNE/output/models/overdispersion_nu/train_37
1031,0.017662185946116845,0.4362535735452403,0.3250395966539042,0.194102168858152,7,train,3,37,0.44370258424121817,0.37952881909644604,,,0.6418760059474629,0.2468173461268045,,,0.05405594842313556,0.14004622043501644,0.9913403291822882,HNMF(res),0.0,1.0,/home/jupyter/repos/SCoNE/output/models/overdispersion_nu/train_37
1032,0.017627304597869365,0.4365019380495509,0.32694728243674115,0.19405096730136892,8,train,3,37,0.4420252340503561,0.3862007536307488,,,0.6410896695792597,0.250013675366741,,,0.05407733852865593,0.139973628772713,0.9913403291822882,HNMF(res),0.0,1.0,/home/jupyter/repos/SCoNE/output/models/overdispersion_nu/train_37
1033,0.017115507646613928,0.43555964108802364,0.32594135710122557,0.1941513894656712,9,train,3,37,0.4365178396169476,0.38535822433005534,,,0.639369394948638,0.2289008663747601,,,0.05397324386669549,0.1401781455989757,0.9913403291822882,HNMF(res),0.0,1.0,/home/jupyter/repos/SCoNE/output/models/overdispersion_nu/train_37
1034,0.017085000868607633,0.4271553240916798,0.3258080704684203,0.19407521924747978,10,train,3,37,0.42417816024118665,0.3751962619886794,,,0.6289213832832928,0.23457824415127373,,,0.05401302956793783,0.14006218967954195,0.9913403291822882,HNMF(res),0.0,1.0,/home/jupyter/repos/SCoNE/output/models/overdispersion_nu/train_37
1035,0.01723845812402791,0.426474333319159,0.32474222988401835,0.19393393711257584,11,train,3,37,0.4236593473558061,0.3761204621584252,,,0.6252851760650254,0.2465959122034752,,,0.05417066840740943,0.13976326870516642,0.9913403291822882,HNMF(res),0.0,1.0,/home/jupyter/repos/SCoNE/output/models/overdispersion_nu/train_37
1036,0.017364949137375893,0.43401256299787927,0.3264427238878159,0.19412576754154143,12,train,3,37,0.43143190809578663,0.38288011757611506,,,0.6372003316329076,0.23897928846557417,,,0.05395102490693104,0.14017474263461038,0.9913403291822882,HNMF(res),0.0,1.0,/home/jupyter/repos/SCoNE/output/models/overdispersion_nu/train_37
1037,0.016894450937876015,0.43441639259651676,0.3260618293373387,0.19411652820253494,13,train,3,37,0.4294481701596429,0.3768985442885917,,,0.6359768506954341,0.24446467196817356,,,0.053963261709706126,0.14015326649282883,0.9913403291822882,HNMF(res),0.0,1.0,/home/jupyter/repos/SCoNE/output/models/overdispersion_nu/train_37
1038,0.01756820369859232,0.4292653605431992,0.3223698376464217,0.1939847701232681,14,train,3,37,0.4304325513865387,0.3877367436693481,,,0.6322801892410426,0.22270961281186424,,,0.054160329923104975,0.1398244402001631,0.9913403291822882,HNMF(res),0.0,1.0,/home/jupyter/repos/SCoNE/output/models/overdispersion_nu/train_37
1039,0.01764862133890513,0.4340082865983201,0.3236038350387802,0.19414201088472877,15,train,3,37,0.43178298706726714,0.3805540255375127,,,0.6375236937637161,0.23382528966840366,,,0.05393759816509729,0.14020441271963147,0.9913403291822882,HNMF(res),0.0,1.0,/home/jupyter/repos/SCoNE/output/models/overdispersion_nu/train_37
1040,0.018003026390559042,0.43377810636025743,0.32639153359587136,0.19415699208441997,16,train,3,37,0.4285251862508243,0.3783479708759009,,,0.6368358880870958,0.23361029489787163,,,0.05390211603405081,0.14025487605036915,0.9913403291822882,HNMF(res),0.0,1.0,/home/jupyter/repos/SCoNE/output/models/overdispersion_nu/train_37
1041,0.017163270150498695,0.42563590133008183,0.3245389739981838,0.19389901702024206,17,train,3,37,0.4227426442492143,0.3858757617461474,,,0.6224162000569013,0.23994639683344857,,,0.05422693704946272,0.13967207997077935,0.9913403291822882,HNMF(res),0.0,1.0,/home/jupyter/repos/SCoNE/output/models/overdispersion_nu/train_37
1042,0.017327523380666187,0.43447235618703767,0.3260290042512128,0.1941284330598922,18,train,3,37,0.435719942973662,0.3801444769933468,,,0.6391966381665196,0.23961046200954933,,,0.05396913671243227,0.14015929634745994,0.9913403291822882,HNMF(res),0.0,1.0,/home/jupyter/repos/SCoNE/output/models/overdispersion_nu/train_37
1043,0.017875907955754496,0.4360081552438861,0.3264064549885867,0.19412194510699704,19,train,3,37,0.4329061072212292,0.3807177452342476,,,0.6383434389848571,0.23381413342276552,,,0.053996708471160455,0.1401252366358366,0.9913403291822882,HNMF(res),0.0,1.0,/home/jupyter/repos/SCoNE/output/models/overdispersion_nu/train_37
1044,0.017479044375585128,0.42709196926604714,0.32470959808319644,0.19389349082450896,20,train,3,37,0.4296592926336425,0.3885946728955592,,,0.6271735059284521,0.23179017075391567,,,0.054248969060498094,0.13964452176401088,0.9913403291822882,HNMF(res),0.0,1.0,/home/jupyter/repos/SCoNE/output/models/overdispersion_nu/train_37
1045,0.01719501759428659,0.4317791600971848,0.32631440216557306,0.19399924721660808,21,train,3,37,0.43552699894727936,0.3835007206502493,,,0.6357527938290035,0.2448200306185542,,,0.05408550939620562,0.13991373782040245,0.9913403291822882,HNMF(res),0.0,1.0,/home/jupyter/repos/SCoNE/output/models/overdispersion_nu/train_37
1046,0.01703271728044321,0.42695845125112025,0.32615490676228426,0.19403766222107624,22,train,3,37,0.4182108741859578,0.37518734923530006,,,0.6258576964477429,0.24665216223979727,,,0.05403251421916271,0.14000514800191352,0.9913403291822882,HNMF(res),0.0,1.0,/home/jupyter/repos/SCoNE/output/models/overdispersion_nu/train_37
1047,0.01719501759428659,0.4336974913207065,0.32428347396278473,0.19397788397578777,23,train,3,37,0.4391147013236475,0.3941479293527161,,,0.6384610131339131,0.24331610139380558,,,0.05412512898637822,0.13985275498940955,0.9913403291822882,HNMF(res),0.0,1.0,/home/jupyter/repos/SCoNE/output/models/overdispersion_nu/train_37
1048,0.017734853448339746,0.4344874193183249,0.3283023654500464,0.1942489006341533,24,train,3,37,0.42463853880645586,0.3748451636020272,,,0.6360234681212575,0.2370117472402998,,,0.05382701518030683,0.14042188545384646,0.9913403291822882,HNMF(res),0.0,1.0,/home/jupyter/repos/SCoNE/output/models/overdispersion_nu/train_37
1049,0.018253574038632026,0.4312167919764533,0.32495146559733645,0.19393603895569705,25,train,3,37,0.4324275056173098,0.38604609434117926,,,0.6339696732286206,0.2344965446232423,,,0.05415573024905586,0.1397803087066412,0.9913403291822882,HNMF(res),0.0,1.0,/home/jupyter/repos/SCoNE/output/models/overdispersion_nu/train_37
1050,0.01794652564662234,0.4334906175868373,0.3262153679202802,0.19416268439919787,26,train,3,37,0.4299825688687557,0.3791488670752953,,,0.6365735406423564,0.24997217746857806,,,0.053918579698191936,0.14024410470100593,0.9913403291822882,HNMF(res),0.0,1.0,/home/jupyter/repos/SCoNE/output/models/overdispersion_nu/train_37
1051,0.01934558676347956,0.44041508199469376,0.32930221327059533,0.19409733522812214,27,train,3,37,0.4437336361321752,0.3912363376340731,,,0.6443027700183426,0.23684708344870706,,,0.054048296959171675,0.14004903826895046,0.9913403291822882,HNMF(res),0.0,1.0,/home/jupyter/repos/SCoNE/output/models/overdispersion_nu/train_37
1052,0.017876905588581408,0.430402129586397,0.32557978894063644,0.19411507462501035,28,train,3,37,0.42561279121635864,0.3738155492274201,,,0.6328432075776622,0.23116381057337218,,,0.05395042196412401,0.14016465266088635,0.9913403291822882,HNMF(res),0.0,1.0,/home/jupyter/repos/SCoNE/output/models/overdispersion_nu/train_37
1053,0.017485090535941033,0.4268191784311403,0.3244389509775114,0.19395694793011353,29,train,3,37,0.42191001316871635,0.3816138553627223,,,0.624724706762021,0.24756584414869415,,,0.054154229296885036,0.1398027186332285,0.9913403291822882,HNMF(res),0.0,1.0,/home/jupyter/repos/SCoNE/output/models/overdispersion_nu/train_37
1054,0.01710461833997773,0.4340254347262052,0.3253847135869579,0.19414664592856679,30,train,3,37,0.4298790531715256,0.37398032354533794,,,0.6362073672759166,0.23117978663778427,,,0.05394130815356418,0.1402053377750026,0.9913403291822882,HNMF(res),0.0,1.0,/home/jupyter/repos/SCoNE/output/models/overdispersion_nu/train_37
1055,0.017556459639042166,0.42631175725978304,0.3237066956763177,0.19395973681641415,31,train,3,37,0.42023470808148405,0.37832581285722194,,,0.6234849774901928,0.23774470665590777,,,0.05414724719493386,0.1398124896214803,0.9913403291822882,HNMF(res),0.0,1.0,/home/jupyter/repos/SCoNE/output/models/overdispersion_nu/train_37
1056,0.017485090535941033,0.42789217565624316,0.3266834328658785,0.19395269529005715,32,train,3,37,0.4244240962088874,0.3738842120553133,,,0.6275897903208919,0.2415564665215801,,,0.0541456641872505,0.13980703110280665,0.9913403291822882,HNMF(res),0.0,1.0,/home/jupyter/repos/SCoNE/output/models/overdispersion_nu/train_37
1057,0.01815676165122932,0.4363253515187508,0.32632552443918705,0.19417277800334076,33,train,3,37,0.440018783313502,0.3781160245974639,,,0.6417053524819903,0.24554811052635345,,,0.05395980012338727,0.1402129778799535,0.9913403291822882,HNMF(res),0.0,1.0,/home/jupyter/repos/SCoNE/output/models/overdispersion_nu/train_37
1058,0.017531368819586456,0.429812488407882,0.32457586320567977,0.1940125352557793,34,train,3,37,0.42723983487906436,0.377550461967676,,,0.6310631040817493,0.23638023179597853,,,0.054040166852727965,0.13997236840305133,0.9913403291822882,HNMF(res),0.0,1.0,/home/jupyter/repos/SCoNE/output/models/overdispersion_nu/train_37
1059,0.017196829179667215,0.4345208374866099,0.32550791803928725,0.19405358137874623,35,train,3,37,0.43869089248421855,0.38091987524008203,,,0.6394409076666735,0.2429272758463099,,,0.05405626373797517,0.13999731764077106,0.9913403291822882,HNMF(res),0.0,1.0,/home/jupyter/repos/SCoNE/output/models/overdispersion_nu/train_37
1060,0.01878913794192976,0.43802809346988014,0.32905490247467833,0.19427337764879393,36,train,3,37,0.4369656387600068,0.38945845782047955,,,0.6415855462638679,0.24565508780409145,,,0.05386971468699815,0.1404036629617958,0.9913403291822882,HNMF(res),0.0,1.0,/home/jupyter/repos/SCoNE/output/models/overdispersion_nu/train_37
1061,0.017739060865062203,0.43218505186921335,0.32591855029579475,0.19414775075454446,37,train,3,37,0.4263131927296811,0.3696660026838304,,,0.6346153395555985,0.23335163175015872,,,0.05401783942939021,0.14012991132515426,0.9913403291822882,HNMF(res),0.0,1.0,/home/jupyter/repos/SCoNE/output/models/overdispersion_nu/train_37
1062,0.017283120617703998,0.431326710156735,0.32789600378085837,0.19413126116946555,38,train,3,37,0.42739561184679753,0.38222368733828105,,,0.6328064817014879,0.23506189150547172,,,0.05396208823334787,0.1401691729361177,0.9913403291822882,HNMF(res),0.0,1.0,/home/jupyter/repos/SCoNE/output/models/overdispersion_nu/train_37
1063,0.017351101071379302,0.4346289700581728,0.32527821589213035,0.1940895326489217,39,train,3,37,0.4383227319665043,0.37827548974898034,,,0.6394106765201288,0.2443175349607284,,,0.054021489314131296,0.1400680433347904,0.9913403291822882,HNMF(res),0.0,1.0,/home/jupyter/repos/SCoNE/output/models/overdispersion_nu/train_37
1064,0.017246450860079837,0.4341634622538003,0.32687184444920847,0.19408744819861318,40,train,3,37,0.43799024634697636,0.38848514664221834,,,0.6380331276979654,0.2482789696940268,,,0.05404406725713139,0.1400433809414818,0.9913403291822882,HNMF(res),0.0,1.0,/home/jupyter/repos/SCoNE/output/models/overdispersion_nu/train_37
1065,0.01753536916873143,0.43179633402313783,0.3267801520444099,0.1939458735514712,41,train,3,37,0.435831546525731,0.39458911142784475,,,0.635039537326085,0.27161631499065525,,,0.05415081850133924,0.13979505505013196,0.9913403291822882,HNMF(res),0.0,1.0,/home/jupyter/repos/SCoNE/output/models/overdispersion_nu/train_37
1066,0.017164103271277712,0.43445217900486516,0.3255345698585506,0.19407320327176486,42,train,3,37,0.4354630629089892,0.37845362816625033,,,0.6380275960932367,0.2528884964389939,,,0.054016826524482704,0.14005637674728216,0.9913403291822882,HNMF(res),0.0,1.0,/home/jupyter/repos/SCoNE/output/models/overdispersion_nu/train_37
1067,0.018784947213451645,0.439092586196875,0.32683462751156633,0.19414762254537343,43,train,3,37,0.44796253838836697,0.3900161000578071,,,0.6443231525864548,0.23576732949852278,,,0.0540539817963429,0.14009364074903052,0.9913403291822882,HNMF(res),0.0,1.0,/home/jupyter/repos/SCoNE/output/models/overdispersion_nu/train_37
1068,0.01656477507369505,0.4271103255208893,0.325672246169043,0.1940251784160286,44,train,3,37,0.435380625376003,0.391004136267905,,,0.6306321210087968,0.22845475398243262,,,0.054138058814091755,0.13988711960193684,0.9913403291822882,HNMF(res),0.0,1.0,/home/jupyter/repos/SCoNE/output/models/overdispersion_nu/train_37
1069,0.017556459639042166,0.4282800607557115,0.3234003374309129,0.19399286745954766,45,train,3,37,0.42523742577927337,0.37977519887823247,,,0.6299068728456357,0.22530699217760797,,,0.05411111392674223,0.13988175353280544,0.9913403291822882,HNMF(res),0.0,1.0,/home/jupyter/repos/SCoNE/output/models/overdispersion_nu/train_37
1070,0.01642680749552674,0.43033721408916664,0.3244079195929765,0.1940191009714195,46,train,3,37,0.4406099988063497,0.3839550810225807,,,0.6353100763568005,0.23907208872620836,,,0.05415164744763591,0.1398674535237836,0.9913403291822882,HNMF(res),0.0,1.0,/home/jupyter/repos/SCoNE/output/models/overdispersion_nu/train_37
1071,0.01910017310116744,0.4384980673932185,0.3263019900833438,0.1941796685394632,47,train,3,37,0.44040098718132004,0.38449951040082175,,,0.6425442976861986,0.24160647177224487,,,0.053993914777672354,0.14018575376179085,0.9913403291822882,HNMF(res),0.0,1.0,/home/jupyter/repos/SCoNE/output/models/overdispersion_nu/train_37
1072,0.01735510196075747,0.4272332391231417,0.3258566490304306,0.1939801529123039,48,train,3,37,0.4211183180988807,0.37889628689231514,,,0.6260321071375191,0.23179405222072458,,,0.05409790399129912,0.13988224892100476,0.9913403291822882,HNMF(res),0.0,1.0,/home/jupyter/repos/SCoNE/output/models/overdispersion_nu/train_37
1073,0.017375071371531877,0.4289608129897393,0.32404949908487224,0.19411205400709167,49,train,3,37,0.42451210901775227,0.38008529472119124,,,0.6306973076035287,0.23679334916366104,,,0.05394980468420169,0.14016224932288998,0.9913403291822882,HNMF(res),0.0,1.0,/home/jupyter/repos/SCoNE/output/models/overdispersion_nu/train_37
1074,0.2577535322331384,0.607827780233957,0.40036872594412015,0.14076656036535537,0,train,0,1,0.49775296367715416,0.29651196895790266,,,0.860743779352092,0.3765286079597621,,,0.04357329696970095,0.09719326339565443,0.9885736505554269,HNMF(res),0.0,0.0,/home/jupyter/repos/SCoNE/output/models/overdispersion_nu/train_1
1075,0.26553665020452394,0.6085476714685716,0.40008899731174635,0.14069906769972343,1,train,0,1,0.49266725890629737,0.3064626597261801,,,0.8599184273046656,0.37697925604156024,,,0.043592648106926105,0.09710641959279732,0.9885736505554269,HNMF(res),0.0,0.0,/home/jupyter/repos/SCoNE/output/models/overdispersion_nu/train_1
1076,0.2553819849095986,0.6088870150932321,0.40182395174336044,0.14070263160016944,2,train,0,1,0.4965288630162978,0.3056855184331259,,,0.8617657080950727,0.3749193541332466,,,0.04360402412197961,0.09709860747818984,0.9885736505554269,HNMF(res),0.0,0.0,/home/jupyter/repos/SCoNE/output/models/overdispersion_nu/train_1
1077,0.2657042506961563,0.6066523007323269,0.39942458922847524,0.14048551669166168,3,train,0,1,0.4855464045915963,0.2828986003548725,,,0.8595191208045282,0.3929621608053165,,,0.04368946752127321,0.09679604917038848,0.9885736505554269,HNMF(res),0.0,0.0,/home/jupyter/repos/SCoNE/output/models/overdispersion_nu/train_1
1078,0.264892909859516,0.6053950648594499,0.40113130323351115,0.14058461108775952,4,train,0,1,0.4868306833327986,0.28762191454066666,,,0.858780733569544,0.3694539500192211,,,0.04364008181521938,0.09694452927254013,0.9885736505554269,HNMF(res),0.0,0.0,/home/jupyter/repos/SCoNE/output/models/overdispersion_nu/train_1
1079,0.21442545438254132,0.5115622614129206,0.3942359892700021,0.14137632677612177,5,train,0,1,0.5179580188919245,0.312216380559361,,,0.5866422542694915,0.3359343310897711,,,0.04703160506162226,0.09434472171449952,0.9885736505554269,HNMF(res),0.0,0.0,/home/jupyter/repos/SCoNE/output/models/overdispersion_nu/train_1
1080,0.26632466208665045,0.6092350481306419,0.4009992794909426,0.14064576563651104,6,train,0,1,0.4919880009397079,0.29390045096672696,,,0.8617706241987719,0.38173698271152473,,,0.043611892266025236,0.09703387337048582,0.9885736505554269,HNMF(res),0.0,0.0,/home/jupyter/repos/SCoNE/output/models/overdispersion_nu/train_1
1081,0.2656940323934044,0.6060783237296664,0.40029044158105387,0.14059871067059154,7,train,0,1,0.4708659444903744,0.2769134718532213,,,0.8475577688648835,0.38968625487103487,,,0.043615355660029886,0.09698335501056164,0.9885736505554269,HNMF(res),0.0,0.0,/home/jupyter/repos/SCoNE/output/models/overdispersion_nu/train_1
1082,0.25440167602400016,0.6086414660861384,0.39996907467572895,0.14058971547992355,8,train,0,1,0.48934815224462186,0.29826236749456136,,,0.8599644856430932,0.3828085469876353,,,0.04365628373932861,0.09693343174059493,0.9885736505554269,HNMF(res),0.0,0.0,/home/jupyter/repos/SCoNE/output/models/overdispersion_nu/train_1
1083,0.2647716764073879,0.6088187992805469,0.3984668622688837,0.14068080403063452,9,train,0,1,0.4999350951646911,0.30128428932281476,,,0.8637161507032233,0.37991131585286214,,,0.04361832462955955,0.09706247940107497,0.9885736505554269,HNMF(res),0.0,0.0,/home/jupyter/repos/SCoNE/output/models/overdispersion_nu/train_1
1084,0.2596164274896612,0.6087084194822613,0.4009773076638535,0.14059297233436488,10,train,0,1,0.493139971677805,0.2879738998834697,,,0.8618491279068079,0.36546330313923187,,,0.043647478338245956,0.09694549399611892,0.9885736505554269,HNMF(res),0.0,0.0,/home/jupyter/repos/SCoNE/output/models/overdispersion_nu/train_1
1085,0.26187918229306056,0.6072841116519987,0.3979642271617429,0.14082041190439848,11,train,0,1,0.4838733728155034,0.2801172534962573,,,0.8589808610986632,0.3798587313828118,,,0.043529860081331265,0.0972905518230672,0.9885736505554269,HNMF(res),0.0,0.0,/home/jupyter/repos/SCoNE/output/models/overdispersion_nu/train_1
1086,0.25540519297492215,0.6083985439110461,0.4019791736202267,0.140676153440113,12,train,0,1,0.4883112002625373,0.29059759406090935,,,0.8544207735754412,0.3707785283640385,,,0.04359277797322476,0.09708337546688825,0.9885736505554269,HNMF(res),0.0,0.0,/home/jupyter/repos/SCoNE/output/models/overdispersion_nu/train_1
1087,0.26540258818618623,0.6072069771834248,0.401772604288051,0.14057006860661136,13,train,0,1,0.48425947068213887,0.28777556502898366,,,0.8559479161658166,0.3752387665542573,,,0.04362730049779089,0.09694276810882048,0.9885736505554269,HNMF(res),0.0,0.0,/home/jupyter/repos/SCoNE/output/models/overdispersion_nu/train_1
1088,0.2616208480178962,0.6079480421129285,0.4011890746212366,0.1406774104275084,14,train,0,1,0.49221267871886265,0.30381354951706063,,,0.8611949511306571,0.3720441517860643,,,0.04361065415681132,0.09706675627069708,0.9885736505554269,HNMF(res),0.0,0.0,/home/jupyter/repos/SCoNE/output/models/overdispersion_nu/train_1
1089,0.2605080369655339,0.6076411493477156,0.40383836298818876,0.14062545375876484,15,train,0,1,0.48389644984237146,0.29210547410811993,,,0.8495651522305158,0.36360841474103295,,,0.043634371319677165,0.09699108243908768,0.9885736505554269,HNMF(res),0.0,0.0,/home/jupyter/repos/SCoNE/output/models/overdispersion_nu/train_1
1090,0.2617796151211036,0.6051651043401806,0.3986278439977703,0.14061985287097198,16,train,0,1,0.4807878135517064,0.2904079368740341,,,0.8590202550563094,0.37267758725573125,,,0.04361852267735658,0.0970013301936154,0.9885736505554269,HNMF(res),0.0,0.0,/home/jupyter/repos/SCoNE/output/models/overdispersion_nu/train_1
1091,0.08566009488670294,0.5026706575308195,0.40317980469158843,0.14549113223760612,17,train,0,1,0.49204740822233367,0.32359368789963455,,,0.6132767582342901,0.3835726181385157,,,0.04499564385598759,0.10049548838161854,0.9885736505554269,HNMF(res),0.0,0.0,/home/jupyter/repos/SCoNE/output/models/overdispersion_nu/train_1
1092,0.26541163215445396,0.6081483252297559,0.39792419782371125,0.14069590390587025,18,train,0,1,0.4937564476491957,0.28431198964300786,,,0.8617969815495634,0.3766261552916283,,,0.04358788394982487,0.09710801995604539,0.9885736505554269,HNMF(res),0.0,0.0,/home/jupyter/repos/SCoNE/output/models/overdispersion_nu/train_1
1093,0.2626206679649595,0.609037267671164,0.39935441369027225,0.14058687939147274,19,train,0,1,0.482857215097138,0.2927830036864888,,,0.8493982065484318,0.38814616838583127,,,0.04364709739886181,0.09693978199261093,0.9885736505554269,HNMF(res),0.0,0.0,/home/jupyter/repos/SCoNE/output/models/overdispersion_nu/train_1
1094,0.2627128925954664,0.606570503773514,0.39596152083544306,0.14078432717804212,20,train,0,1,0.47879473081279217,0.2834359723594641,,,0.8573981439445953,0.36891796251874565,,,0.043553090457352034,0.09723123672069009,0.9885736505554269,HNMF(res),0.0,0.0,/home/jupyter/repos/SCoNE/output/models/overdispersion_nu/train_1
1095,0.27322339678303736,0.6071325657797598,0.40014091957449727,0.14026265406600746,21,train,0,1,0.47185142419152315,0.29485696337922435,,,0.8502776738319819,0.3725129547963562,,,0.0437772295714906,0.09648542449451687,0.9885736505554269,HNMF(res),0.0,0.0,/home/jupyter/repos/SCoNE/output/models/overdispersion_nu/train_1
1096,0.26133252365502285,0.6061715063884515,0.39967241408567517,0.1405513780865753,22,train,0,1,0.47581068003411126,0.28723270479124285,,,0.8562554758656894,0.37595380547701845,,,0.043641715486891136,0.09690966259968416,0.9885736505554269,HNMF(res),0.0,0.0,/home/jupyter/repos/SCoNE/output/models/overdispersion_nu/train_1
1097,0.25829084029743404,0.6067394275876066,0.3989559667225938,0.14063056951092237,23,train,0,1,0.48293567927148806,0.2886483519574976,,,0.8612096654052146,0.3859070551014381,,,0.04361854357828083,0.09701202593264154,0.9885736505554269,HNMF(res),0.0,0.0,/home/jupyter/repos/SCoNE/output/models/overdispersion_nu/train_1
1098,0.26199091674913644,0.6072841750094359,0.4010756398331609,0.1407090016603579,24,train,0,1,0.48996379139061275,0.2869611658260971,,,0.8637369223908448,0.38036669945787227,,,0.04358755405343254,0.09712144760692537,0.9885736505554269,HNMF(res),0.0,0.0,/home/jupyter/repos/SCoNE/output/models/overdispersion_nu/train_1
1099,0.26953330963434596,0.6072811455591304,0.4014187439917983,0.14049952221871148,25,train,0,1,0.4691366506286453,0.29634501145291986,,,0.8438646357398573,0.36784514061866125,,,0.043673584456946614,0.09682593776176487,0.9885736505554269,HNMF(res),0.0,0.0,/home/jupyter/repos/SCoNE/output/models/overdispersion_nu/train_1
1100,0.25733567900335735,0.606568891301428,0.4014250122294186,0.14069235466118651,26,train,0,1,0.4905678270364908,0.2926327759748018,,,0.8616447035830794,0.3805445616347087,,,0.043598175694131484,0.09709417896705502,0.9885736505554269,HNMF(res),0.0,0.0,/home/jupyter/repos/SCoNE/output/models/overdispersion_nu/train_1
1101,0.25952959942146,0.6082858434491707,0.4003472446945615,0.14084125064570796,27,train,0,1,0.5000523899036596,0.31110145704482706,,,0.8656447788640234,0.36616902706896604,,,0.043548604989209136,0.09729264565649884,0.9885736505554269,HNMF(res),0.0,0.0,/home/jupyter/repos/SCoNE/output/models/overdispersion_nu/train_1
1102,0.2569908862512201,0.6082604683370589,0.3996126283757089,0.14074307886094678,28,train,0,1,0.5036667447659539,0.2900390982450046,,,0.8665841086779006,0.38439064451822624,,,0.04360257341658029,0.0971405054443665,0.9885736505554269,HNMF(res),0.0,0.0,/home/jupyter/repos/SCoNE/output/models/overdispersion_nu/train_1
1103,0.25789804926006543,0.6069721643033545,0.400506896161238,0.14049594888780736,29,train,0,1,0.47135222929514475,0.2958563695001305,,,0.8429247600440594,0.3835828349747396,,,0.04368787894742078,0.09680806994038657,0.9885736505554269,HNMF(res),0.0,0.0,/home/jupyter/repos/SCoNE/output/models/overdispersion_nu/train_1
1104,0.2604940530465241,0.6086696077185241,0.4006415773593408,0.14066728203763473,30,train,0,1,0.4975864559307535,0.297168687101574,,,0.8643442261767009,0.37414300320074906,,,0.043611668890789726,0.09705561314684502,0.9885736505554269,HNMF(res),0.0,0.0,/home/jupyter/repos/SCoNE/output/models/overdispersion_nu/train_1
1105,0.26802134319027116,0.6078800044359549,0.4032284081358708,0.1406317855886951,31,train,0,1,0.4812947786272799,0.2784843574017711,,,0.8561188156258168,0.3792800954335084,,,0.04360277383725544,0.09702901175143964,0.9885736505554269,HNMF(res),0.0,0.0,/home/jupyter/repos/SCoNE/output/models/overdispersion_nu/train_1
1106,0.2614569400972958,0.6082031066530328,0.39987203982484515,0.14065717514410206,32,train,0,1,0.49812122783765206,0.2881247408023943,,,0.8624844004183218,0.388202488965909,,,0.04361687208435004,0.09704030305975202,0.9885736505554269,HNMF(res),0.0,0.0,/home/jupyter/repos/SCoNE/output/models/overdispersion_nu/train_1
1107,0.2673747558266438,0.6052778776050487,0.3989888526534252,0.14058209627135249,33,train,0,1,0.4761992412257822,0.2896546994013875,,,0.8520458948509548,0.3774190789930662,,,0.043627809973553935,0.09695428629779855,0.9885736505554269,HNMF(res),0.0,0.0,/home/jupyter/repos/SCoNE/output/models/overdispersion_nu/train_1
1108,0.25942229586979554,0.6077753386628363,0.40068134126058247,0.14050562016361057,34,train,0,1,0.48124785782611706,0.29547026933511134,,,0.8520347626491277,0.377037573258967,,,0.04368170153011284,0.09682391863349772,0.9885736505554269,HNMF(res),0.0,0.0,/home/jupyter/repos/SCoNE/output/models/overdispersion_nu/train_1
1109,0.2651096866327361,0.6048561383223824,0.39871120539563587,0.1405184266425007,35,train,0,1,0.47752891608278375,0.2860623892959808,,,0.8543844332339244,0.3742232949212998,,,0.0436638203657802,0.09685460627672049,0.9885736505554269,HNMF(res),0.0,0.0,/home/jupyter/repos/SCoNE/output/models/overdispersion_nu/train_1
1110,0.25105821766895986,0.6069341096009536,0.4010623069680336,0.14075461652031063,36,train,0,1,0.4960449821572976,0.3041011332095502,,,0.8620623612754211,0.3840538697542286,,,0.043585866751833444,0.09716874976847718,0.9885736505554269,HNMF(res),0.0,0.0,/home/jupyter/repos/SCoNE/output/models/overdispersion_nu/train_1
1111,0.2650022428483667,0.6070201212585731,0.3996545196427624,0.140749587462586,37,train,0,1,0.48161449817517116,0.2882411995176744,,,0.8539772736708403,0.38792722322721424,,,0.04355834559518581,0.09719124186740019,0.9885736505554269,HNMF(res),0.0,0.0,/home/jupyter/repos/SCoNE/output/models/overdispersion_nu/train_1
1112,0.262029528939041,0.608543472141523,0.4014077888595012,0.1407369652184246,38,train,0,1,0.504586947110869,0.30050485866918103,,,0.8690555911704437,0.36993756441031195,,,0.04361348476645255,0.09712348045197206,0.9885736505554269,HNMF(res),0.0,0.0,/home/jupyter/repos/SCoNE/output/models/overdispersion_nu/train_1
1113,0.25973580610740976,0.6061411963409082,0.4019022915933561,0.14064677759748423,39,train,0,1,0.4838811591536062,0.2749372875014003,,,0.8490904863014319,0.37416192660615766,,,0.043613598264083675,0.09703317933340055,0.9885736505554269,HNMF(res),0.0,0.0,/home/jupyter/repos/SCoNE/output/models/overdispersion_nu/train_1
1114,0.2553429888336957,0.6078411899607148,0.3988192836968686,0.14075717100562032,40,train,0,1,0.49385950372418463,0.2978263342178973,,,0.8569299099788096,0.39198681746089564,,,0.043578089646031305,0.09717908135958903,0.9885736505554269,HNMF(res),0.0,0.0,/home/jupyter/repos/SCoNE/output/models/overdispersion_nu/train_1
1115,0.26514076290594785,0.6073947417456022,0.39946601615926314,0.14045437267527977,41,train,0,1,0.4814331453536468,0.29907679853872904,,,0.8566012400787133,0.39411432735383267,,,0.0437046524826623,0.09674972019261746,0.9885736505554269,HNMF(res),0.0,0.0,/home/jupyter/repos/SCoNE/output/models/overdispersion_nu/train_1
1116,0.26112291170700086,0.6070005922297704,0.40227360503536375,0.14064549956487302,42,train,0,1,0.48010143627287327,0.2845216430028269,,,0.8491729118616889,0.3951880900683329,,,0.04362897741849695,0.09701652214637607,0.9885736505554269,HNMF(res),0.0,0.0,/home/jupyter/repos/SCoNE/output/models/overdispersion_nu/train_1
1117,0.26223752436902487,0.6102198631761774,0.4011346232399228,0.1407266096540199,43,train,0,1,0.49901021531433043,0.3042785662898489,,,0.8628702431873222,0.37096222576641774,,,0.04361027174192482,0.09711633791209509,0.9885736505554269,HNMF(res),0.0,0.0,/home/jupyter/repos/SCoNE/output/models/overdispersion_nu/train_1
1118,0.26166814067639305,0.6070408485402197,0.4017489343879392,0.14045743047184212,44,train,0,1,0.48566083250804964,0.30309441905370643,,,0.8587397644430369,0.36012575556681015,,,0.04370837572856627,0.09674905474327583,0.9885736505554269,HNMF(res),0.0,0.0,/home/jupyter/repos/SCoNE/output/models/overdispersion_nu/train_1
1119,0.26378754874854676,0.6078911218149978,0.39931873678070945,0.140523938389165,45,train,0,1,0.48079610677000234,0.2779061885565264,,,0.8558722877900093,0.3809522671658085,,,0.04365706198332383,0.09686687640584117,0.9885736505554269,HNMF(res),0.0,0.0,/home/jupyter/repos/SCoNE/output/models/overdispersion_nu/train_1
1120,0.2566722251100709,0.6081706841859108,0.4018458540867199,0.1407360572701108,46,train,0,1,0.49502123634878237,0.28508363943690784,,,0.8624762455592652,0.37860243863503434,,,0.04364917484605091,0.0970868824240599,0.9885736505554269,HNMF(res),0.0,0.0,/home/jupyter/repos/SCoNE/output/models/overdispersion_nu/train_1
1121,0.25058513396424914,0.6080181576793962,0.4010545387611674,0.14075695575838595,47,train,0,1,0.49235445113755005,0.31001298479685807,,,0.8579411584722788,0.3809272782336413,,,0.043599532767625106,0.09715742299076086,0.9885736505554269,HNMF(res),0.0,0.0,/home/jupyter/repos/SCoNE/output/models/overdispersion_nu/train_1
1122,0.2619689765472104,0.6081189875888547,0.39947103083914287,0.14081346561966096,48,train,0,1,0.49556933334084463,0.28985921115407964,,,0.8606219167219387,0.3756931937562442,,,0.04353909260821219,0.09727437301144876,0.9885736505554269,HNMF(res),0.0,0.0,/home/jupyter/repos/SCoNE/output/models/overdispersion_nu/train_1
1123,0.26195300290277285,0.6077436560489949,0.3977487122563296,0.14078958773139755,49,train,0,1,0.4834903540364763,0.28546830806353013,,,0.8587440575481023,0.3633730581487988,,,0.043542922050129884,0.09724666568126766,0.9885736505554269,HNMF(res),0.0,0.0,/home/jupyter/repos/SCoNE/output/models/overdispersion_nu/train_1
1124,0.2687777166726216,0.6154334137893815,0.39622546344930304,0.14332071478502545,0,train,1,13,0.497692824260821,0.293468499070441,,,0.8660391037384279,0.3792877998990389,,,0.04365089932374708,0.09966981546127836,0.9930126021037503,HNMF(res),0.0,0.1,/home/jupyter/repos/SCoNE/output/models/overdispersion_nu/train_13
1125,0.2691318350624804,0.6153088059349087,0.3959062148448158,0.14322652149271117,1,train,1,13,0.4914728348663374,0.3047206387834776,,,0.8617293218734638,0.3780697260034031,,,0.04368077408298806,0.09954574740972312,0.9930126021037503,HNMF(res),0.0,0.1,/home/jupyter/repos/SCoNE/output/models/overdispersion_nu/train_13
1126,0.26921940325494076,0.6150848547553412,0.3979555558649841,0.14323131869119124,2,train,1,13,0.49238403525873353,0.29817508090906736,,,0.8664588422812534,0.3744039026439978,,,0.04367766715092556,0.09955365154026569,0.9930126021037503,HNMF(res),0.0,0.1,/home/jupyter/repos/SCoNE/output/models/overdispersion_nu/train_13
1127,0.2692424683427621,0.6131929277566699,0.39696258756357783,0.1431687168047011,3,train,1,13,0.48758654891276937,0.2800335014250994,,,0.8653579614682212,0.3967543378434494,,,0.0437066644905946,0.0994620523141065,0.9930126021037503,HNMF(res),0.0,0.1,/home/jupyter/repos/SCoNE/output/models/overdispersion_nu/train_13
1128,0.27658044617947947,0.612074971435862,0.3951744810876407,0.1431576748250328,4,train,1,13,0.4878788241723702,0.28657764104601285,,,0.8648298489456054,0.37337125807686194,,,0.04371148640281621,0.09944618842221659,0.9930126021037503,HNMF(res),0.0,0.1,/home/jupyter/repos/SCoNE/output/models/overdispersion_nu/train_13
1129,0.27344821251444895,0.6150355889314805,0.3975986044783567,0.14321322663023411,5,train,1,13,0.47769141717354224,0.2751648300211252,,,0.850568476993912,0.3671629219719049,,,0.04366483733353897,0.09954838929669514,0.9930126021037503,HNMF(res),0.0,0.1,/home/jupyter/repos/SCoNE/output/models/overdispersion_nu/train_13
1130,0.2686139158182133,0.616376441381768,0.39670060194444917,0.14320868260487837,6,train,1,13,0.49216396953126007,0.29206917979082475,,,0.8649988047225727,0.38676674217429324,,,0.04368800866339125,0.09952067394148711,0.9930126021037503,HNMF(res),0.0,0.1,/home/jupyter/repos/SCoNE/output/models/overdispersion_nu/train_13
1131,0.2822936871986697,0.6141748333334214,0.39623819267852994,0.14295984502065162,7,train,1,13,0.4694879645932642,0.2814470671745274,,,0.8493736885641919,0.38841809441624603,,,0.043826033288797,0.09913381173185462,0.9930126021037503,HNMF(res),0.0,0.1,/home/jupyter/repos/SCoNE/output/models/overdispersion_nu/train_13
1132,0.2698564402932755,0.6151094983918242,0.3964854061011513,0.14317230934442987,8,train,1,13,0.4894078206087303,0.2936384462237519,,,0.8647471493766359,0.38430250806910315,,,0.04372101210370992,0.09945129724071994,0.9930126021037503,HNMF(res),0.0,0.1,/home/jupyter/repos/SCoNE/output/models/overdispersion_nu/train_13
1133,0.26977776056426467,0.6169686462627472,0.3949801559978186,0.14314219398499925,9,train,1,13,0.4922254991184709,0.29659208796493364,,,0.862932815859907,0.38312044714113774,,,0.04372310367910614,0.09941909030589312,0.9930126021037503,HNMF(res),0.0,0.1,/home/jupyter/repos/SCoNE/output/models/overdispersion_nu/train_13
1134,0.26806886369130506,0.6152619472876921,0.39725272690005825,0.14320755104399818,10,train,1,13,0.4943513815277343,0.2837736213563582,,,0.8680425305621768,0.36592619410721156,,,0.043702875861609966,0.0995046751823882,0.9930126021037503,HNMF(res),0.0,0.1,/home/jupyter/repos/SCoNE/output/models/overdispersion_nu/train_13
1135,0.26266410190007156,0.6124765415227994,0.3933664474309082,0.1433549138027342,11,train,1,13,0.48478947643634107,0.2783858848081612,,,0.8589537492543499,0.37935830068373766,,,0.043617528517970024,0.0997373852847642,0.9930126021037503,HNMF(res),0.0,0.1,/home/jupyter/repos/SCoNE/output/models/overdispersion_nu/train_13
1136,0.27007523931779154,0.6152590650100874,0.3986141669280952,0.1432565190073939,12,train,1,13,0.4906945229693062,0.2874383788312832,,,0.862703524607981,0.37224664610816693,,,0.04365852414167429,0.09959799486571962,0.9930126021037503,HNMF(res),0.0,0.1,/home/jupyter/repos/SCoNE/output/models/overdispersion_nu/train_13
1137,0.27423750476857184,0.6140161955263516,0.3963479375969925,0.14313962283523946,13,train,1,13,0.48512174528417046,0.285419517421497,,,0.860435485773437,0.37443873835716124,,,0.043700145261599425,0.09943947757364004,0.9930126021037503,HNMF(res),0.0,0.1,/home/jupyter/repos/SCoNE/output/models/overdispersion_nu/train_13
1138,0.27144532436213725,0.6143486755007853,0.39915758471529367,0.1432486404021331,14,train,1,13,0.491975452765343,0.2985535409037095,,,0.8644770343522294,0.3758348695831076,,,0.04367873690518769,0.09956990349694539,0.9930126021037503,HNMF(res),0.0,0.1,/home/jupyter/repos/SCoNE/output/models/overdispersion_nu/train_13
1139,0.26675388745281725,0.6099747100358356,0.39437249907100835,0.1432025701662858,15,train,1,13,0.48495517025635104,0.2851876630375919,,,0.8591248914200135,0.36303092551062915,,,0.043701800912326144,0.09950076925395965,0.9930126021037503,HNMF(res),0.0,0.1,/home/jupyter/repos/SCoNE/output/models/overdispersion_nu/train_13
1140,0.2728773382609713,0.6107149827094406,0.3944510878297302,0.14328118035332532,16,train,1,13,0.48437533143966305,0.28893580308040834,,,0.862287954748972,0.3751713017153093,,,0.04365391900113729,0.09962726135218802,0.9930126021037503,HNMF(res),0.0,0.1,/home/jupyter/repos/SCoNE/output/models/overdispersion_nu/train_13
1141,0.25720775999634443,0.6107418479216151,0.39605392511658805,0.14340108754147696,17,train,1,13,0.48198799976116413,0.27363369410524613,,,0.8566689579702988,0.3779925644499605,,,0.043616773488070165,0.09978431405340678,0.9930126021037503,HNMF(res),0.0,0.1,/home/jupyter/repos/SCoNE/output/models/overdispersion_nu/train_13
1142,0.27042001566035456,0.6153275148195909,0.39446844256638053,0.14327961777458215,18,train,1,13,0.4926069657256658,0.28090797637128234,,,0.8655733114291378,0.38006166430009336,,,0.04364718281064834,0.0996324349639338,0.9930126021037503,HNMF(res),0.0,0.1,/home/jupyter/repos/SCoNE/output/models/overdispersion_nu/train_13
1143,0.13048147479359895,0.5917525694803581,0.42009787973283025,0.14934584315555927,19,train,1,13,0.5555592580977745,0.31815494414567136,,,0.8454000121410036,0.41545596447848515,,,0.0449210215568466,0.10442482159871266,0.9930126021037503,HNMF(res),0.0,0.1,/home/jupyter/repos/SCoNE/output/models/overdispersion_nu/train_13
1144,0.25932852718976424,0.6120043638034789,0.39142963154827853,0.14335541258164322,20,train,1,13,0.48135905974151466,0.2818474024022992,,,0.8565041101779246,0.3725354360313918,,,0.043619741058464806,0.09973567152317842,0.9930126021037503,HNMF(res),0.0,0.1,/home/jupyter/repos/SCoNE/output/models/overdispersion_nu/train_13
1145,0.26952619555917307,0.613845720893806,0.39656012996783446,0.14287742024747535,21,train,1,13,0.4745807807750958,0.2923049844410474,,,0.8545066694529172,0.3717667209495823,,,0.04384204082805925,0.09903537941941609,0.9930126021037503,HNMF(res),0.0,0.1,/home/jupyter/repos/SCoNE/output/models/overdispersion_nu/train_13
1146,0.27714236832433314,0.6124279715601457,0.3948318454371552,0.1431201163196441,22,train,1,13,0.4772974031822391,0.2870522824954423,,,0.8583538715860242,0.3760711150103284,,,0.04370898880360322,0.09941112751604088,0.9930126021037503,HNMF(res),0.0,0.1,/home/jupyter/repos/SCoNE/output/models/overdispersion_nu/train_13
1147,0.2617365384086633,0.6120872234817675,0.3948533680917661,0.1433220628580406,23,train,1,13,0.48521037185376814,0.2854035112902285,,,0.8639146213275576,0.3896822112521683,,,0.043634030896441904,0.0996880319615987,0.9930126021037503,HNMF(res),0.0,0.1,/home/jupyter/repos/SCoNE/output/models/overdispersion_nu/train_13
1148,0.26907354884456575,0.6134728930387111,0.39810023447802473,0.1433480967720288,24,train,1,13,0.490352053550478,0.2829005609956125,,,0.8673210095516674,0.3816325501671725,,,0.043627495300269416,0.09972060147175939,0.9930126021037503,HNMF(res),0.0,0.1,/home/jupyter/repos/SCoNE/output/models/overdispersion_nu/train_13
1149,0.28534245406993985,0.6145092832147625,0.39719507755720884,0.14300833337110325,25,train,1,13,0.4686730616561207,0.2940669287229786,,,0.8436856248973585,0.3701585479465665,,,0.04377577436649873,0.09923255900460452,0.9930126021037503,HNMF(res),0.0,0.1,/home/jupyter/repos/SCoNE/output/models/overdispersion_nu/train_13
1150,0.2719570354642342,0.6128773776687938,0.3984870403955998,0.1433688266038606,26,train,1,13,0.4927828569853304,0.28869065456734766,,,0.8674350233500234,0.3828431953173033,,,0.043625216531918413,0.0997436100719422,0.9930126021037503,HNMF(res),0.0,0.1,/home/jupyter/repos/SCoNE/output/models/overdispersion_nu/train_13
1151,0.2741351241008553,0.613513635419498,0.3934401688682822,0.14313977393940813,27,train,1,13,0.4944928716382825,0.3086800900562115,,,0.8682927043895214,0.36293314845674307,,,0.04376183863274358,0.09937793530666457,0.9930126021037503,HNMF(res),0.0,0.1,/home/jupyter/repos/SCoNE/output/models/overdispersion_nu/train_13
1152,0.2694815534161692,0.614810258362132,0.3961637247719353,0.1433421708084845,28,train,1,13,0.5019966816510658,0.2843768485690044,,,0.872447429561526,0.38700964975708435,,,0.043655923810875116,0.09968624699760938,0.9930126021037503,HNMF(res),0.0,0.1,/home/jupyter/repos/SCoNE/output/models/overdispersion_nu/train_13
1153,0.2734401470838469,0.6159877606046451,0.39751357502468354,0.14280436653808637,29,train,1,13,0.47388425674534235,0.2930573501500752,,,0.8525432561837812,0.38178926478494907,,,0.043897989364155,0.09890637717393136,0.9930126021037503,HNMF(res),0.0,0.1,/home/jupyter/repos/SCoNE/output/models/overdispersion_nu/train_13
1154,0.2743546883282164,0.6147841487752413,0.3967390122305839,0.14328624388831662,30,train,1,13,0.49462271678368447,0.29170175528057474,,,0.8686006305194447,0.3786641704800017,,,0.04365697351835809,0.09962927036995854,0.9930126021037503,HNMF(res),0.0,0.1,/home/jupyter/repos/SCoNE/output/models/overdispersion_nu/train_13
1155,0.2670552827651793,0.6124462652258312,0.39615941280436606,0.14317748688981485,31,train,1,13,0.48080788730194185,0.27501080247786447,,,0.857614282374406,0.3776406834168908,,,0.043700813631076134,0.09947667325873871,0.9930126021037503,HNMF(res),0.0,0.1,/home/jupyter/repos/SCoNE/output/models/overdispersion_nu/train_13
1156,0.26703962016341176,0.6151543918613426,0.3955438448611067,0.1432882825844811,32,train,1,13,0.49674800531203445,0.2832901303323573,,,0.8667800139246812,0.38885529565624666,,,0.04365234863530823,0.09963593394917286,0.9930126021037503,HNMF(res),0.0,0.1,/home/jupyter/repos/SCoNE/output/models/overdispersion_nu/train_13
1157,0.2810537019273316,0.6141074505365803,0.3968133096197017,0.1431146562536466,33,train,1,13,0.46955390224056875,0.2821789896160951,,,0.842567944177403,0.37490075891401964,,,0.04372902764040656,0.09938562861324006,0.9930126021037503,HNMF(res),0.0,0.1,/home/jupyter/repos/SCoNE/output/models/overdispersion_nu/train_13
1158,0.26625091159004133,0.6146681276250263,0.3984277113431471,0.14309338069216906,34,train,1,13,0.47869405312344243,0.2884270410555821,,,0.8516651362616631,0.3758359741028417,,,0.043745532392448,0.09934784829972106,0.9930126021037503,HNMF(res),0.0,0.1,/home/jupyter/repos/SCoNE/output/models/overdispersion_nu/train_13
1159,0.2694101163838467,0.6160724295874469,0.396680551809404,0.1432457581233209,35,train,1,13,0.4953607201962503,0.2889137636049206,,,0.8681044918523624,0.3775200243791509,,,0.04367763044485523,0.09956812767846566,0.9930126021037503,HNMF(res),0.0,0.1,/home/jupyter/repos/SCoNE/output/models/overdispersion_nu/train_13
1160,0.2638316307104462,0.6139617375622307,0.3982878258898808,0.14331868609842383,36,train,1,13,0.4953506571146443,0.2984762822370906,,,0.8665257530619347,0.3854844423831228,,,0.043654850699733704,0.09966383539869011,0.9930126021037503,HNMF(res),0.0,0.1,/home/jupyter/repos/SCoNE/output/models/overdispersion_nu/train_13
1161,0.28532994681990526,0.6153644067390867,0.39580132083890995,0.14299693834379804,37,train,1,13,0.47235864629280183,0.2825119155296059,,,0.8456511561907764,0.3814554925980182,,,0.04377229863742862,0.09922463970636941,0.9930126021037503,HNMF(res),0.0,0.1,/home/jupyter/repos/SCoNE/output/models/overdispersion_nu/train_13
1162,0.2799963351877195,0.6156650274804097,0.39901055256073265,0.14306826995991143,38,train,1,13,0.4750726479317656,0.2818530387475448,,,0.8503662318305053,0.36190351657668274,,,0.043737608807106,0.09933066115280542,0.9930126021037503,HNMF(res),0.0,0.1,/home/jupyter/repos/SCoNE/output/models/overdispersion_nu/train_13
1163,0.2716507929659693,0.614390717150904,0.39657264325730857,0.1432105632402002,39,train,1,13,0.489282455825529,0.27520025039752555,,,0.8586076485801319,0.3766768457133359,,,0.043692435952108276,0.09951812728809194,0.9930126021037503,HNMF(res),0.0,0.1,/home/jupyter/repos/SCoNE/output/models/overdispersion_nu/train_13
1164,0.26962518952730935,0.6155350318239664,0.39539536356498933,0.14326561351103095,40,train,1,13,0.4915837585446144,0.29389012236299417,,,0.861478839598668,0.39343111349468257,,,0.043676914850124586,0.09958869866090636,0.9930126021037503,HNMF(res),0.0,0.1,/home/jupyter/repos/SCoNE/output/models/overdispersion_nu/train_13
1165,0.2724193045070499,0.6146571131340136,0.3965230396928316,0.14298248797791552,41,train,1,13,0.48014197560913696,0.2949919795848339,,,0.8598757926840945,0.39079098531371737,,,0.043791202519122795,0.09919128545879272,0.9930126021037503,HNMF(res),0.0,0.1,/home/jupyter/repos/SCoNE/output/models/overdispersion_nu/train_13
1166,0.26667859117405934,0.6136877490534017,0.3992623018658502,0.14330376927800753,42,train,1,13,0.4816804372463447,0.27982730576375237,,,0.8518417040548724,0.3959485897970648,,,0.04366723146773345,0.0996365378102741,0.9930126021037503,HNMF(res),0.0,0.1,/home/jupyter/repos/SCoNE/output/models/overdispersion_nu/train_13
1167,0.26881456158289807,0.6188826518537497,0.39696542145728153,0.14323744216989404,43,train,1,13,0.49773608751836906,0.30095411107151815,,,0.8670388738461999,0.37487404183117773,,,0.04370146741923635,0.09953597475065767,0.9930126021037503,HNMF(res),0.0,0.1,/home/jupyter/repos/SCoNE/output/models/overdispersion_nu/train_13
1168,0.2641785953910321,0.612194455296896,0.39809160033573593,0.14322181426488886,44,train,1,13,0.48944372864994473,0.300705897707046,,,0.865251334605691,0.3634871401028928,,,0.04372746092747365,0.09949435333741521,0.9930126021037503,HNMF(res),0.0,0.1,/home/jupyter/repos/SCoNE/output/models/overdispersion_nu/train_13
1169,0.28538355981586666,0.6146852579966299,0.39594020862680357,0.1431466332899098,45,train,1,13,0.4826017327131577,0.2763034368785799,,,0.8580018306513,0.3865030595945342,,,0.04371801794760485,0.09942861534230496,0.9930126021037503,HNMF(res),0.0,0.1,/home/jupyter/repos/SCoNE/output/models/overdispersion_nu/train_13
1170,0.2686559580242899,0.6129846855615249,0.3980521152223584,0.14348327147151352,46,train,1,13,0.4924956356691222,0.2791275596211475,,,0.8663547111917087,0.3809189800393075,,,0.04360694572646226,0.09987632574505124,0.9930126021037503,HNMF(res),0.0,0.1,/home/jupyter/repos/SCoNE/output/models/overdispersion_nu/train_13
1171,0.2603910543794829,0.6147823490759503,0.4007226146922351,0.14339311830405432,47,train,1,13,0.49022722254464085,0.30442376211774036,,,0.8586385294874095,0.3773474678566939,,,0.043665312834666646,0.09972780546938767,0.9930126021037503,HNMF(res),0.0,0.1,/home/jupyter/repos/SCoNE/output/models/overdispersion_nu/train_13
1172,0.2707928096750762,0.6151754707718308,0.3963729254291486,0.14332494381026997,48,train,1,13,0.49549083896225615,0.28877426989771926,,,0.8644101549990626,0.3760437438663357,,,0.043632471240478005,0.09969247256979197,0.9930126021037503,HNMF(res),0.0,0.1,/home/jupyter/repos/SCoNE/output/models/overdispersion_nu/train_13
1173,0.27092402812634975,0.6142895945636014,0.3929708741647431,0.14322585568833257,49,train,1,13,0.4852324327081817,0.2873231088068104,,,0.8596511495273708,0.36373388307235316,,,0.043675494057918936,0.09955036163041363,0.9930126021037503,HNMF(res),0.0,0.1,/home/jupyter/repos/SCoNE/output/models/overdispersion_nu/train_13
1174,0.18948257285094666,0.5973154339969522,0.38958611840521634,0.16230356023295026,0,train,2,25,0.4730032821838868,0.3171247173200695,,,0.8304043638908445,0.3363691876434202,,,0.04635873823897587,0.11594482199397439,0.9315647719969116,HNMF(res),0.0,0.5,/home/jupyter/repos/SCoNE/output/models/overdispersion_nu/train_25
1175,0.25589624324680477,0.5342744456068257,0.3667671277248285,0.15693549914267937,1,train,2,25,0.48245733042908434,0.29473312672899554,,,0.6396106866938464,0.3012134709307846,,,0.0508845339663068,0.10605096517637258,0.9315647719969116,HNMF(res),0.0,0.5,/home/jupyter/repos/SCoNE/output/models/overdispersion_nu/train_25
1176,0.16373713023912395,0.5792192982880309,0.388566220647319,0.16291526356173888,2,train,2,25,0.4288420104470539,0.29502961735259225,,,0.8196257108529341,0.32710913726334256,,,0.04595005294257408,0.1169652106191648,0.9315647719969116,HNMF(res),0.0,0.5,/home/jupyter/repos/SCoNE/output/models/overdispersion_nu/train_25
1177,0.17046795635332096,0.5873616612153982,0.38858440380023895,0.1622278826968138,3,train,2,25,0.449990626796835,0.3001316968852553,,,0.8230841835568513,0.35096221736692457,,,0.04636331092816128,0.11586457176865252,0.9315647719969116,HNMF(res),0.0,0.5,/home/jupyter/repos/SCoNE/output/models/overdispersion_nu/train_25
1178,0.16494436577776264,0.5820584812086846,0.38846187667545284,0.16265918285079448,4,train,2,25,0.4444500492117608,0.295491492817361,,,0.8266126760111048,0.3299534100180652,,,0.04612376145465639,0.1165354213961381,0.9315647719969116,HNMF(res),0.0,0.5,/home/jupyter/repos/SCoNE/output/models/overdispersion_nu/train_25
1179,0.13059724694172642,0.5677343008357693,0.3779894055410001,0.1567504517145702,5,train,2,25,0.5260888277383383,0.36302299954211975,,,0.776753483128807,0.29591793590828525,,,0.05075201003077426,0.10599844168379594,0.9315647719969116,HNMF(res),0.0,0.5,/home/jupyter/repos/SCoNE/output/models/overdispersion_nu/train_25
1180,0.18510091560960806,0.5952169452669169,0.39129094342922827,0.1623800151641868,6,train,2,25,0.46765772544178197,0.31393837999199176,,,0.8293959361107991,0.3408028976714166,,,0.046282594251337,0.11609742091284979,0.9315647719969116,HNMF(res),0.0,0.5,/home/jupyter/repos/SCoNE/output/models/overdispersion_nu/train_25
1181,0.1423474151020297,0.5746148745345244,0.3858886892878642,0.16261475353266566,7,train,2,25,0.4254164214125148,0.28916623128803765,,,0.8115639243884829,0.3450594215419176,,,0.046195521810111974,0.1164192317225537,0.9315647719969116,HNMF(res),0.0,0.5,/home/jupyter/repos/SCoNE/output/models/overdispersion_nu/train_25
1182,0.18259074045688845,0.5960345502489095,0.39067649595009235,0.1620921366150892,8,train,2,25,0.47724686093232327,0.32405161427070944,,,0.830640872327972,0.3425404319446028,,,0.04652097220013804,0.11557116441495117,0.9315647719969116,HNMF(res),0.0,0.5,/home/jupyter/repos/SCoNE/output/models/overdispersion_nu/train_25
1183,0.12140401149697665,0.4925977399066183,0.3797058962716603,0.15870745521078655,9,train,2,25,0.445144747565818,0.3159603839356523,,,0.5944536498984562,0.3226949184296702,,,0.050179406377125854,0.1085280488336607,0.9315647719969116,HNMF(res),0.0,0.5,/home/jupyter/repos/SCoNE/output/models/overdispersion_nu/train_25
1184,0.24734343681551701,0.5315916068067287,0.3698386731442923,0.15686989272372262,10,train,2,25,0.47804207898735607,0.29434399008208023,,,0.6370159906399078,0.29369875935274853,,,0.05098848157300905,0.10588141115071356,0.9315647719969116,HNMF(res),0.0,0.5,/home/jupyter/repos/SCoNE/output/models/overdispersion_nu/train_25
1185,0.23807001743085798,0.5289147435443786,0.3739455662319135,0.15732155523792715,11,train,2,25,0.4940897897924091,0.303223273574988,,,0.6311566624478113,0.309409118195488,,,0.05068904002358509,0.10663251521434206,0.9315647719969116,HNMF(res),0.0,0.5,/home/jupyter/repos/SCoNE/output/models/overdispersion_nu/train_25
1186,0.2389791391989454,0.5274234777223555,0.37491493688453964,0.15719583657132521,12,train,2,25,0.4865819399475075,0.3008992034834818,,,0.6263055833649114,0.3103535362265424,,,0.05074822512539371,0.10644761144593151,0.9315647719969116,HNMF(res),0.0,0.5,/home/jupyter/repos/SCoNE/output/models/overdispersion_nu/train_25
1187,0.18105537389638787,0.5952351089889666,0.3928997447579065,0.16206727522915,13,train,2,25,0.4710770454751667,0.31600831498238585,,,0.8293199234450478,0.3374654734370064,,,0.04650164790800211,0.11556562732114786,0.9315647719969116,HNMF(res),0.0,0.5,/home/jupyter/repos/SCoNE/output/models/overdispersion_nu/train_25
1188,0.18820109158230716,0.5915213661630208,0.3908050334767793,0.16273972119978497,14,train,2,25,0.4533160392126438,0.3128161749667147,,,0.8259869868365028,0.32662473483908544,,,0.04605241384438307,0.11668730735540189,0.9315647719969116,HNMF(res),0.0,0.5,/home/jupyter/repos/SCoNE/output/models/overdispersion_nu/train_25
1189,0.2473637622248753,0.5310022477147123,0.37473639856279506,0.15717500339102644,15,train,2,25,0.48387637463911565,0.3045891703736035,,,0.6314849797106121,0.29465542432436975,,,0.050770325122836225,0.10640467826819022,0.9315647719969116,HNMF(res),0.0,0.5,/home/jupyter/repos/SCoNE/output/models/overdispersion_nu/train_25
1190,0.16538649133285238,0.579340181117323,0.38667085080908925,0.1628992133526535,16,train,2,25,0.4322539385364606,0.293153260127071,,,0.8216108359060317,0.33275902344689307,,,0.0459572202728126,0.1169419930798409,0.9315647719969116,HNMF(res),0.0,0.5,/home/jupyter/repos/SCoNE/output/models/overdispersion_nu/train_25
1191,0.21675766556698653,0.5181094153319691,0.3756933092511386,0.15772743447829227,17,train,2,25,0.4897652866475018,0.3122526657725495,,,0.6174277424730235,0.3107840579361586,,,0.05051379371334789,0.10721364076494438,0.9315647719969116,HNMF(res),0.0,0.5,/home/jupyter/repos/SCoNE/output/models/overdispersion_nu/train_25
1192,0.16538649133285238,0.5796851790874811,0.3871642984246065,0.16290157456624033,18,train,2,25,0.430015288452015,0.2818384975832573,,,0.8199882614461526,0.3266556511176831,,,0.04595137473573213,0.1169501998305082,0.9315647719969116,HNMF(res),0.0,0.5,/home/jupyter/repos/SCoNE/output/models/overdispersion_nu/train_25
1193,0.13680625523890874,0.5707530294859711,0.3961817868524754,0.16150419634405855,19,train,2,25,0.4514551170071214,0.3053639289794894,,,0.7829223533731358,0.31801488277836293,,,0.047989410314257866,0.11351478602980067,0.9315647719969116,HNMF(res),0.0,0.5,/home/jupyter/repos/SCoNE/output/models/overdispersion_nu/train_25
1194,0.18069365033595705,0.59391989081668,0.3892786670016568,0.16218166105309934,20,train,2,25,0.4679150727009782,0.31633385156967836,,,0.8290448452612456,0.3275980712620624,,,0.046420687447540764,0.11576097360555858,0.9315647719969116,HNMF(res),0.0,0.5,/home/jupyter/repos/SCoNE/output/models/overdispersion_nu/train_25
1195,0.1357230951139958,0.5078656894682706,0.38775069132458617,0.15925994505974791,21,train,2,25,0.4205194200393477,0.36814894161315564,,,0.6993722173497177,0.3067648663475716,,,0.0511069336852404,0.10815301137450752,0.9315647719969116,HNMF(res),0.0,0.5,/home/jupyter/repos/SCoNE/output/models/overdispersion_nu/train_25
1196,0.16233152813074303,0.5822501932019206,0.3871539106943107,0.16231252803127064,22,train,2,25,0.44054986820357966,0.3020706676225409,,,0.8174671655414288,0.33601591457128344,,,0.046319878438675494,0.11599264959259514,0.9315647719969116,HNMF(res),0.0,0.5,/home/jupyter/repos/SCoNE/output/models/overdispersion_nu/train_25
1197,0.19047180108691192,0.5111805729095875,0.37872504342453245,0.15788791420923243,23,train,2,25,0.4757679918978571,0.31528664093534303,,,0.6102257503991635,0.31805836325336534,,,0.050475185880055236,0.10741272832917718,0.9315647719969116,HNMF(res),0.0,0.5,/home/jupyter/repos/SCoNE/output/models/overdispersion_nu/train_25
1198,0.16164788279384387,0.5816083543892813,0.3772834620684186,0.15709811797100237,24,train,2,25,0.5240517588717206,0.36720194853349697,,,0.7946595568984403,0.3035254179776555,,,0.05046849249102879,0.1066296254799736,0.9315647719969116,HNMF(res),0.0,0.5,/home/jupyter/repos/SCoNE/output/models/overdispersion_nu/train_25
1199,0.16016195462870328,0.5798673021588638,0.3771199076259495,0.1570363524320485,25,train,2,25,0.5231248911189158,0.37487807268640116,,,0.7933590340214871,0.29770617787645953,,,0.05049817987656221,0.1065381725554863,0.9315647719969116,HNMF(res),0.0,0.5,/home/jupyter/repos/SCoNE/output/models/overdispersion_nu/train_25
1200,0.179429554073101,0.5933892362386836,0.3931424704426185,0.16215597907316223,26,train,2,25,0.4697804224925415,0.3164423626899051,,,0.8304796635113212,0.3415387337695727,,,0.04645728957373874,0.11569868949942348,0.9315647719969116,HNMF(res),0.0,0.5,/home/jupyter/repos/SCoNE/output/models/overdispersion_nu/train_25
1201,0.25552285723254525,0.5345309923657658,0.36918094897367854,0.15695457587913508,27,train,2,25,0.4903592680485626,0.3091467755249467,,,0.6438041336789345,0.29906906825334706,,,0.05095634040639038,0.10599823547274469,0.9315647719969116,HNMF(res),0.0,0.5,/home/jupyter/repos/SCoNE/output/models/overdispersion_nu/train_25
1202,0.16075606083017588,0.6050580768309676,0.390190087327553,0.15855909548335195,28,train,2,25,0.5161675882247758,0.3610045994521196,,,0.8231582977069665,0.3212613428228328,,,0.04953169128877779,0.10902740419457417,0.9315647719969116,HNMF(res),0.0,0.5,/home/jupyter/repos/SCoNE/output/models/overdispersion_nu/train_25
1203,0.24693077631308527,0.5314858473980083,0.37319825220938474,0.1568898312040441,29,train,2,25,0.47870892115933905,0.3038437515208887,,,0.630694866855297,0.31511325502011833,,,0.050952381710052445,0.10593744949399164,0.9315647719969116,HNMF(res),0.0,0.5,/home/jupyter/repos/SCoNE/output/models/overdispersion_nu/train_25
1204,0.25368601055165313,0.5345754048122023,0.3709400516518959,0.15697818827877083,30,train,2,25,0.49073169124213806,0.29733661653122584,,,0.6395640825018851,0.3003719223728642,,,0.0508896810685309,0.10608850721023992,0.9315647719969116,HNMF(res),0.0,0.5,/home/jupyter/repos/SCoNE/output/models/overdispersion_nu/train_25
1205,0.25289501297408273,0.5340997042219234,0.37106047749206944,0.15684300934793524,31,train,2,25,0.4828487079120218,0.3016545573983752,,,0.6391697056552836,0.31056533499166045,,,0.051000982666076285,0.10584202668185895,0.9315647719969116,HNMF(res),0.0,0.5,/home/jupyter/repos/SCoNE/output/models/overdispersion_nu/train_25
1206,0.1692512395427037,0.5881551630347278,0.3891805360579309,0.16240839679495672,32,train,2,25,0.46466879169621217,0.30299034551947174,,,0.8279341952492562,0.344933077721596,,,0.04628032618893428,0.11612807060602244,0.9315647719969116,HNMF(res),0.0,0.5,/home/jupyter/repos/SCoNE/output/models/overdispersion_nu/train_25
1207,0.17768187907098804,0.5873114739209574,0.37853439888194984,0.1576343010067802,33,train,2,25,0.5371773151844349,0.3667806147952041,,,0.8007048870878806,0.31630393884521696,,,0.05010732948266436,0.10752697152411583,0.9315647719969116,HNMF(res),0.0,0.5,/home/jupyter/repos/SCoNE/output/models/overdispersion_nu/train_25
1208,0.12154188922725126,0.5638964398169889,0.37430365701123997,0.15663718936101562,34,train,2,25,0.5107864770426428,0.3646592173860324,,,0.7727942398290798,0.2963710174335654,,,0.05084052744665454,0.10579666191436109,0.9315647719969116,HNMF(res),0.0,0.5,/home/jupyter/repos/SCoNE/output/models/overdispersion_nu/train_25
1209,0.18783827956108146,0.5927477728725382,0.3936115409821637,0.16053517280351365,35,train,2,25,0.4909456111126406,0.3623489239867271,,,0.7978535603042624,0.31935626125421895,,,0.049617724017473094,0.11091744878604057,0.9315647719969116,HNMF(res),0.0,0.5,/home/jupyter/repos/SCoNE/output/models/overdispersion_nu/train_25
1210,0.17748135790082137,0.5874097253375249,0.39049686958168617,0.1626569537860736,36,train,2,25,0.4556664003401296,0.31176008780041387,,,0.8254389976842608,0.3379316932110288,,,0.04609653293590749,0.1165604208501661,0.9315647719969116,HNMF(res),0.0,0.5,/home/jupyter/repos/SCoNE/output/models/overdispersion_nu/train_25
1211,0.184206174190363,0.5957841610367494,0.3903874571423725,0.16220698608013584,37,train,2,25,0.4694228112710266,0.31414560615629145,,,0.8297340830691237,0.3420216562981515,,,0.04641095999512773,0.11579602608500812,0.9315647719969116,HNMF(res),0.0,0.5,/home/jupyter/repos/SCoNE/output/models/overdispersion_nu/train_25
1212,0.08373707879187547,0.5523796834575311,0.38945498997148625,0.16191461954519049,38,train,2,25,0.44114378309407903,0.3063909922022029,,,0.7784461605654817,0.31267690324854136,,,0.04765513680648565,0.11425948273870483,0.9315647719969116,HNMF(res),0.0,0.5,/home/jupyter/repos/SCoNE/output/models/overdispersion_nu/train_25
1213,0.18229238018185817,0.5949145884184637,0.39120511791113827,0.16218048317840564,39,train,2,25,0.47454412333109836,0.3070929279162857,,,0.8305806482585961,0.33900189482315424,,,0.046445226318700926,0.1157352568597047,0.9315647719969116,HNMF(res),0.0,0.5,/home/jupyter/repos/SCoNE/output/models/overdispersion_nu/train_25
1214,0.18992899777911157,0.5103208158137619,0.37826782983876095,0.15788804783775567,40,train,2,25,0.4883221389387525,0.319972875246923,,,0.6070975450863312,0.3164209453678797,,,0.050501357226776754,0.10738669061097891,0.9315647719969116,HNMF(res),0.0,0.5,/home/jupyter/repos/SCoNE/output/models/overdispersion_nu/train_25
1215,0.18284962349834025,0.5903944843001889,0.3911410718480226,0.16253517708732348,41,train,2,25,0.4558682739976499,0.31449800717978166,,,0.8273461224800206,0.3586990949619458,,,0.04618250308959931,0.11635267399772418,0.9315647719969116,HNMF(res),0.0,0.5,/home/jupyter/repos/SCoNE/output/models/overdispersion_nu/train_25
1216,0.05491183022091523,0.47436650710972833,0.3810661121995577,0.16007842620566234,42,train,2,25,0.4062999330272709,0.33633721865283356,,,0.6740000192553188,0.30796887972503756,,,0.04935710415511072,0.11072132205055162,0.9315647719969116,HNMF(res),0.0,0.5,/home/jupyter/repos/SCoNE/output/models/overdispersion_nu/train_25
1217,0.17687424593425277,0.5981867079742769,0.39084629892026923,0.1617991113188963,43,train,2,25,0.47547371084508205,0.3327509565598639,,,0.8296037474098844,0.32935249065243816,,,0.04670894082448814,0.11509017049440816,0.9315647719969116,HNMF(res),0.0,0.5,/home/jupyter/repos/SCoNE/output/models/overdispersion_nu/train_25
1218,0.08103594868053875,0.46372222333524415,0.37895966718736857,0.15914992164962755,44,train,2,25,0.4222503650512434,0.3469641912897401,,,0.6610439167508672,0.28625486865104444,,,0.049954877022325976,0.10919504462730156,0.9315647719969116,HNMF(res),0.0,0.5,/home/jupyter/repos/SCoNE/output/models/overdispersion_nu/train_25
1219,0.1792080372564736,0.5978193223640312,0.3900843891874098,0.1619032607895921,45,train,2,25,0.4754779854508452,0.31428243720301025,,,0.8300214598444363,0.3355787342697424,,,0.04663443884209042,0.1152688219475017,0.9315647719969116,HNMF(res),0.0,0.5,/home/jupyter/repos/SCoNE/output/models/overdispersion_nu/train_25
1220,0.24221285830563075,0.5329134166761877,0.37278287385676456,0.15732464322046502,46,train,2,25,0.48927725533306715,0.2867655506572835,,,0.6334854069171186,0.312515205212845,,,0.05069745911696893,0.1066271841034961,0.9315647719969116,HNMF(res),0.0,0.5,/home/jupyter/repos/SCoNE/output/models/overdispersion_nu/train_25
1221,0.17102230404019303,0.5899302422547537,0.3917685707969751,0.16185563460124816,47,train,2,25,0.4562249020081548,0.3288901380877963,,,0.8229721713128616,0.3312080787346392,,,0.04667442005858042,0.11518121454266773,0.9315647719969116,HNMF(res),0.0,0.5,/home/jupyter/repos/SCoNE/output/models/overdispersion_nu/train_25
1222,0.23818465427900654,0.5276285988308047,0.37606890494262196,0.15743313050766886,48,train,2,25,0.4917068503793564,0.31391427159112983,,,0.6289495502887742,0.30799766318706256,,,0.050625223250777465,0.10680790725689139,0.9315647719969116,HNMF(res),0.0,0.5,/home/jupyter/repos/SCoNE/output/models/overdispersion_nu/train_25
1223,0.1943294819856331,0.6026569946801181,0.38822513427336475,0.1637390846017917,49,train,2,25,0.5436955630598771,0.3658317751122192,,,0.7651905734407848,0.33022889339817724,,,0.04893735877822413,0.11480172582356757,0.9315647719969116,HNMF(res),0.0,0.5,/home/jupyter/repos/SCoNE/output/models/overdispersion_nu/train_25
1224,0.1972678658606401,0.6027678952140446,0.42594890394894064,1.173200006522494,0,train,3,36,0.29384538604018245,0.32537901736209773,,,0.6963873074640202,0.329976572145793,,,0.4584817365570857,0.7147182699654082,0.8783673268906437,HNMF,0.0,1.0,/home/jupyter/repos/SCoNE/output/models/overdispersion_nu/train_36
1225,0.2872512546034915,0.6632305665107798,0.41934417330267487,1.1693990647081813,1,train,3,36,0.3327058040463134,0.3302795533657521,,,0.7375223656747226,0.3480531497532119,,,0.453842203801357,0.7155568609068244,0.8783673268906437,HNMF,0.0,1.0,/home/jupyter/repos/SCoNE/output/models/overdispersion_nu/train_36
1226,0.16091260992124748,0.5763229657096294,0.42157580096010094,1.1902125468424554,2,train,3,36,0.3634645848729543,0.3437542796882754,,,0.7365288109332733,0.35426468772484127,,,0.4737917285377507,0.7164208183047046,0.8783673268906437,HNMF,0.0,1.0,/home/jupyter/repos/SCoNE/output/models/overdispersion_nu/train_36
1227,0.19532977410676125,0.6472171069535486,0.4342507698204834,1.1672468531216644,3,train,3,36,0.3052154561149689,0.29822890633118243,,,0.7644609353935574,0.3174121799508645,,,0.4643122323110262,0.7029346208106382,0.8783673268906437,HNMF,0.0,1.0,/home/jupyter/repos/SCoNE/output/models/overdispersion_nu/train_36
1228,0.2463745201462766,0.6615040250225588,0.4271507667478215,1.165255542968289,4,train,3,36,0.32694680825198713,0.32571752593637315,,,0.7547276667562188,0.32879499574560617,,,0.45835597411803947,0.7068995688502495,0.8783673268906437,HNMF,0.0,1.0,/home/jupyter/repos/SCoNE/output/models/overdispersion_nu/train_36
1229,0.04456334328527373,0.4970387088542669,0.4284625956903455,1.2220890315504707,5,train,3,36,0.29760757516794634,0.3608614891421308,,,0.6711736171028065,0.32064801872242943,,,0.4900606544857724,0.7320283770646983,0.8783673268906437,HNMF,0.0,1.0,/home/jupyter/repos/SCoNE/output/models/overdispersion_nu/train_36
1230,0.11454588439419605,0.5370068359031849,0.4210473156014411,1.1898870733065006,6,train,3,36,0.3355401899806077,0.3458669859324205,,,0.6787924629778949,0.344211199664155,,,0.4732464058831505,0.7166406674233501,0.8783673268906437,HNMF,0.0,1.0,/home/jupyter/repos/SCoNE/output/models/overdispersion_nu/train_36
1231,0.20772963452647314,0.6343835958282108,0.4345507513046477,1.1693865437361515,7,train,3,36,0.32361657203159183,0.3179436078999919,,,0.7223526135876882,0.3404164805220942,,,0.46012534219698553,0.7092612015391659,0.8783673268906437,HNMF,0.0,1.0,/home/jupyter/repos/SCoNE/output/models/overdispersion_nu/train_36
1232,0.09631723906977648,0.5335260598503592,0.42529760240855524,1.2139291437088844,8,train,3,36,0.30754153065198525,0.3428063892856143,,,0.6823686058066756,0.3424515081615169,,,0.491087881597561,0.7228412621113234,0.8783673268906437,HNMF,0.0,1.0,/home/jupyter/repos/SCoNE/output/models/overdispersion_nu/train_36
1233,0.16740368565936206,0.5875243291465883,0.4312007570584969,1.175446130678244,9,train,3,36,0.379839187406203,0.3524896036971038,,,0.7277409642922013,0.33017906909309924,,,0.46682789585948964,0.7086182348187543,0.8783673268906437,HNMF,0.0,1.0,/home/jupyter/repos/SCoNE/output/models/overdispersion_nu/train_36
1234,0.29262621904305436,0.6681298961727699,0.41723224423841976,1.167257162720497,10,train,3,36,0.3358222692607045,0.3152862153203841,,,0.7479929038815157,0.33827740944317236,,,0.4521947353224611,0.7150624273980359,0.8783673268906437,HNMF,0.0,1.0,/home/jupyter/repos/SCoNE/output/models/overdispersion_nu/train_36
1235,0.23507165326787513,0.6225872812439485,0.43441669470890076,1.1672265866101792,11,train,3,36,0.30183793210607907,0.32398374637027993,,,0.7198383829268686,0.3298831418506981,,,0.456209788160371,0.7110167984498083,0.8783673268906437,HNMF,0.0,1.0,/home/jupyter/repos/SCoNE/output/models/overdispersion_nu/train_36
1236,0.23015234666058315,0.6455293486426575,0.4288808927485677,1.1675170220603226,12,train,3,36,0.3270763834206427,0.3285635714534746,,,0.7211814420779535,0.32342027917981875,,,0.4621026790911159,0.7054143429692068,0.8783673268906437,HNMF,0.0,1.0,/home/jupyter/repos/SCoNE/output/models/overdispersion_nu/train_36
1237,0.26891932488826104,0.6677905603478941,0.42060043622678167,1.1660155354355077,13,train,3,36,0.3466076410031827,0.32723543137197697,,,0.7589597328592615,0.32755781861707944,,,0.45685947372814556,0.7091560617073622,0.8783673268906437,HNMF,0.0,1.0,/home/jupyter/repos/SCoNE/output/models/overdispersion_nu/train_36
1238,0.1670363712296454,0.5837852287745074,0.4214546219439538,1.1818272019226692,14,train,3,36,0.33032640803606683,0.3451284673686943,,,0.7101803372282273,0.31997218255119486,,,0.47350384765302883,0.7083233542696403,0.8783673268906437,HNMF,0.0,1.0,/home/jupyter/repos/SCoNE/output/models/overdispersion_nu/train_36
1239,0.23066118781561806,0.642595228566137,0.4346690361148262,1.165004739783389,15,train,3,36,0.31939827772944035,0.3322475371334619,,,0.7284925513156562,0.3162814303405207,,,0.4574034052200767,0.7076013345633121,0.8783673268906437,HNMF,0.0,1.0,/home/jupyter/repos/SCoNE/output/models/overdispersion_nu/train_36
1240,0.15700330193359327,0.5768171909480736,0.4276196154249914,1.1801144799904866,16,train,3,36,0.3657339106534043,0.35467916041203523,,,0.7213999120272641,0.33173827917936743,,,0.46848111474633725,0.7116333652441492,0.8783673268906437,HNMF,0.0,1.0,/home/jupyter/repos/SCoNE/output/models/overdispersion_nu/train_36
1241,0.26569952160525934,0.6367702858959916,0.42783956072071866,1.1669829283256161,17,train,3,36,0.29769694005660036,0.33216562102119096,,,0.7385302517641315,0.3357939777720631,,,0.45366867943611977,0.7133142488894963,0.8783673268906437,HNMF,0.0,1.0,/home/jupyter/repos/SCoNE/output/models/overdispersion_nu/train_36
1242,0.2313603593087471,0.6550267428172902,0.431711086927861,1.1633190190008522,18,train,3,36,0.3165907995136257,0.313390798163207,,,0.7544022502361863,0.30105680561591724,,,0.4609476193323043,0.7023713996685479,0.8783673268906437,HNMF,0.0,1.0,/home/jupyter/repos/SCoNE/output/models/overdispersion_nu/train_36
1243,0.05814692034361385,0.5240771796156519,0.44230243184672274,1.2172413599995324,19,train,3,36,0.2640380938609833,0.29579032100464114,,,0.6556836892946044,0.3363983389356524,,,0.47584786616630764,0.7413934938332248,0.8783673268906437,HNMF,0.0,1.0,/home/jupyter/repos/SCoNE/output/models/overdispersion_nu/train_36
1244,0.23347930549433282,0.6608122786705158,0.4269157420668309,1.1687316334715934,20,train,3,36,0.32820102979015203,0.33655373036269437,,,0.7539726184061285,0.3148932396317005,,,0.4617148749682499,0.7070167585033434,0.8783673268906437,HNMF,0.0,1.0,/home/jupyter/repos/SCoNE/output/models/overdispersion_nu/train_36
1245,0.09102202708065417,0.5970612141045014,0.43968204616539003,1.2026580334464116,21,train,3,36,0.3024416786980623,0.32096345724295827,,,0.6455359465603496,0.33360296063530803,,,0.4717375600015921,0.7309204734448195,0.8783673268906437,HNMF,0.0,1.0,/home/jupyter/repos/SCoNE/output/models/overdispersion_nu/train_36
1246,0.10387337945287191,0.5654888161227252,0.4238106864258821,1.2055753613727165,22,train,3,36,0.348689789452242,0.3789352908523589,,,0.6569906605099332,0.30627711290280796,,,0.493059873928399,0.7125154874443175,0.8783673268906437,HNMF,0.0,1.0,/home/jupyter/repos/SCoNE/output/models/overdispersion_nu/train_36
1247,0.22446051424510086,0.6642082925482281,0.42537590858625024,1.171631004523154,23,train,3,36,0.3437030430069179,0.33004625073644,,,0.7372675020233649,0.3175623701839689,,,0.4678587304013193,0.7037722741218346,0.8783673268906437,HNMF,0.0,1.0,/home/jupyter/repos/SCoNE/output/models/overdispersion_nu/train_36
1248,0.25020849187243027,0.6640641901532004,0.4285399683531915,1.1656879723413907,24,train,3,36,0.33422700953510304,0.32830627576291094,,,0.7545700662231176,0.3261746505641651,,,0.45884677914526395,0.7068411931961266,0.8783673268906437,HNMF,0.0,1.0,/home/jupyter/repos/SCoNE/output/models/overdispersion_nu/train_36
1249,0.0459779608562467,0.5276204639855573,0.42320689786147897,1.2260807535344338,25,train,3,36,0.3144625772205377,0.36376070850364023,,,0.6582225534797432,0.33774148348457195,,,0.48664798837810225,0.7394327651563316,0.8783673268906437,HNMF,0.0,1.0,/home/jupyter/repos/SCoNE/output/models/overdispersion_nu/train_36
1250,0.22090191146971155,0.6352523167082652,0.4381844759293859,1.1665728327670157,26,train,3,36,0.30958324164582474,0.32361141872000493,,,0.7257962776712733,0.3277932319817257,,,0.4581732272405922,0.7083996055264234,0.8783673268906437,HNMF,0.0,1.0,/home/jupyter/repos/SCoNE/output/models/overdispersion_nu/train_36
1251,0.24591850385750538,0.6355421405937409,0.4312481316717758,1.1643633033196374,27,train,3,36,0.30746115185556094,0.3290949994243442,,,0.7381751598845425,0.3182503820674788,,,0.4541145054292788,0.7102487978903587,0.8783673268906437,HNMF,0.0,1.0,/home/jupyter/repos/SCoNE/output/models/overdispersion_nu/train_36
1252,0.03893132616856794,0.5152318379435895,0.42238660353304447,1.2135248231327096,28,train,3,36,0.31922907452811594,0.3539372057898172,,,0.617378350013587,0.31690877139700235,,,0.4922759943231421,0.7212488288095675,0.8783673268906437,HNMF,0.0,1.0,/home/jupyter/repos/SCoNE/output/models/overdispersion_nu/train_36
1253,0.2601831218808755,0.6593886099077851,0.42356998977323146,1.1714917921320085,29,train,3,36,0.3250553930593885,0.320519709924871,,,0.7200443228171336,0.35088468374418974,,,0.4547057771028063,0.7167860150292023,0.8783673268906437,HNMF,0.0,1.0,/home/jupyter/repos/SCoNE/output/models/overdispersion_nu/train_36
1254,0.24022598709250284,0.6716149066347583,0.41983333802595807,1.1767547415381474,30,train,3,36,0.3345774448272312,0.3206189449967101,,,0.7351753479672313,0.34352806317205986,,,0.4560354196305387,0.7207193219076087,0.8783673268906437,HNMF,0.0,1.0,/home/jupyter/repos/SCoNE/output/models/overdispersion_nu/train_36
1255,0.2602909182087689,0.6626477510167827,0.423801302323726,1.1638664210620981,31,train,3,36,0.318005838470671,0.33112323041806996,,,0.7539556816827707,0.34033107223190084,,,0.4547998999407773,0.7090665211213207,0.8783673268906437,HNMF,0.0,1.0,/home/jupyter/repos/SCoNE/output/models/overdispersion_nu/train_36
1256,0.10839979055546163,0.6284903227768377,0.4232193243868421,1.1905096167291573,32,train,3,36,0.38304186115052313,0.33007254935883173,,,0.7438207696217249,0.3358232533320358,,,0.4796982011254793,0.7108114156036781,0.8783673268906437,HNMF,0.0,1.0,/home/jupyter/repos/SCoNE/output/models/overdispersion_nu/train_36
1257,0.2264874965830663,0.6577808691587907,0.428772627044837,1.1713891736833464,33,train,3,36,0.3245859059769408,0.3038725577771522,,,0.7012968103927333,0.30346265822713103,,,0.46584185154162194,0.7055473221417243,0.8783673268906437,HNMF,0.0,1.0,/home/jupyter/repos/SCoNE/output/models/overdispersion_nu/train_36
1258,0.3235281622699726,0.6677649802090571,0.42136954545347327,1.1670195666527299,34,train,3,36,0.32335794570736653,0.3309974277713523,,,0.724948264089453,0.3309826354010499,,,0.45157827054709454,0.7154412961056353,0.8783673268906437,HNMF,0.0,1.0,/home/jupyter/repos/SCoNE/output/models/overdispersion_nu/train_36
1259,0.07398230402525517,0.5293653879456518,0.4171945543811916,1.214071306669413,35,train,3,36,0.35717567809218553,0.37453042516459756,,,0.6588983882553755,0.318555203443099,,,0.500713845486806,0.7133574611826071,0.8783673268906437,HNMF,0.0,1.0,/home/jupyter/repos/SCoNE/output/models/overdispersion_nu/train_36
1260,0.22504393470182227,0.6475278682674569,0.4324524710331445,1.1671030917180383,36,train,3,36,0.3305898747650065,0.3383253168184936,,,0.7390712769707465,0.3279630822130706,,,0.46021462194590956,0.7068884697721287,0.8783673268906437,HNMF,0.0,1.0,/home/jupyter/repos/SCoNE/output/models/overdispersion_nu/train_36
1261,0.20181180148144587,0.6224375836204366,0.43321760812141874,1.1722000370055332,37,train,3,36,0.309711617964145,0.32640703359177026,,,0.7190448843703284,0.33269439389246785,,,0.4580477749458947,0.7141522620596384,0.8783673268906437,HNMF,0.0,1.0,/home/jupyter/repos/SCoNE/output/models/overdispersion_nu/train_36
1262,0.22230106007037365,0.6445683918492893,0.434403956236754,1.1715465366100746,38,train,3,36,0.32564992701256695,0.32786868455773005,,,0.7208458080292713,0.3235282202727175,,,0.4624873914260574,0.7090591451840171,0.8783673268906437,HNMF,0.0,1.0,/home/jupyter/repos/SCoNE/output/models/overdispersion_nu/train_36
1263,0.019955034754406124,0.5509078133913282,0.4520841983823927,1.2060904051146264,39,train,3,36,0.25855180415756196,0.3107814822719284,,,0.5319903574944972,0.2992190229915595,,,0.48557366651831774,0.7205167385963086,0.8783673268906437,HNMF,0.0,1.0,/home/jupyter/repos/SCoNE/output/models/overdispersion_nu/train_36
1264,0.08287497333940663,0.5182093541928672,0.4193836678141888,1.223066702698261,40,train,3,36,0.3501393491800116,0.35306543530333667,,,0.5187430129386644,0.3078161155996586,,,0.5007536093926854,0.7223130933055755,0.8783673268906437,HNMF,0.0,1.0,/home/jupyter/repos/SCoNE/output/models/overdispersion_nu/train_36
1265,0.0379856047584033,0.5518025869522163,0.4445448226305103,1.217064470110079,41,train,3,36,0.25443690675597486,0.29222771796150027,,,0.702310642540621,0.36407710720476744,,,0.47769068904442435,0.7393737810656547,0.8783673268906437,HNMF,0.0,1.0,/home/jupyter/repos/SCoNE/output/models/overdispersion_nu/train_36
1266,0.11770597807064707,0.6134853559961377,0.4392564945274486,1.2046805888804861,42,train,3,36,0.30375671794600784,0.30075589177797174,,,0.668116258218204,0.345103464068199,,,0.476516559333894,0.7281640295465921,0.8783673268906437,HNMF,0.0,1.0,/home/jupyter/repos/SCoNE/output/models/overdispersion_nu/train_36
1267,0.11053780156707053,0.5572295464072432,0.427194954085197,1.1917684758513873,43,train,3,36,0.3475475347999095,0.34795385122219563,,,0.7158250272838492,0.33408516266781974,,,0.4770190355110109,0.7147494403403764,0.8783673268906437,HNMF,0.0,1.0,/home/jupyter/repos/SCoNE/output/models/overdispersion_nu/train_36
1268,0.27157991488384625,0.6685658013504692,0.42258539434214504,1.1655404199647301,44,train,3,36,0.3280481571914505,0.32657476259672014,,,0.7711321901942902,0.33397078265366814,,,0.45651270890939794,0.7090277110553322,0.8783673268906437,HNMF,0.0,1.0,/home/jupyter/repos/SCoNE/output/models/overdispersion_nu/train_36
1269,0.05247065102691665,0.4978568927653833,0.4173142317283844,1.2034627190598433,45,train,3,36,0.31186742118576877,0.3722145544483532,,,0.6006870337987484,0.2947400678184751,,,0.49063010334696333,0.7128326157128799,0.8783673268906437,HNMF,0.0,1.0,/home/jupyter/repos/SCoNE/output/models/overdispersion_nu/train_36
1270,0.0827513803447405,0.6088341885634926,0.4370464553608797,1.2233234931699672,46,train,3,36,0.3115874064910291,0.3043006697216361,,,0.7278538066742835,0.3293060958333633,,,0.49338272288680884,0.7299407702831584,0.8783673268906437,HNMF,0.0,1.0,/home/jupyter/repos/SCoNE/output/models/overdispersion_nu/train_36
1271,0.06740336983309252,0.5284637581346537,0.42278007483808716,1.2157201821516876,47,train,3,36,0.33184233328694646,0.36488082289835316,,,0.6339707121459925,0.30367577262893564,,,0.4949219126378535,0.7207982695138342,0.8783673268906437,HNMF,0.0,1.0,/home/jupyter/repos/SCoNE/output/models/overdispersion_nu/train_36
1272,0.20212189508232006,0.6061597597688118,0.4284909912473441,1.1695791218986378,48,train,3,36,0.3013223162038996,0.32413028693675683,,,0.7210005581802699,0.3263478127162265,,,0.4601419311074453,0.7094371907911925,0.8783673268906437,HNMF,0.0,1.0,/home/jupyter/repos/SCoNE/output/models/overdispersion_nu/train_36
1273,0.10546138524488367,0.5482644678281464,0.42349103985767994,1.1874486225323433,49,train,3,36,0.3431291686372585,0.36327426739105406,,,0.6714153703429289,0.31658414811957303,,,0.47744319873892,0.7100054237934234,0.8783673268906437,HNMF,0.0,1.0,/home/jupyter/repos/SCoNE/output/models/overdispersion_nu/train_36
1274,0.11936640453646802,0.5306942849055808,0.4215909117918371,1.147579904994692,0,train,2,24,0.3342754412022895,0.3605233723968572,,,0.6896709037814419,0.35209688596906424,,,0.46425854174024694,0.6833213632544451,0.9524755460181636,HNMF,0.0,0.5,/home/jupyter/repos/SCoNE/output/models/overdispersion_nu/train_24
1275,0.36534922451576285,0.6920477125720268,0.41535713926052337,1.0984144928586452,1,train,2,24,0.3390666998323376,0.3298643379254852,,,0.7702922228543008,0.36432367996136167,,,0.43990485537821117,0.658509637480434,0.9524755460181636,HNMF,0.0,0.5,/home/jupyter/repos/SCoNE/output/models/overdispersion_nu/train_24
1276,0.19910774484666996,0.5755577570557351,0.41063013685588456,1.154836373604995,2,train,2,24,0.3372948334584315,0.34443999642429984,,,0.7395434404001465,0.38741619469528027,,,0.469783529981623,0.6850528436233719,0.9524755460181636,HNMF,0.0,0.5,/home/jupyter/repos/SCoNE/output/models/overdispersion_nu/train_24
1277,0.3047726304191271,0.6725161056280664,0.4332726587234128,1.1076485972967116,3,train,2,24,0.30240956611659714,0.28254149931169087,,,0.7267256875734759,0.3352939046528264,,,0.444230394760362,0.6634182025363495,0.9524755460181636,HNMF,0.0,0.5,/home/jupyter/repos/SCoNE/output/models/overdispersion_nu/train_24
1278,0.349993235822576,0.6931551721507578,0.42102019039457156,1.0976597725692592,4,train,2,24,0.3321893289356452,0.32564667480089216,,,0.7806214897209064,0.3578597783476107,,,0.44176597129922185,0.6558938012700373,0.9524755460181636,HNMF,0.0,0.5,/home/jupyter/repos/SCoNE/output/models/overdispersion_nu/train_24
1279,0.06368992640072053,0.5169138607098103,0.4312790966865246,1.1659930633653397,5,train,2,24,0.3635866761490908,0.33390899586235856,,,0.5360727141614333,0.32456350732949557,,,0.4683445888764731,0.6976484744888666,0.9524755460181636,HNMF,0.0,0.5,/home/jupyter/repos/SCoNE/output/models/overdispersion_nu/train_24
1280,0.3506232853720421,0.6665459213014032,0.42596185680581156,1.0977904294509697,6,train,2,24,0.30626561967127425,0.3159903541276998,,,0.7592914882916143,0.35839452445719516,,,0.44038231249428506,0.6574081169566847,0.9524755460181636,HNMF,0.0,0.5,/home/jupyter/repos/SCoNE/output/models/overdispersion_nu/train_24
1281,0.35415986590938103,0.6865416936377281,0.42141305607156787,1.099281362087455,7,train,2,24,0.33544043082810293,0.319924476928882,,,0.7758012877390748,0.37021316305652907,,,0.439291705134648,0.659989656952807,0.9524755460181636,HNMF,0.0,0.5,/home/jupyter/repos/SCoNE/output/models/overdispersion_nu/train_24
1282,0.32863061406898325,0.6656682803264178,0.42485286248842385,1.100207886958722,8,train,2,24,0.32768422445299866,0.32934852553346433,,,0.7672660838499795,0.36031394211989815,,,0.44178818870788944,0.6584196982508325,0.9524755460181636,HNMF,0.0,0.5,/home/jupyter/repos/SCoNE/output/models/overdispersion_nu/train_24
1283,0.33424978139319167,0.6671552898873044,0.42665697078912035,1.0984574558782967,9,train,2,24,0.3195567770969623,0.3332908169945682,,,0.7617838122656863,0.34457887990907987,,,0.44145036224962186,0.6570070936286747,0.9524755460181636,HNMF,0.0,0.5,/home/jupyter/repos/SCoNE/output/models/overdispersion_nu/train_24
1284,0.3288768793093845,0.6838233324034645,0.4230132923085402,1.0993950306979623,10,train,2,24,0.3270800663416563,0.3053625359263433,,,0.7624208300301917,0.34152201268460197,,,0.4402274877663413,0.6591675429316209,0.9524755460181636,HNMF,0.0,0.5,/home/jupyter/repos/SCoNE/output/models/overdispersion_nu/train_24
1285,0.34836976433439354,0.6731151919105183,0.42641996482794753,1.0966795870050414,11,train,2,24,0.3159190865253113,0.3240041655137872,,,0.7677345684618855,0.3499123098164494,,,0.4392773410067604,0.6574022459982811,0.9524755460181636,HNMF,0.0,0.5,/home/jupyter/repos/SCoNE/output/models/overdispersion_nu/train_24
1286,0.31882759532575294,0.690664501823184,0.4176177981799695,1.1006812006869304,12,train,2,24,0.34396266281345694,0.31947350630389193,,,0.7759618582039287,0.3606676045062332,,,0.44191732045512955,0.6587638802318009,0.9524755460181636,HNMF,0.0,0.5,/home/jupyter/repos/SCoNE/output/models/overdispersion_nu/train_24
1287,0.31754741527505836,0.6845195834478847,0.4233056158606828,1.1013519300068855,13,train,2,24,0.34941821487252117,0.3197717988782096,,,0.766682022931367,0.34353760540993006,,,0.4426217925036458,0.6587301375032397,0.9524755460181636,HNMF,0.0,0.5,/home/jupyter/repos/SCoNE/output/models/overdispersion_nu/train_24
1288,0.3107751391497913,0.6574745134107832,0.42950358930930077,1.1030310769679832,14,train,2,24,0.3182697029034891,0.3253168783592232,,,0.7513992962333971,0.33435772754659093,,,0.44455292662707946,0.6584781503409038,0.9524755460181636,HNMF,0.0,0.5,/home/jupyter/repos/SCoNE/output/models/overdispersion_nu/train_24
1289,0.32596788013670225,0.6730511687191895,0.428496389567975,1.1018834982581684,15,train,2,24,0.32620815784078655,0.3328661934522609,,,0.765668710709945,0.34520917233114434,,,0.44170343236605814,0.6601800658921103,0.9524755460181636,HNMF,0.0,0.5,/home/jupyter/repos/SCoNE/output/models/overdispersion_nu/train_24
1290,0.3571543473190003,0.6865069479537804,0.42390523388545565,1.099243680523977,16,train,2,24,0.33967891270918177,0.3250036949429087,,,0.7699330565166608,0.3385781618807474,,,0.4419059085407214,0.6573377719832555,0.9524755460181636,HNMF,0.0,0.5,/home/jupyter/repos/SCoNE/output/models/overdispersion_nu/train_24
1291,0.3729064427844697,0.674176654986199,0.42475655000446516,1.095142738361664,17,train,2,24,0.30824052901638627,0.33072187753572385,,,0.7609894104990937,0.34893652951577225,,,0.43974920180428323,0.6553935365573809,0.9524755460181636,HNMF,0.0,0.5,/home/jupyter/repos/SCoNE/output/models/overdispersion_nu/train_24
1292,0.2781664412660943,0.6815325130445984,0.42378867930505953,1.1057272426915628,18,train,2,24,0.33772513607395205,0.2973407481934986,,,0.7504064686463712,0.33459308069255095,,,0.4472691841992024,0.6584580584923604,0.9524755460181636,HNMF,0.0,0.5,/home/jupyter/repos/SCoNE/output/models/overdispersion_nu/train_24
1293,0.34823419882827644,0.6747499311757366,0.4248703877619102,1.0982126678136002,19,train,2,24,0.3300344521047212,0.33136796312157296,,,0.7627919064321824,0.36751053201698985,,,0.4405716465713033,0.657641021242297,0.9524755460181636,HNMF,0.0,0.5,/home/jupyter/repos/SCoNE/output/models/overdispersion_nu/train_24
1294,0.3328089665692366,0.6638283582343999,0.428299741359439,1.1002793824071917,20,train,2,24,0.3197049137574466,0.336403903689517,,,0.7630267438539003,0.34616057686579027,,,0.44254425320903057,0.657735129198161,0.9524755460181636,HNMF,0.0,0.5,/home/jupyter/repos/SCoNE/output/models/overdispersion_nu/train_24
1295,0.3727939141054611,0.6842744696746234,0.4190602342358716,1.097297214394093,21,train,2,24,0.330115051133619,0.3308535437821718,,,0.762852638311788,0.3594411429860304,,,0.4390650676082063,0.6582321467858865,0.9524755460181636,HNMF,0.0,0.5,/home/jupyter/repos/SCoNE/output/models/overdispersion_nu/train_24
1296,0.3152844408040236,0.6882204020207673,0.42296193106472907,1.1062527301134608,22,train,2,24,0.3313941772819191,0.31306180361986036,,,0.7477153384100901,0.34587900973392927,,,0.4478232125775683,0.6584295175358924,0.9524755460181636,HNMF,0.0,0.5,/home/jupyter/repos/SCoNE/output/models/overdispersion_nu/train_24
1297,0.32982803424887375,0.6624288350598329,0.4281534590865075,1.0999915534561153,23,train,2,24,0.31138137772420627,0.33155523376023466,,,0.7568301571001925,0.3571051788731875,,,0.4411650469110933,0.6588265065450221,0.9524755460181636,HNMF,0.0,0.5,/home/jupyter/repos/SCoNE/output/models/overdispersion_nu/train_24
1298,0.34468663233723223,0.6885525853156323,0.42192130813556056,1.0962254108800842,24,train,2,24,0.3385751402237147,0.32767820901018413,,,0.7766966115506224,0.35312496892680634,,,0.440152666769981,0.6560727441101033,0.9524755460181636,HNMF,0.0,0.5,/home/jupyter/repos/SCoNE/output/models/overdispersion_nu/train_24
1299,0.0404239671506451,0.5528783838213408,0.42827512781217364,1.1808554001615061,25,train,2,24,0.3224751508034067,0.3609148593940915,,,0.7061134984234295,0.3579514089747773,,,0.47431864551147035,0.7065367546500358,0.9524755460181636,HNMF,0.0,0.5,/home/jupyter/repos/SCoNE/output/models/overdispersion_nu/train_24
1300,0.35052980208446743,0.6736087617274351,0.431668290405079,1.0977862409263088,26,train,2,24,0.3158773182824576,0.321401062978279,,,0.7603233126540303,0.3511870132920876,,,0.44054678551060156,0.6572394554157074,0.9524755460181636,HNMF,0.0,0.5,/home/jupyter/repos/SCoNE/output/models/overdispersion_nu/train_24
1301,0.37218679653931946,0.6760441347785722,0.4235526320360598,1.095326344053825,27,train,2,24,0.31868037556699746,0.32971806911918833,,,0.7634232474325277,0.34092302925649987,,,0.4396163121551352,0.6557100318986898,0.9524755460181636,HNMF,0.0,0.5,/home/jupyter/repos/SCoNE/output/models/overdispersion_nu/train_24
1302,0.05648979492918393,0.571922325277266,0.43456083597233947,1.182188387506628,28,train,2,24,0.3407277397017714,0.3525388923603082,,,0.7281955476099459,0.3692612022062511,,,0.4786953705293135,0.7034930169773144,0.9524755460181636,HNMF,0.0,0.5,/home/jupyter/repos/SCoNE/output/models/overdispersion_nu/train_24
1303,0.33344912104338303,0.6833574715729227,0.4214573379939533,1.0985737234723094,29,train,2,24,0.3279630953388706,0.3232679076939853,,,0.7616256434537115,0.36650010563592694,,,0.4411125813332715,0.6574611421390378,0.9524755460181636,HNMF,0.0,0.5,/home/jupyter/repos/SCoNE/output/models/overdispersion_nu/train_24
1304,0.3197271642904408,0.6916169104249851,0.42040406074086556,1.0991429037472364,30,train,2,24,0.3407052556447677,0.31692409123504484,,,0.7767198162900955,0.34586968844109295,,,0.4442542942492861,0.6548886094979504,0.9524755460181636,HNMF,0.0,0.5,/home/jupyter/repos/SCoNE/output/models/overdispersion_nu/train_24
1305,0.356695125011655,0.6892153444975233,0.41946784535064796,1.0977313973576457,31,train,2,24,0.33672096572646354,0.3321454992072929,,,0.780724745759426,0.36567473200011547,,,0.44042220944980204,0.6573091879078437,0.9524755460181636,HNMF,0.0,0.5,/home/jupyter/repos/SCoNE/output/models/overdispersion_nu/train_24
1306,0.29336686253909533,0.6833741000854012,0.4243659456384159,1.1034585300583313,32,train,2,24,0.3391502605055389,0.30093533918271403,,,0.7725187427478631,0.3413483782492115,,,0.446442755705014,0.6570157743533172,0.9524755460181636,HNMF,0.0,0.5,/home/jupyter/repos/SCoNE/output/models/overdispersion_nu/train_24
1307,0.32443028103282046,0.6798532052331225,0.42775995563399044,1.1043978374487247,33,train,2,24,0.31750036124014436,0.2967327208768622,,,0.7311297669646148,0.32868052967190975,,,0.44465280588614925,0.6597450315625754,0.9524755460181636,HNMF,0.0,0.5,/home/jupyter/repos/SCoNE/output/models/overdispersion_nu/train_24
1308,0.351390140753784,0.6706569036684172,0.4274435208761037,1.0967163428899362,34,train,2,24,0.3113722719256608,0.32678416571809615,,,0.7617746617695074,0.34829766530054984,,,0.44076433685468336,0.6559520060352528,0.9524755460181636,HNMF,0.0,0.5,/home/jupyter/repos/SCoNE/output/models/overdispersion_nu/train_24
1309,0.369130788392892,0.6868728189864309,0.4250293478990868,1.0966189222681932,35,train,2,24,0.3322428750814261,0.32122363056645165,,,0.7756796889962726,0.35539751728490027,,,0.4408763222685632,0.6557425999996299,0.9524755460181636,HNMF,0.0,0.5,/home/jupyter/repos/SCoNE/output/models/overdispersion_nu/train_24
1310,0.36180368180622646,0.6855116924862713,0.4202215484430684,1.0975369171128235,36,train,2,24,0.3399653478233929,0.33911855668888635,,,0.7770766084714916,0.3657512133003918,,,0.44011384415688665,0.6574230729559368,0.9524755460181636,HNMF,0.0,0.5,/home/jupyter/repos/SCoNE/output/models/overdispersion_nu/train_24
1311,0.36848422114487356,0.6822267762090709,0.42411073460321413,1.099587866987598,37,train,2,24,0.30201901425231764,0.3128851744718602,,,0.7492346132901926,0.33561185880679056,,,0.4433065909382418,0.6562812760493562,0.9524755460181636,HNMF,0.0,0.5,/home/jupyter/repos/SCoNE/output/models/overdispersion_nu/train_24
1312,0.3447041113924413,0.682489162374483,0.4278005270904426,1.1006278557108984,38,train,2,24,0.33436745212223445,0.330612893644685,,,0.763642544257228,0.34981405006115124,,,0.4424025241161371,0.6582253315947613,0.9524755460181636,HNMF,0.0,0.5,/home/jupyter/repos/SCoNE/output/models/overdispersion_nu/train_24
1313,0.3271239478194573,0.6835887192680076,0.42272064118093977,1.0985378932044059,39,train,2,24,0.3218744350723392,0.3066408741551158,,,0.7546315606451715,0.34951513667965217,,,0.4406553320778786,0.6578825611265272,0.9524755460181636,HNMF,0.0,0.5,/home/jupyter/repos/SCoNE/output/models/overdispersion_nu/train_24
1314,0.31980740707698,0.6908516478603433,0.41693850741411365,1.1001092990921761,40,train,2,24,0.3356039517173063,0.3171840977141167,,,0.7649097784377912,0.3533624532950881,,,0.4439149506802073,0.6561943484119689,0.9524755460181636,HNMF,0.0,0.5,/home/jupyter/repos/SCoNE/output/models/overdispersion_nu/train_24
1315,0.018859169438731744,0.5274782161572658,0.43776698114320894,1.1794098073365542,41,train,2,24,0.2407178430837757,0.2866170923441541,,,0.6905563905049875,0.389957180141103,,,0.4638554898377712,0.7155543174987831,0.9524755460181636,HNMF,0.0,0.5,/home/jupyter/repos/SCoNE/output/models/overdispersion_nu/train_24
1316,0.3590348767730369,0.6783227990935896,0.4231446600058401,1.0980864488972344,42,train,2,24,0.32946573071916113,0.323726160365508,,,0.7667250246238968,0.37035529960314134,,,0.4406788770021056,0.6574075718951289,0.9524755460181636,HNMF,0.0,0.5,/home/jupyter/repos/SCoNE/output/models/overdispersion_nu/train_24
1317,0.33227408582174384,0.6885520889783,0.4254481174939398,1.098601005893997,43,train,2,24,0.3311835539278706,0.31908284094343997,,,0.774999115170594,0.3420838886256285,,,0.44313410485494265,0.6554669010390544,0.9524755460181636,HNMF,0.0,0.5,/home/jupyter/repos/SCoNE/output/models/overdispersion_nu/train_24
1318,0.34138451061489583,0.6940077019353478,0.4185704476600173,1.0980298010009193,44,train,2,24,0.3403237276214308,0.32675882029006614,,,0.789366412371274,0.35765354455080717,,,0.44196680752773215,0.6560629934731871,0.9524755460181636,HNMF,0.0,0.5,/home/jupyter/repos/SCoNE/output/models/overdispersion_nu/train_24
1319,0.339693798928011,0.6639726364621105,0.42441934660142194,1.099067457951481,45,train,2,24,0.30660685969341256,0.32820915572219994,,,0.7564003926240805,0.34805581180002226,,,0.44085834994538353,0.6582091080060974,0.9524755460181636,HNMF,0.0,0.5,/home/jupyter/repos/SCoNE/output/models/overdispersion_nu/train_24
1320,0.37811245807537314,0.6753782612500476,0.4272371776383003,1.0971031225229426,46,train,2,24,0.3063351503114537,0.31086274951226905,,,0.7634615843063549,0.34601559289322126,,,0.43911207899002924,0.6579910435329133,0.9524755460181636,HNMF,0.0,0.5,/home/jupyter/repos/SCoNE/output/models/overdispersion_nu/train_24
1321,0.33604062365209136,0.672428894369902,0.4268866722410046,1.100984105747764,47,train,2,24,0.31588981731961374,0.3261778283400874,,,0.7585446260523878,0.34720921263009424,,,0.43945146362642046,0.6615326421213436,0.9524755460181636,HNMF,0.0,0.5,/home/jupyter/repos/SCoNE/output/models/overdispersion_nu/train_24
1322,0.3491349391512481,0.6707553982855046,0.42520654046559875,1.0964781774619716,48,train,2,24,0.32003264254203745,0.3218070301234468,,,0.766296796333756,0.34764599252884504,,,0.4411075809243794,0.6553705965375923,0.9524755460181636,HNMF,0.0,0.5,/home/jupyter/repos/SCoNE/output/models/overdispersion_nu/train_24
1323,0.3589911905799827,0.6716833511433696,0.4264079635393411,1.09636518464666,49,train,2,24,0.31352877970444193,0.32330637739844825,,,0.7628047170060981,0.34578121304061576,,,0.43944725335803597,0.656917931288624,0.9524755460181636,HNMF,0.0,0.5,/home/jupyter/repos/SCoNE/output/models/overdispersion_nu/train_24
1324,0.30222704656255805,0.6445356190301051,0.42746924153736676,1.0707460913062268,0,train,0,0,0.3066844963198573,0.3285002051378925,,,0.7390535519199679,0.35497714038183764,,,0.44022733548116594,0.6305187558250608,0.9679535071116603,HNMF,0.0,0.0,/home/jupyter/repos/SCoNE/output/models/overdispersion_nu/train_0
1325,0.37517933635389433,0.691522842649438,0.41805871818365786,1.0604759228385838,1,train,0,0,0.3392306119135143,0.32617688077031504,,,0.771770069650416,0.36350887369125245,,,0.4360648688532544,0.6244110539853295,0.9679535071116603,HNMF,0.0,0.0,/home/jupyter/repos/SCoNE/output/models/overdispersion_nu/train_0
1326,0.17750604476161513,0.5804851142610198,0.41141011707493447,1.1221911455982092,2,train,0,0,0.39036806685169556,0.36225215994302656,,,0.6314433360857942,0.3661339878663385,,,0.463211855086417,0.6589792905117923,0.9679535071116603,HNMF,0.0,0.0,/home/jupyter/repos/SCoNE/output/models/overdispersion_nu/train_0
1327,0.34426756193121183,0.6807685921802459,0.4352784706825373,1.0655900788916965,3,train,0,0,0.31206414492774304,0.2919322645679517,,,0.7448941584491177,0.34437652812500164,,,0.4379274066827514,0.6276626722089452,0.9679535071116603,HNMF,0.0,0.0,/home/jupyter/repos/SCoNE/output/models/overdispersion_nu/train_0
1328,0.39070103693645436,0.6921508744375284,0.4212879062340189,1.059732714321346,4,train,0,0,0.3341062769103731,0.3253773201305718,,,0.773011082875769,0.3638613858932764,,,0.43441415288793644,0.6253185614334095,0.9679535071116603,HNMF,0.0,0.0,/home/jupyter/repos/SCoNE/output/models/overdispersion_nu/train_0
1329,0.05819585585254236,0.5093337549389095,0.4292050138861551,1.143485095856722,5,train,0,0,0.3067939517103434,0.3512823246649949,,,0.6889006375931196,0.36818585213723,,,0.4614076872846827,0.6820774085720392,0.9679535071116603,HNMF,0.0,0.0,/home/jupyter/repos/SCoNE/output/models/overdispersion_nu/train_0
1330,0.36336334519895075,0.6750575810271847,0.4260787947783106,1.06032080334491,6,train,0,0,0.30959396523714283,0.31615143442231636,,,0.7531389549316081,0.361750705766664,,,0.43482560863801983,0.6254951947068903,0.9679535071116603,HNMF,0.0,0.0,/home/jupyter/repos/SCoNE/output/models/overdispersion_nu/train_0
1331,0.36178176573434917,0.683979031793839,0.4248290562148827,1.062270848308169,7,train,0,0,0.33153010317846876,0.31915575144035624,,,0.7684203716837493,0.3715291840577526,,,0.43437329498263005,0.6278975533255391,0.9679535071116603,HNMF,0.0,0.0,/home/jupyter/repos/SCoNE/output/models/overdispersion_nu/train_0
1332,0.33640326917404934,0.6737121785852879,0.42540045799559933,1.0622111909748813,8,train,0,0,0.3271136102328713,0.328259006510375,,,0.762862323766268,0.3637642876414453,,,0.43589842199292617,0.6263127689819552,0.9679535071116603,HNMF,0.0,0.0,/home/jupyter/repos/SCoNE/output/models/overdispersion_nu/train_0
1333,0.3645427355441072,0.6788818649239143,0.4271289316625794,1.061450418190866,9,train,0,0,0.32553060721639665,0.3326374662920329,,,0.7622349385202523,0.3466872625177939,,,0.435133516411131,0.6263169017797349,0.9679535071116603,HNMF,0.0,0.0,/home/jupyter/repos/SCoNE/output/models/overdispersion_nu/train_0
1334,0.3537945021315411,0.6783536747189549,0.4331780427366805,1.0661185636622066,10,train,0,0,0.3139446327824382,0.29985035938999727,,,0.7406682486845235,0.3341850114753042,,,0.43623177521252077,0.6298867884496858,0.9679535071116603,HNMF,0.0,0.0,/home/jupyter/repos/SCoNE/output/models/overdispersion_nu/train_0
1335,0.379130737878134,0.6817471238885946,0.4277173121568159,1.0596399721960823,11,train,0,0,0.3155075404448433,0.32237188652070337,,,0.7583657637418524,0.35063846810772786,,,0.43418948657204215,0.6254504856240402,0.9679535071116603,HNMF,0.0,0.0,/home/jupyter/repos/SCoNE/output/models/overdispersion_nu/train_0
1336,0.3886341739970093,0.6945723157191999,0.41996319013524724,1.0610373945028688,12,train,0,0,0.33619715490700763,0.3251599641831076,,,0.7692658717444728,0.3601486460081296,,,0.4350351717241178,0.626002222778751,0.9679535071116603,HNMF,0.0,0.0,/home/jupyter/repos/SCoNE/output/models/overdispersion_nu/train_0
1337,0.3622816568245029,0.6905026664170897,0.42876816670265916,1.0634755378909129,13,train,0,0,0.3431869535210171,0.3201114676817857,,,0.7655245154148755,0.3455423294406815,,,0.4377954569424483,0.6256800809484645,0.9679535071116603,HNMF,0.0,0.0,/home/jupyter/repos/SCoNE/output/models/overdispersion_nu/train_0
1338,0.30756287011177746,0.6507719141604514,0.43256556315573663,1.069549936387011,14,train,0,0,0.3071095792654789,0.3211567058721231,,,0.7445331052308203,0.3381752310870339,,,0.43933958525574923,0.6302103511312617,0.9679535071116603,HNMF,0.0,0.0,/home/jupyter/repos/SCoNE/output/models/overdispersion_nu/train_0
1339,0.3532902865342768,0.6748155577415966,0.4270731278399319,1.0616463958982292,15,train,0,0,0.3199439844520235,0.3308097527306791,,,0.7553956582757532,0.34369516155201013,,,0.43558104074306886,0.6260653551551603,0.9679535071116603,HNMF,0.0,0.0,/home/jupyter/repos/SCoNE/output/models/overdispersion_nu/train_0
1340,0.3777131474718475,0.692043420088013,0.4253318343037714,1.0619261855427227,16,train,0,0,0.34279006890997293,0.32133509963858087,,,0.7691558854855529,0.34340008502802855,,,0.4366075754023098,0.6253186101404128,0.9679535071116603,HNMF,0.0,0.0,/home/jupyter/repos/SCoNE/output/models/overdispersion_nu/train_0
1341,0.3902038607985501,0.6787779356501842,0.42657120123578046,1.0594401399470257,17,train,0,0,0.3056216683984043,0.32776046645894474,,,0.7467968338344728,0.3472259589986546,,,0.4354159154167881,0.6240242245302376,0.9679535071116603,HNMF,0.0,0.0,/home/jupyter/repos/SCoNE/output/models/overdispersion_nu/train_0
1342,0.3660827397386005,0.6729302609538894,0.42423060067723406,1.061228374220448,18,train,0,0,0.30408922182959375,0.3193897181210536,,,0.7515419630701429,0.34946737351012525,,,0.4353151011089768,0.6259132731114713,0.9679535071116603,HNMF,0.0,0.0,/home/jupyter/repos/SCoNE/output/models/overdispersion_nu/train_0
1343,0.01914062967668538,0.5088881127680831,0.44835912362462677,1.1423375254486987,19,train,0,0,0.22372692426450608,0.27630526738249317,,,0.6501852626255117,0.3645767698783045,,,0.45296854100811823,0.6893689844405806,0.9679535071116603,HNMF,0.0,0.0,/home/jupyter/repos/SCoNE/output/models/overdispersion_nu/train_0
1344,0.0325129954649548,0.573530418994085,0.45252815031093085,1.1407561595848659,20,train,0,0,0.2649213668780481,0.3187191741992023,,,0.6076226038923722,0.34724094172199144,,,0.45479135721560404,0.6859648023692619,0.9679535071116603,HNMF,0.0,0.0,/home/jupyter/repos/SCoNE/output/models/overdispersion_nu/train_0
1345,0.3685198784778236,0.6880875345675083,0.4218814787718314,1.0605576399000631,21,train,0,0,0.3322308241945428,0.32974782987700474,,,0.7661182055209518,0.36021350235341826,,,0.43411003060905345,0.6264476092910096,0.9679535071116603,HNMF,0.0,0.0,/home/jupyter/repos/SCoNE/output/models/overdispersion_nu/train_0
1346,0.3538815404577116,0.6889484573425965,0.43023383820185096,1.0661834960479017,22,train,0,0,0.3347298280434998,0.31279018269965,,,0.7521557477590135,0.34773652359903473,,,0.43947118219047143,0.6267123138574303,0.9679535071116603,HNMF,0.0,0.0,/home/jupyter/repos/SCoNE/output/models/overdispersion_nu/train_0
1347,0.3506763634850586,0.6756058156382243,0.4293387767512663,1.0623927096698589,23,train,0,0,0.32008205406111034,0.3323040144233021,,,0.7576941688016597,0.3581289946328217,,,0.43407102395149344,0.6283216857183654,0.9679535071116603,HNMF,0.0,0.0,/home/jupyter/repos/SCoNE/output/models/overdispersion_nu/train_0
1348,0.38775552768511334,0.6902916086105635,0.426824996895358,1.061212302465448,24,train,0,0,0.3409166771704362,0.32616367399233837,,,0.7672449147032595,0.3546806846756773,,,0.4356407265429361,0.625571575922512,0.9679535071116603,HNMF,0.0,0.0,/home/jupyter/repos/SCoNE/output/models/overdispersion_nu/train_0
1349,0.3779683234415039,0.6779714797126674,0.4246460924610826,1.061044965241344,25,train,0,0,0.30949254515780006,0.3250387009491724,,,0.7540809861496937,0.35494798977856334,,,0.4327735053182168,0.6282714599231272,0.9679535071116603,HNMF,0.0,0.0,/home/jupyter/repos/SCoNE/output/models/overdispersion_nu/train_0
1350,0.37427793487721595,0.6918072475979746,0.4241383116837782,1.0604393467708055,26,train,0,0,0.332256332863392,0.32725793385850666,,,0.7693483704649984,0.36329428854953144,,,0.43450928386402726,0.6259300629067782,0.9679535071116603,HNMF,0.0,0.0,/home/jupyter/repos/SCoNE/output/models/overdispersion_nu/train_0
1351,0.38905823611423773,0.6833493306585058,0.4249740771621909,1.0583563520065997,27,train,0,0,0.3178555830201626,0.32816365881840814,,,0.7584220381471195,0.3400702579245869,,,0.4342468428721339,0.6241095091344658,0.9679535071116603,HNMF,0.0,0.0,/home/jupyter/repos/SCoNE/output/models/overdispersion_nu/train_0
1352,0.09823156412690835,0.5846748305152224,0.4286919292373777,1.1216704756820883,28,train,0,0,0.42127918112768586,0.340938354098455,,,0.6735012065683316,0.34986093700343246,,,0.45577876089027913,0.6658917147918093,0.9679535071116603,HNMF,0.0,0.0,/home/jupyter/repos/SCoNE/output/models/overdispersion_nu/train_0
1353,0.37246552356133206,0.685215879940092,0.4263504784090271,1.0617348908650013,29,train,0,0,0.3272689270105768,0.32191137813864734,,,0.7594378077379972,0.36374028370575817,,,0.4360912631151831,0.6256436277498182,0.9679535071116603,HNMF,0.0,0.0,/home/jupyter/repos/SCoNE/output/models/overdispersion_nu/train_0
1354,0.3785556854200302,0.6977790789265228,0.4182687259193689,1.0616059405459812,30,train,0,0,0.34021035689058876,0.319840094968942,,,0.776984628671667,0.35251923727041606,,,0.4374261538414589,0.6241797867045223,0.9679535071116603,HNMF,0.0,0.0,/home/jupyter/repos/SCoNE/output/models/overdispersion_nu/train_0
1355,0.36889306326350296,0.6910280912726182,0.42118871278548636,1.060434357887759,31,train,0,0,0.33202790761138223,0.33205000227645654,,,0.7710398126421795,0.36482546689750345,,,0.43397614170818355,0.6264582161795755,0.9679535071116603,HNMF,0.0,0.0,/home/jupyter/repos/SCoNE/output/models/overdispersion_nu/train_0
1356,0.30624664223857234,0.6826190098072528,0.43140309462164134,1.0688548182505646,32,train,0,0,0.3369915719605269,0.29525768939470515,,,0.7592013940992602,0.34114399976832493,,,0.44100056068835236,0.6278542575622124,0.9679535071116603,HNMF,0.0,0.0,/home/jupyter/repos/SCoNE/output/models/overdispersion_nu/train_0
1357,0.34674934921822825,0.6792080575866125,0.43628356796113044,1.0674124587308889,33,train,0,0,0.32175144055219446,0.2959632526848001,,,0.7254338166799623,0.32605739970053377,,,0.4368827153834392,0.6305297433474497,0.9679535071116603,HNMF,0.0,0.0,/home/jupyter/repos/SCoNE/output/models/overdispersion_nu/train_0
1358,0.3643287788868643,0.6757827363495658,0.42622522322297746,1.060713976321527,34,train,0,0,0.315377093949012,0.3280369987850891,,,0.7530926946355904,0.3525734690993294,,,0.4345823241727841,0.6261316521487428,0.9679535071116603,HNMF,0.0,0.0,/home/jupyter/repos/SCoNE/output/models/overdispersion_nu/train_0
1359,0.3668422901324467,0.6778755511640726,0.4254888321364733,1.0610778679181616,35,train,0,0,0.31176050095395214,0.3179460550540447,,,0.7530412844726347,0.35903424398882244,,,0.4342860167572987,0.6267918511608629,0.9679535071116603,HNMF,0.0,0.0,/home/jupyter/repos/SCoNE/output/models/overdispersion_nu/train_0
1360,0.36919994891527125,0.6807448412874623,0.4271833041278966,1.0619837942227297,36,train,0,0,0.3303757661745888,0.3374156913642221,,,0.768071193087602,0.36429182190894466,,,0.43421956938800105,0.6277642248347286,0.9679535071116603,HNMF,0.0,0.0,/home/jupyter/repos/SCoNE/output/models/overdispersion_nu/train_0
1361,0.39103917572791774,0.6812360128531221,0.4295904301123421,1.060304199999384,37,train,0,0,0.31428635575322356,0.31669032219898996,,,0.7404160369661639,0.3398578128639322,,,0.4347596312606864,0.6255445687386976,0.9679535071116603,HNMF,0.0,0.0,/home/jupyter/repos/SCoNE/output/models/overdispersion_nu/train_0
1362,0.36875551171007764,0.6886915984335373,0.4241426335215788,1.0623278427352278,38,train,0,0,0.3353960257397396,0.3313909638778968,,,0.7674445822863359,0.35350282312869047,,,0.43666592853187175,0.625661914203356,0.9679535071116603,HNMF,0.0,0.0,/home/jupyter/repos/SCoNE/output/models/overdispersion_nu/train_0
1363,0.3598163771426973,0.6861192868700132,0.42808831882526965,1.0626312651678278,39,train,0,0,0.3235359442629662,0.3046397842738013,,,0.7599344943150658,0.3521977514358338,,,0.43678012941281097,0.6258511357550169,0.9679535071116603,HNMF,0.0,0.0,/home/jupyter/repos/SCoNE/output/models/overdispersion_nu/train_0
1364,0.3657478290587236,0.6843096038399207,0.4190569809965894,1.0613362701219635,40,train,0,0,0.33024800533450044,0.3273220592064389,,,0.7674143073515161,0.36961003663145503,,,0.4353566006027845,0.625979669519179,0.9679535071116603,HNMF,0.0,0.0,/home/jupyter/repos/SCoNE/output/models/overdispersion_nu/train_0
1365,0.2977271019926435,0.6764325484264352,0.43928863313407085,1.070458728361365,41,train,0,0,0.31354931917211076,0.3098602678910566,,,0.7355853736759214,0.34511780500101885,,,0.43916033845340835,0.6312983899079565,0.9679535071116603,HNMF,0.0,0.0,/home/jupyter/repos/SCoNE/output/models/overdispersion_nu/train_0
1366,0.37224661726889907,0.6875774208166331,0.4219131525214284,1.0616304138696289,42,train,0,0,0.33305617478940164,0.323670546681725,,,0.7676833579267203,0.3747453066281452,,,0.4351191446484847,0.6265112692211442,0.9679535071116603,HNMF,0.0,0.0,/home/jupyter/repos/SCoNE/output/models/overdispersion_nu/train_0
1367,0.36076143768432173,0.6748296821343394,0.4301226693077536,1.061511208551217,43,train,0,0,0.3231631542765602,0.32390167513351015,,,0.7588790555830639,0.3534979609839067,,,0.43498093496422924,0.6265302735869879,0.9679535071116603,HNMF,0.0,0.0,/home/jupyter/repos/SCoNE/output/models/overdispersion_nu/train_0
1368,0.376525284854757,0.6946093001719852,0.4199718211673686,1.0616143689117656,44,train,0,0,0.33933449885187755,0.3269536320108291,,,0.778486708698397,0.3625394075163753,,,0.43462549158030245,0.6269888773314632,0.9679535071116603,HNMF,0.0,0.0,/home/jupyter/repos/SCoNE/output/models/overdispersion_nu/train_0
1369,0.36408102737209624,0.6760616111037844,0.4244666349424718,1.0605664256553928,45,train,0,0,0.31388071599191913,0.32867266022643704,,,0.7543543239007882,0.3518829178829607,,,0.4344889549064527,0.6260774707489403,0.9679535071116603,HNMF,0.0,0.0,/home/jupyter/repos/SCoNE/output/models/overdispersion_nu/train_0
1370,0.38393443218287615,0.6942229867526384,0.4221447976001004,1.060482873822315,46,train,0,0,0.33781794345585076,0.31865494708701136,,,0.7740007533755997,0.35609873227811634,,,0.43626057545414293,0.6242222983681721,0.9679535071116603,HNMF,0.0,0.0,/home/jupyter/repos/SCoNE/output/models/overdispersion_nu/train_0
1371,0.34171540682508733,0.6731615118080254,0.4304922843794811,1.064781897408557,47,train,0,0,0.31351669075028804,0.32424304973572476,,,0.7530944464932053,0.34831102235313066,,,0.43372457280265064,0.6310573246059064,0.9679535071116603,HNMF,0.0,0.0,/home/jupyter/repos/SCoNE/output/models/overdispersion_nu/train_0
1372,0.38587577843911935,0.6936365722044651,0.4226439833241667,1.061547672194642,48,train,0,0,0.3354638074824005,0.3242192877730967,,,0.7707738078921561,0.35283729895667926,,,0.43416338406833976,0.6273842881263022,0.9679535071116603,HNMF,0.0,0.0,/home/jupyter/repos/SCoNE/output/models/overdispersion_nu/train_0
1373,0.37097706127887997,0.6772730790598748,0.4284283442218673,1.0617004114720825,49,train,0,0,0.32030891804545303,0.3253779442367811,,,0.7540188308311521,0.3507897407803965,,,0.4347327951676124,0.6269676163044702,0.9679535071116603,HNMF,0.0,0.0,/home/jupyter/repos/SCoNE/output/models/overdispersion_nu/train_0
1374,0.31048410963498785,0.645605827909527,0.42615458456336824,1.0726139491659308,0,train,1,12,0.3046987606857657,0.32785441221674233,,,0.7329958183790743,0.3497662400959183,,,0.4415499779839605,0.6310639711819703,0.9577552989458987,HNMF,0.0,0.1,/home/jupyter/repos/SCoNE/output/models/overdispersion_nu/train_12
1375,0.37483657758506966,0.6954305235627513,0.41854222319019074,1.0661073818329267,1,train,1,12,0.3380480537152358,0.32785067680252217,,,0.761319846275849,0.3614206224512603,,,0.4363186297692189,0.6297887520637078,0.9577552989458987,HNMF,0.0,0.1,/home/jupyter/repos/SCoNE/output/models/overdispersion_nu/train_12
1376,0.3346268090071432,0.6600745691544688,0.4253011587294411,1.0675609346604755,2,train,1,12,0.31130464747864445,0.3257578536572479,,,0.7381226498225595,0.3607531981176899,,,0.43974034642392124,0.6278205882365543,0.9577552989458987,HNMF,0.0,0.1,/home/jupyter/repos/SCoNE/output/models/overdispersion_nu/train_12
1377,0.3449701117010771,0.6838061515093093,0.43427089204758107,1.070449675280417,3,train,1,12,0.3193105364824861,0.29473133074480506,,,0.7484830497082344,0.34640415446074635,,,0.43806670013157156,0.6323829751488454,0.9577552989458987,HNMF,0.0,0.1,/home/jupyter/repos/SCoNE/output/models/overdispersion_nu/train_12
1378,0.37075484372684886,0.6954862388884648,0.4233685005108935,1.0652577812069093,4,train,1,12,0.33129341634388243,0.32519121185260474,,,0.7632066689547633,0.35949863624333456,,,0.4347823354310143,0.6304754457758951,0.9577552989458987,HNMF,0.0,0.1,/home/jupyter/repos/SCoNE/output/models/overdispersion_nu/train_12
1379,0.34447624383044995,0.67400542913806,0.4278458783235648,1.0653762964205666,5,train,1,12,0.31235002343134377,0.3232271977377246,,,0.7465698522775177,0.3388860565199952,,,0.43551533656184127,0.6298609598587254,0.9577552989458987,HNMF,0.0,0.1,/home/jupyter/repos/SCoNE/output/models/overdispersion_nu/train_12
1380,0.35519705212639063,0.6746476513960944,0.4254442954921962,1.0643763256675576,6,train,1,12,0.30657678342689404,0.31609702431243764,,,0.7446715730821702,0.35811449919886457,,,0.43578577767072246,0.6285905479968351,0.9577552989458987,HNMF,0.0,0.1,/home/jupyter/repos/SCoNE/output/models/overdispersion_nu/train_12
1381,0.3467850980774925,0.6831080647489288,0.42322802520101,1.066360722748314,7,train,1,12,0.3287074288419213,0.31843194270402825,,,0.7607264512423466,0.3698341217022117,,,0.435230525153841,0.6311301975944732,0.9577552989458987,HNMF,0.0,0.1,/home/jupyter/repos/SCoNE/output/models/overdispersion_nu/train_12
1382,0.34082841033542743,0.6726856976243841,0.42456032718512815,1.0662891336326161,8,train,1,12,0.3192792242226901,0.3272717895846077,,,0.7534689169707807,0.3597660021203308,,,0.4361842916427507,0.6301048419898654,0.9577552989458987,HNMF,0.0,0.1,/home/jupyter/repos/SCoNE/output/models/overdispersion_nu/train_12
1383,0.33921013170986253,0.6759383696648359,0.4268123007431302,1.0666346574012155,9,train,1,12,0.3205847127285427,0.33235290932273304,,,0.7545756758205637,0.3474793936638859,,,0.4356848822981016,0.630949775103114,0.9577552989458987,HNMF,0.0,0.1,/home/jupyter/repos/SCoNE/output/models/overdispersion_nu/train_12
1384,0.3572935276837319,0.6908321664520075,0.42242174899032564,1.0651092055228197,10,train,1,12,0.3322313482246508,0.3120284845178286,,,0.7615355193321571,0.3426442840315546,,,0.4365909519275774,0.6285182535952423,0.9577552989458987,HNMF,0.0,0.1,/home/jupyter/repos/SCoNE/output/models/overdispersion_nu/train_12
1385,0.3568725287809614,0.6786760137859448,0.4297689172521059,1.0651521120129699,11,train,1,12,0.3076064333958449,0.31969275199099,,,0.7472362274899393,0.34547298106515645,,,0.43449235946825354,0.6306597525447163,0.9577552989458987,HNMF,0.0,0.1,/home/jupyter/repos/SCoNE/output/models/overdispersion_nu/train_12
1386,0.356157643893384,0.6921170268429683,0.4180256767643843,1.0670358633430874,12,train,1,12,0.3393072920387933,0.3236701631082882,,,0.7695854018996235,0.36255426411294583,,,0.4367639459990379,0.6302719173440496,0.9577552989458987,HNMF,0.0,0.1,/home/jupyter/repos/SCoNE/output/models/overdispersion_nu/train_12
1387,0.34757140255324337,0.6914591809948682,0.43060494167293994,1.069099790916132,13,train,1,12,0.34351543657504346,0.3196789166722511,,,0.7575426068154785,0.3412780344479351,,,0.4373328849584133,0.6317669059577187,0.9577552989458987,HNMF,0.0,0.1,/home/jupyter/repos/SCoNE/output/models/overdispersion_nu/train_12
1388,0.3562446418130463,0.6860381731335897,0.4224158494141125,1.0647061743120965,14,train,1,12,0.3235967680236307,0.32487391128514553,,,0.7625459736389072,0.34150537434722444,,,0.4347807923546171,0.6299253819574793,0.9577552989458987,HNMF,0.0,0.1,/home/jupyter/repos/SCoNE/output/models/overdispersion_nu/train_12
1389,0.34522822733085234,0.6808472485397957,0.42513794924186127,1.0649947384836482,15,train,1,12,0.32307916477611276,0.33138873203545105,,,0.754780963956965,0.3434781324082244,,,0.43542187926194265,0.6295728592217056,0.9577552989458987,HNMF,0.0,0.1,/home/jupyter/repos/SCoNE/output/models/overdispersion_nu/train_12
1390,0.09951153657030853,0.6164872591094834,0.41951226404451414,1.127305635329772,16,train,1,12,0.41489603912235373,0.35072680999345546,,,0.7097641208016776,0.35923448833915217,,,0.4570273759723224,0.6702782593574496,0.9577552989458987,HNMF,0.0,0.1,/home/jupyter/repos/SCoNE/output/models/overdispersion_nu/train_12
1391,0.3709806910550849,0.6781836543918219,0.424718642958049,1.06358408703539,17,train,1,12,0.3054937311869063,0.3312734384288793,,,0.7384315891236926,0.34519027127595886,,,0.43657992325658884,0.6270041637788013,0.9577552989458987,HNMF,0.0,0.1,/home/jupyter/repos/SCoNE/output/models/overdispersion_nu/train_12
1392,0.34781120906581764,0.67027213802309,0.42492904638799284,1.0661269939064593,18,train,1,12,0.30324650230776307,0.32063749473378467,,,0.7408769127475936,0.34448001675771667,,,0.43678047368218115,0.6293465202242782,0.9577552989458987,HNMF,0.0,0.1,/home/jupyter/repos/SCoNE/output/models/overdispersion_nu/train_12
1393,0.03360283733743716,0.5263201110497515,0.4462040308321985,1.1512879835932917,19,train,1,12,0.23287649958892448,0.279768176861084,,,0.666030344687688,0.3655634658487464,,,0.4546280242674888,0.6966599593258028,0.9577552989458987,HNMF,0.0,0.1,/home/jupyter/repos/SCoNE/output/models/overdispersion_nu/train_12
1394,0.34825655216841167,0.6929083828347017,0.4274692692968145,1.071100956503997,20,train,1,12,0.3293528358343986,0.32717160653798005,,,0.7541745819943695,0.34319469241193495,,,0.4391845450291817,0.6319164114748154,0.9577552989458987,HNMF,0.0,0.1,/home/jupyter/repos/SCoNE/output/models/overdispersion_nu/train_12
1395,0.021483282294117584,0.5762705058164751,0.45850236666536764,1.1496274399597062,21,train,1,12,0.24871940385360464,0.304853089938111,,,0.6964850698765713,0.37155586593786766,,,0.44775387437207204,0.7018735655876343,0.9577552989458987,HNMF,0.0,0.1,/home/jupyter/repos/SCoNE/output/models/overdispersion_nu/train_12
1396,0.3456742816512496,0.6906624875519163,0.4309919482004964,1.0737776320747388,22,train,1,12,0.3326863612164555,0.31137091377319176,,,0.7408676897443355,0.34277715451199575,,,0.44078369922499544,0.6329939328497434,0.9577552989458987,HNMF,0.0,0.1,/home/jupyter/repos/SCoNE/output/models/overdispersion_nu/train_12
1397,0.3406674035899738,0.6702318956715299,0.4276288644852839,1.0665299778443735,23,train,1,12,0.3100441482161741,0.3311609953658574,,,0.744539860517323,0.3553640642944122,,,0.4361707046756424,0.6303592731687311,0.9577552989458987,HNMF,0.0,0.1,/home/jupyter/repos/SCoNE/output/models/overdispersion_nu/train_12
1398,0.3699084999559815,0.6919185712385413,0.42756822639019765,1.0653973311778835,24,train,1,12,0.3361582387971578,0.3258646854390991,,,0.7609293898344086,0.35236635707377156,,,0.43516890666384234,0.6302284245140412,0.9577552989458987,HNMF,0.0,0.1,/home/jupyter/repos/SCoNE/output/models/overdispersion_nu/train_12
1399,0.031110920619119475,0.5174498065094684,0.4341862157393417,1.1569932996576708,25,train,1,12,0.28792706316165356,0.3473163415309266,,,0.7166449060507036,0.379288668656564,,,0.45747505053577137,0.6995182491218995,0.9577552989458987,HNMF,0.0,0.1,/home/jupyter/repos/SCoNE/output/models/overdispersion_nu/train_12
1400,0.35053089373252816,0.6866716062958412,0.4253654423331228,1.0651884651024166,26,train,1,12,0.32266936523008255,0.3253061942998908,,,0.7519624231828519,0.35925909597326033,,,0.4347022260946498,0.6304862390077668,0.9577552989458987,HNMF,0.0,0.1,/home/jupyter/repos/SCoNE/output/models/overdispersion_nu/train_12
1401,0.37084552106969515,0.6822134405673884,0.4258855490161409,1.0640094337416464,27,train,1,12,0.31245530259475524,0.3261720222324638,,,0.7500814251747342,0.33783945837496854,,,0.4339847526978656,0.6300246810437808,0.9577552989458987,HNMF,0.0,0.1,/home/jupyter/repos/SCoNE/output/models/overdispersion_nu/train_12
1402,0.33415170595109256,0.6629890306577592,0.4255820688090944,1.0672855404931834,28,train,1,12,0.3036095645649993,0.30948474439499885,,,0.737216233921386,0.35029310495094584,,,0.4386543612728993,0.6286311792202841,0.9577552989458987,HNMF,0.0,0.1,/home/jupyter/repos/SCoNE/output/models/overdispersion_nu/train_12
1403,0.360731881835714,0.6895532794012653,0.4255598931766814,1.06499293848014,29,train,1,12,0.32845272447539314,0.3243615293214111,,,0.7600023279358532,0.3597950276796468,,,0.4360775587700405,0.6289153797100996,0.9577552989458987,HNMF,0.0,0.1,/home/jupyter/repos/SCoNE/output/models/overdispersion_nu/train_12
1404,0.35446729620254663,0.7007119615563574,0.4178282770780731,1.0674931367357314,30,train,1,12,0.33579459430161507,0.32150268253232206,,,0.7719686071360737,0.3533745667421843,,,0.4377949310241441,0.6296982057115874,0.9577552989458987,HNMF,0.0,0.1,/home/jupyter/repos/SCoNE/output/models/overdispersion_nu/train_12
1405,0.3572870752715077,0.6911485308079593,0.4179797438297458,1.065655447920612,31,train,1,12,0.3340535874002007,0.3324128305594213,,,0.767943445899053,0.36424404709735164,,,0.43556150865076665,0.6300939392698454,0.9577552989458987,HNMF,0.0,0.1,/home/jupyter/repos/SCoNE/output/models/overdispersion_nu/train_12
1406,0.3452636037734364,0.6908099790550409,0.42746231161592263,1.070184033569063,32,train,1,12,0.3434014106684266,0.30596953605003785,,,0.761713267519306,0.34575420924384503,,,0.43794030760730224,0.6322437259617609,0.9577552989458987,HNMF,0.0,0.1,/home/jupyter/repos/SCoNE/output/models/overdispersion_nu/train_12
1407,0.34491584782823353,0.6815474384450626,0.43650940950615724,1.0715864983980345,33,train,1,12,0.312408880783245,0.29364936712623346,,,0.722809176276868,0.31988518477495614,,,0.43817395162354567,0.6334125467744889,0.9577552989458987,HNMF,0.0,0.1,/home/jupyter/repos/SCoNE/output/models/overdispersion_nu/train_12
1408,0.3435030561372903,0.6713434264395804,0.4274696345130621,1.0663023302419805,34,train,1,12,0.3114616186118504,0.327911212179729,,,0.7428472995635522,0.3475330661465273,,,0.43587020309689606,0.6304321271450845,0.9577552989458987,HNMF,0.0,0.1,/home/jupyter/repos/SCoNE/output/models/overdispersion_nu/train_12
1409,0.35349628961152485,0.6817518887963483,0.42426485900320904,1.064579166852773,35,train,1,12,0.31389956484912146,0.3192560201530993,,,0.7465641342356276,0.3551539022377563,,,0.4351881894087958,0.6293909774439774,0.9577552989458987,HNMF,0.0,0.1,/home/jupyter/repos/SCoNE/output/models/overdispersion_nu/train_12
1410,0.35071148521741496,0.6903654798883418,0.42248077711887716,1.0661016254503526,36,train,1,12,0.3372801978870374,0.3381804677726307,,,0.7686306062702098,0.3664435721531506,,,0.4356043978505769,0.6304972275997758,0.9577552989458987,HNMF,0.0,0.1,/home/jupyter/repos/SCoNE/output/models/overdispersion_nu/train_12
1411,0.3659351667495813,0.6844861797445421,0.43138760924895403,1.0654452380265749,37,train,1,12,0.3128827063546375,0.31455488002737503,,,0.736883335875496,0.33148235767129436,,,0.4355377357112834,0.6299075023152914,0.9577552989458987,HNMF,0.0,0.1,/home/jupyter/repos/SCoNE/output/models/overdispersion_nu/train_12
1412,0.35284364616652747,0.6893203303164781,0.4249174746117448,1.0683428345731167,38,train,1,12,0.33338451940377717,0.3302654649498258,,,0.7623906684638684,0.353102839655147,,,0.43742744686000923,0.6309153877131076,0.9577552989458987,HNMF,0.0,0.1,/home/jupyter/repos/SCoNE/output/models/overdispersion_nu/train_12
1413,0.3729157295188556,0.6952948367414832,0.4232736966701121,1.0654507743327564,39,train,1,12,0.33194236562645874,0.3134619734377042,,,0.7655430325906668,0.3573820399462051,,,0.4358633067145745,0.6295874676181819,0.9577552989458987,HNMF,0.0,0.1,/home/jupyter/repos/SCoNE/output/models/overdispersion_nu/train_12
1414,0.37066296399282667,0.6944797067469709,0.4240914397805093,1.069541185715621,40,train,1,12,0.3340060136490045,0.31700141986761116,,,0.7572800440111607,0.3558088057729517,,,0.437878796997258,0.6316623887183629,0.9577552989458987,HNMF,0.0,0.1,/home/jupyter/repos/SCoNE/output/models/overdispersion_nu/train_12
1415,0.11525375471071843,0.619534591511241,0.44355867339830235,1.1336231794200113,41,train,1,12,0.27878921773950605,0.2894465975294011,,,0.7380370675344963,0.38806814954285995,,,0.4457167639516359,0.6879064154683755,0.9577552989458987,HNMF,0.0,0.1,/home/jupyter/repos/SCoNE/output/models/overdispersion_nu/train_12
1416,0.35762290817690723,0.6867442411913497,0.42351014534247805,1.065628140776082,42,train,1,12,0.3275560634557435,0.32303824908433076,,,0.7618007894063112,0.3708451029788585,,,0.4354442984931893,0.6301838422828927,0.9577552989458987,HNMF,0.0,0.1,/home/jupyter/repos/SCoNE/output/models/overdispersion_nu/train_12
1417,0.12219390548446454,0.5691158842749501,0.4462695120042235,1.1314302711120319,43,train,1,12,0.3207498479425572,0.3263328581078009,,,0.6732957118180266,0.34545395026412473,,,0.4551373812544949,0.676292889857537,0.9577552989458987,HNMF,0.0,0.1,/home/jupyter/repos/SCoNE/output/models/overdispersion_nu/train_12
1418,0.3734255234634069,0.6981865379651098,0.4190462273798426,1.0661797447061934,44,train,1,12,0.3392500216953416,0.326018029899027,,,0.7746750857243438,0.36004253539162273,,,0.4360991948805372,0.6300805498256561,0.9577552989458987,HNMF,0.0,0.1,/home/jupyter/repos/SCoNE/output/models/overdispersion_nu/train_12
1419,0.347729858160453,0.6737035140053209,0.4239536544964599,1.0652045875493572,45,train,1,12,0.30878167335745776,0.3284963045736575,,,0.7442351915223522,0.3492515805218598,,,0.43586225827781877,0.6293423292715383,0.9577552989458987,HNMF,0.0,0.1,/home/jupyter/repos/SCoNE/output/models/overdispersion_nu/train_12
1420,0.3546003353934284,0.6946923596185722,0.4270404901151254,1.0682761657780706,46,train,1,12,0.3398735468083325,0.3132196401874743,,,0.7637414472950791,0.34750087536807506,,,0.43775953925839345,0.6305166265196771,0.9577552989458987,HNMF,0.0,0.1,/home/jupyter/repos/SCoNE/output/models/overdispersion_nu/train_12
1421,0.3433563718592858,0.6755010711791968,0.4255104225708649,1.06646563368966,47,train,1,12,0.30926387349476747,0.3241671713396541,,,0.7458673286998868,0.34569130211713733,,,0.43530482893742245,0.6311608047522376,0.9577552989458987,HNMF,0.0,0.1,/home/jupyter/repos/SCoNE/output/models/overdispersion_nu/train_12
1422,0.3613020223776649,0.6782777026485896,0.42270545186985325,1.0645186069011994,48,train,1,12,0.3182586653751831,0.322463896737341,,,0.7584699194682241,0.3484489407455608,,,0.43650530492833034,0.628013301972869,0.9577552989458987,HNMF,0.0,0.1,/home/jupyter/repos/SCoNE/output/models/overdispersion_nu/train_12
1423,0.3465847995470077,0.6776432168734969,0.4257445488813066,1.0674762293658806,49,train,1,12,0.3207325220946906,0.32824243131630737,,,0.753602159453843,0.35476906010707593,,,0.43583534708710214,0.6316408822787785,0.9577552989458987,HNMF,0.0,0.1,/home/jupyter/repos/SCoNE/output/models/overdispersion_nu/train_12
1424,0.4583518696807041,0.7645138636083377,0.42257102994502455,1.0431916403100276,0,train,1,22,0.4939654611322347,0.3537699835631261,0.9066056435196634,0.34925183237420404,0.8558975826781303,0.2823121368705585,0.9778279203816156,0.28026562223776597,0.42772827788238793,0.6154633624276397,0.9472047892384751,SCoNE,0.1,0.1,/home/jupyter/repos/SCoNE/output/models/overdispersion_nu/train_22
1425,0.39918765471617784,0.739899738817625,0.4353467871815835,1.0426359033727004,1,train,1,22,0.5945984369311161,0.3293678250693974,0.9460935720660422,0.36660862618966383,0.8631313939367794,0.2957554076034388,0.9881193570784728,0.2659902835060324,0.4307661547941749,0.6118697485785254,0.9472047892384751,SCoNE,0.1,0.1,/home/jupyter/repos/SCoNE/output/models/overdispersion_nu/train_22
1426,0.31722745374606637,0.6569567158129263,0.44048547479057726,1.0484810378149885,2,train,1,22,0.541012175294015,0.34980230431448966,0.9406912281738976,0.34815343735706783,0.7823890214189216,0.3360412952496846,0.9641814191290239,0.2810599048060108,0.4324315317390699,0.6160495060759186,0.9472047892384751,SCoNE,0.1,0.1,/home/jupyter/repos/SCoNE/output/models/overdispersion_nu/train_22
1427,0.5929023100678421,0.8241388883008173,0.41920956439124113,1.0351037057910708,3,train,1,22,0.595676129646639,0.34814539496194885,0.9324587073452224,0.3548664359620497,0.9438058055577124,0.3205152556381353,0.9813664876360664,0.2735396771441728,0.43092097765952503,0.6041827281315458,0.9472047892384751,SCoNE,0.1,0.1,/home/jupyter/repos/SCoNE/output/models/overdispersion_nu/train_22
1428,0.5743145156303008,0.818422247575261,0.420840722010517,1.0351547298769868,4,train,1,22,0.6082767776427623,0.34550318751059145,0.9494804801912151,0.37500429911400984,0.9260328043184678,0.32000560443933546,0.984234237312004,0.2784085689884781,0.4314330628892508,0.603721666987736,0.9472047892384751,SCoNE,0.1,0.1,/home/jupyter/repos/SCoNE/output/models/overdispersion_nu/train_22
1429,0.5344783771890137,0.8049562577577857,0.42305521971284116,1.0364447141964526,5,train,1,22,0.6941305553897079,0.36817833476504364,0.9746769320983872,0.37592585205666024,0.9350322295005307,0.30815711244564936,0.989122237460632,0.27053644925908504,0.434340866327076,0.6021038478693765,0.9472047892384751,SCoNE,0.1,0.1,/home/jupyter/repos/SCoNE/output/models/overdispersion_nu/train_22
1430,0.310477393157612,0.6812170542748462,0.44413203773039484,1.0503447913695727,6,train,1,22,0.48006311390082984,0.3296495285597394,0.9189335863709643,0.34598595100923285,0.8475557535118754,0.27584416996886496,0.974095883115052,0.2831314394582106,0.4343455334795315,0.6159992578900412,0.9472047892384751,SCoNE,0.1,0.1,/home/jupyter/repos/SCoNE/output/models/overdispersion_nu/train_22
1431,0.5642073340515549,0.819386613857101,0.41788331450406035,1.0333956964807514,7,train,1,22,0.6034149468640033,0.3468499450850567,0.9533022474486467,0.3626012044839885,0.9162938886614032,0.3484125362195262,0.9835878313131952,0.2737595146255375,0.43442026034752207,0.5989754361332293,0.9472047892384751,SCoNE,0.1,0.1,/home/jupyter/repos/SCoNE/output/models/overdispersion_nu/train_22
1432,0.5569925012164598,0.8112492315751907,0.41834512746078445,1.0364194595222873,8,train,1,22,0.6154674681551532,0.322063437100836,0.956033766451387,0.3836725570369684,0.9449647098256575,0.30656773031196605,0.9842929857777384,0.2895364353035774,0.43247864078799225,0.6039408187342951,0.9472047892384751,SCoNE,0.1,0.1,/home/jupyter/repos/SCoNE/output/models/overdispersion_nu/train_22
1433,0.3800219552755181,0.7120030347775592,0.4395501203644674,1.045676200782924,9,train,1,22,0.5270784317187265,0.32763107006059583,0.9237855439679198,0.35467386551553903,0.7972875308706722,0.31289183500198997,0.9625291629934597,0.27717870645638354,0.4291824434463437,0.6164937573365801,0.9472047892384751,SCoNE,0.1,0.1,/home/jupyter/repos/SCoNE/output/models/overdispersion_nu/train_22
1434,0.5054012321672254,0.7880407453066522,0.42323308008384264,1.038521983201309,10,train,1,22,0.5785470355848771,0.3435803740836736,0.9638114156063496,0.35080706757528807,0.8918217621011345,0.3384649124705922,0.9767460025222335,0.2765354361832396,0.4380016000252109,0.6005203831760981,0.9472047892384751,SCoNE,0.1,0.1,/home/jupyter/repos/SCoNE/output/models/overdispersion_nu/train_22
1435,0.5926046333761902,0.8269447819341939,0.4120864581455328,1.0343202373140563,11,train,1,22,0.6833704568253841,0.3556323259003002,0.9710206096798145,0.3573426971412303,0.9258938237386874,0.33806160146440883,0.9786119783107826,0.2637671992449398,0.4362808532833427,0.5980393840307136,0.9472047892384751,SCoNE,0.1,0.1,/home/jupyter/repos/SCoNE/output/models/overdispersion_nu/train_22
1436,0.3229409177847669,0.6628202833717882,0.44576789630669006,1.0496509532070308,12,train,1,22,0.4893829761559625,0.3484157985210093,0.8756762179524981,0.3653406409253455,0.7560725389391509,0.3166853449147589,0.9726009612417513,0.2889487008182814,0.43222044065798926,0.6174305125490416,0.9472047892384751,SCoNE,0.1,0.1,/home/jupyter/repos/SCoNE/output/models/overdispersion_nu/train_22
1437,0.33828663488702,0.6628429011322462,0.4357297380529462,1.0567814934375719,13,train,1,22,0.4231917638825671,0.3235144335785569,0.9404679971134837,0.3776016940184398,0.745126521306425,0.3005409761157674,0.9359564597543255,0.29596111255781876,0.4373076969439662,0.6194737964936057,0.9472047892384751,SCoNE,0.1,0.1,/home/jupyter/repos/SCoNE/output/models/overdispersion_nu/train_22
1438,0.4037146994827837,0.7122992201506224,0.4248919983887099,1.0524104328062496,14,train,1,22,0.5978305072182589,0.34351289586762845,0.9843199438340009,0.35689557845315134,0.8509644357951316,0.32237486662994613,0.959162185776451,0.2957636348974332,0.43743357016177103,0.6149768626444785,0.9472047892384751,SCoNE,0.1,0.1,/home/jupyter/repos/SCoNE/output/models/overdispersion_nu/train_22
1439,0.4887012605517712,0.795027720222505,0.44197185084038426,1.0358316292848557,15,train,1,22,0.5663012514542403,0.33245779423674343,0.9096944177174047,0.3432526263658085,0.8551795645494497,0.30752048330140563,0.9569331253212043,0.25427652516305993,0.44166413769218094,0.5941674915926747,0.9472047892384751,SCoNE,0.1,0.1,/home/jupyter/repos/SCoNE/output/models/overdispersion_nu/train_22
1440,0.5157462008622596,0.8080704872020067,0.43174974348957035,1.0353071153440387,16,train,1,22,0.5405838165070724,0.35753920061123684,0.8988069879922511,0.351712883792132,0.9117975291624169,0.3284022801477324,0.9813681548546165,0.299316877658163,0.4346678068365081,0.6006393085075308,0.9472047892384751,SCoNE,0.1,0.1,/home/jupyter/repos/SCoNE/output/models/overdispersion_nu/train_22
1441,0.47790014000275016,0.7716975972201944,0.4304422879807474,1.043483111326931,17,train,1,22,0.5605093530538098,0.36115510195521366,0.9461545788039409,0.37340072822690606,0.8495591020968142,0.30808408050670677,0.9677705187368653,0.2639831487303492,0.43713244415055036,0.6063506671763805,0.9472047892384751,SCoNE,0.1,0.1,/home/jupyter/repos/SCoNE/output/models/overdispersion_nu/train_22
1442,0.5443847371671463,0.804479448183473,0.42339066847679263,1.0389254180898222,18,train,1,22,0.5786446141907919,0.33600532544289047,0.9399599987176577,0.36091538065039575,0.9446901727761531,0.31531753570836263,0.9832951157634012,0.2764907998922783,0.4318702886108363,0.6070551294789858,0.9472047892384751,SCoNE,0.1,0.1,/home/jupyter/repos/SCoNE/output/models/overdispersion_nu/train_22
1443,0.3895556546034766,0.729766287394763,0.44040145978719836,1.04170362392197,19,train,1,22,0.6047268086885456,0.3358150463237128,0.9557267144545454,0.34516870178233916,0.83038184630704,0.2880150302445154,0.9809421662864117,0.29410335479267435,0.4338758994507356,0.6078277244712343,0.9472047892384751,SCoNE,0.1,0.1,/home/jupyter/repos/SCoNE/output/models/overdispersion_nu/train_22
1444,0.468852851259659,0.7777222489232756,0.4351702343921482,1.0377917154927179,20,train,1,22,0.5788743387701203,0.34798667836501096,0.9292784421892346,0.35038582204108104,0.8911182100692602,0.2843343945289979,0.9909543640094213,0.2836577345363072,0.432614444215279,0.6051772712774388,0.9472047892384751,SCoNE,0.1,0.1,/home/jupyter/repos/SCoNE/output/models/overdispersion_nu/train_22
1445,0.5260172431150559,0.8054155264213028,0.43275583132955886,1.0352384101976104,21,train,1,22,0.5887207415314011,0.33723179029936273,0.9394586399204469,0.37368897832269427,0.8663592261141249,0.33594075372183696,0.965792404359907,0.2686043468981584,0.43913676407101365,0.5961016461265968,0.9472047892384751,SCoNE,0.1,0.1,/home/jupyter/repos/SCoNE/output/models/overdispersion_nu/train_22
1446,0.5200974590794304,0.789374672508067,0.42440920958567857,1.0405415493669827,22,train,1,22,0.5647478226072591,0.34174030560840557,0.9387149366767069,0.3321378663110386,0.9222061570546404,0.3215510324342122,0.9857072963539047,0.26250515956321485,0.42979451705399385,0.610747032312989,0.9472047892384751,SCoNE,0.1,0.1,/home/jupyter/repos/SCoNE/output/models/overdispersion_nu/train_22
1447,0.3770812039764676,0.6854095379031373,0.4299559271830832,1.0581327049149571,23,train,1,22,0.5221278106111538,0.3232123077688122,0.9492610347782116,0.3317884444479782,0.8821765066439483,0.325128934701513,0.9505376402983187,0.2948211771896477,0.4324019504445133,0.6257307544704438,0.9472047892384751,SCoNE,0.1,0.1,/home/jupyter/repos/SCoNE/output/models/overdispersion_nu/train_22
1448,0.3604286877877412,0.6689169826653331,0.42717638021724985,1.056761503447361,24,train,1,22,0.4563457376272036,0.32866330997400595,0.9525109210423872,0.3377910484152021,0.7580172107555482,0.28753920546156053,0.9581696838429465,0.2690808857754744,0.43691230002656106,0.6198492034208,0.9472047892384751,SCoNE,0.1,0.1,/home/jupyter/repos/SCoNE/output/models/overdispersion_nu/train_22
1449,0.4557938640295923,0.7746449116933073,0.44395561527083793,1.0376705689894656,25,train,1,22,0.5530469139732584,0.363042778299762,0.8940984705843836,0.3416692585218333,0.863785584237863,0.33756639730375854,0.9727519589979505,0.2906021574694671,0.4340489122902313,0.6036216566992343,0.9472047892384751,SCoNE,0.1,0.1,/home/jupyter/repos/SCoNE/output/models/overdispersion_nu/train_22
1450,0.5163938856000366,0.7912869861705236,0.4275152831360282,1.03898390902402,26,train,1,22,0.5762646396545714,0.3614560809761445,0.9534941094466716,0.3762374422488753,0.9146115831907157,0.31608201050085605,0.9865616948866911,0.28497434773034075,0.43634179965526537,0.6026421093687547,0.9472047892384751,SCoNE,0.1,0.1,/home/jupyter/repos/SCoNE/output/models/overdispersion_nu/train_22
1451,0.5549219561877834,0.816423016675806,0.4214435282344009,1.035016657818952,27,train,1,22,0.6045919670177451,0.34570266057091714,0.9401596565653779,0.35965488578596805,0.9400618921685373,0.3250735173549046,0.9694169448945172,0.2717800340049873,0.43373110817479815,0.6012855496441538,0.9472047892384751,SCoNE,0.1,0.1,/home/jupyter/repos/SCoNE/output/models/overdispersion_nu/train_22
1452,0.37688593624744476,0.6710823808429552,0.4213842379059465,1.0540297234507081,28,train,1,22,0.5327706071947541,0.3526797094170624,0.9729351830291931,0.3443405197021544,0.8882715152492712,0.31630796643413545,0.9425154972418728,0.2603908768598531,0.43739401664017996,0.6166357068105282,0.9472047892384751,SCoNE,0.1,0.1,/home/jupyter/repos/SCoNE/output/models/overdispersion_nu/train_22
1453,0.3477008501402528,0.6882425150410079,0.4472569497204178,1.0446010022142416,29,train,1,22,0.5236361439700145,0.3285574221473896,0.94512035478016,0.35838811144970345,0.8231207611743591,0.3297361429283885,0.9669948740879197,0.3011587696148455,0.4405821367268355,0.604018865487406,0.9472047892384751,SCoNE,0.1,0.1,/home/jupyter/repos/SCoNE/output/models/overdispersion_nu/train_22
1454,0.4478872691155012,0.7771580459283272,0.4392539284576627,1.040219576316723,30,train,1,22,0.5832755859051965,0.33745231825453176,0.9341910821529258,0.35835159688807244,0.8942484272945453,0.31337215766187854,0.9818750817576669,0.25818187019546285,0.4374702177581944,0.6027493585585286,0.9472047892384751,SCoNE,0.1,0.1,/home/jupyter/repos/SCoNE/output/models/overdispersion_nu/train_22
1455,0.4489253509332121,0.7569585215593211,0.42483146929837123,1.0395776318073795,31,train,1,22,0.6021278803800019,0.3284242838831911,0.9731246009766908,0.3598483154573836,0.8966269433792984,0.3181970049245755,0.9831864630413336,0.298644246463734,0.44290590510588906,0.5966717267014905,0.9472047892384751,SCoNE,0.1,0.1,/home/jupyter/repos/SCoNE/output/models/overdispersion_nu/train_22
1456,0.3813354144308234,0.6998739312084524,0.43156568919331756,1.0558316543310347,32,train,1,22,0.4324405865583221,0.3115304719061573,0.9390671415735347,0.3704456509619629,0.8304013027020603,0.33594831585012946,0.9684688420105048,0.2825000867879313,0.4354821495167372,0.6203495048142974,0.9472047892384751,SCoNE,0.1,0.1,/home/jupyter/repos/SCoNE/output/models/overdispersion_nu/train_22
1457,0.5344698247098757,0.8109710172650147,0.4176900442104049,1.0354021451404316,33,train,1,22,0.612108009781227,0.3611994278874074,0.9497062701086224,0.37031386436125857,0.9172148309738273,0.3126218811035241,0.9803224051118996,0.2871310314473551,0.4330195978539337,0.602382547286498,0.9472047892384751,SCoNE,0.1,0.1,/home/jupyter/repos/SCoNE/output/models/overdispersion_nu/train_22
1458,0.5799721302837892,0.8179103705346925,0.42066904799801774,1.034970486750993,34,train,1,22,0.6293894900527065,0.36170014797324207,0.9554684555689665,0.35301719115209484,0.918246457024059,0.3466844137376755,0.9729535530307465,0.31364549414559595,0.43436760236272953,0.6006028843882635,0.9472047892384751,SCoNE,0.1,0.1,/home/jupyter/repos/SCoNE/output/models/overdispersion_nu/train_22
1459,0.3438815861319612,0.722459525609985,0.45299940280902334,1.0488456661790397,35,train,1,22,0.556504634342444,0.2942425133439696,0.9076922022170478,0.3595660413220353,0.7813887332479807,0.31495460452764057,0.9697950672470874,0.2900956740024748,0.42900191836741547,0.6198437478116242,0.9472047892384751,SCoNE,0.1,0.1,/home/jupyter/repos/SCoNE/output/models/overdispersion_nu/train_22
1460,0.3772083470160288,0.6701132972542925,0.4279564568251413,1.0541188956847551,36,train,1,22,0.47487541551685514,0.337672144551634,0.9692362143158044,0.34250795230066244,0.7951032773683934,0.30133975046878547,0.9676841957341167,0.275307902469512,0.43805180117521814,0.6160670945095369,0.9472047892384751,SCoNE,0.1,0.1,/home/jupyter/repos/SCoNE/output/models/overdispersion_nu/train_22
1461,0.44336056192632006,0.7705354747618268,0.4376007302490679,1.0404824242216213,37,train,1,22,0.5563745629462755,0.3171743343497901,0.9036561097703741,0.3592078377489338,0.9011371264078587,0.3092492755894353,0.9890890266704165,0.2896939525728411,0.4309232031095171,0.6095592211121041,0.9472047892384751,SCoNE,0.1,0.1,/home/jupyter/repos/SCoNE/output/models/overdispersion_nu/train_22
1462,0.3950771510444734,0.7366485777232031,0.43147352606710226,1.0416472273758932,38,train,1,22,0.5521539790342933,0.3687509796716163,0.9230710610536721,0.3530330858268902,0.8484539459299465,0.32143926736988776,0.9830004112377668,0.27616152259298843,0.434141516947899,0.6075057104279942,0.9472047892384751,SCoNE,0.1,0.1,/home/jupyter/repos/SCoNE/output/models/overdispersion_nu/train_22
1463,0.5109267728526308,0.796967594732765,0.4382081808767841,1.0347555984061647,39,train,1,22,0.6086289951685886,0.31823661652501883,0.9490423803911765,0.3571267071409507,0.8470968643422089,0.3079177457789011,0.9686274303219087,0.28159367435805305,0.44256742415279227,0.5921881742533723,0.9472047892384751,SCoNE,0.1,0.1,/home/jupyter/repos/SCoNE/output/models/overdispersion_nu/train_22
1464,0.5170442281609722,0.798943624036013,0.4198533425456492,1.0404560056497938,40,train,1,22,0.5773000098401341,0.31924037130350325,0.9464693353245007,0.35244338341095577,0.9346656311544115,0.30144157499643115,0.9923124985204493,0.2695336781439945,0.42790419396918855,0.6125518116806051,0.9472047892384751,SCoNE,0.1,0.1,/home/jupyter/repos/SCoNE/output/models/overdispersion_nu/train_22
1465,0.5253739330225837,0.7972030643940716,0.42259610448845414,1.0414822054596538,41,train,1,22,0.5749657969198195,0.3639084338803053,0.9379036491263869,0.3552439902047537,0.9378548468105273,0.3353666989198928,0.9797296470412323,0.27823352727089284,0.42726010983362583,0.6142220956260279,0.9472047892384751,SCoNE,0.1,0.1,/home/jupyter/repos/SCoNE/output/models/overdispersion_nu/train_22
1466,0.37631421319928926,0.6774714327050145,0.4305294329973785,1.0552910665661543,42,train,1,22,0.4344889989138873,0.33492735101701515,0.9384679498163285,0.3766986848704258,0.8532481181738495,0.3248131115417071,0.9829257071629822,0.2862295907900364,0.4334506339336728,0.6218404326324816,0.9472047892384751,SCoNE,0.1,0.1,/home/jupyter/repos/SCoNE/output/models/overdispersion_nu/train_22
1467,0.37575260279152256,0.6771915167529474,0.4300029758964653,1.0593221274749032,43,train,1,22,0.3971855502629847,0.31876400367812036,0.9425095669684339,0.3536409468895129,0.8213204380920381,0.3128139144898363,0.9701465200039978,0.31237177501647123,0.4314795375139126,0.6278425899609905,0.9472047892384751,SCoNE,0.1,0.1,/home/jupyter/repos/SCoNE/output/models/overdispersion_nu/train_22
1468,0.5428813260811466,0.798204451006332,0.427005844591461,1.0339581285725343,44,train,1,22,0.6306951842708911,0.33570340523857184,0.9579502623794302,0.3433512787104891,0.8734246306873297,0.31201349300083225,0.9687396158121754,0.26794340176483195,0.4388655853972672,0.595092543175267,0.9472047892384751,SCoNE,0.1,0.1,/home/jupyter/repos/SCoNE/output/models/overdispersion_nu/train_22
1469,0.48032621054368574,0.7864299802095372,0.4276601152980335,1.0390112285407398,45,train,1,22,0.5912175721792026,0.3594273361164545,0.9353359409551871,0.34154850108998785,0.9075422640110665,0.33142479646927425,0.9916303709789024,0.30300693071886853,0.4359032467609809,0.6031079817797589,0.9472047892384751,SCoNE,0.1,0.1,/home/jupyter/repos/SCoNE/output/models/overdispersion_nu/train_22
1470,0.569697476586674,0.8208574671630192,0.4194955236131144,1.0327404508347795,46,train,1,22,0.5756274803619036,0.3461258296760925,0.9164837389672073,0.35548872671824633,0.9153104930515419,0.3248969952772226,0.9642299368536866,0.2717444191340257,0.4369902715981844,0.5957501792365951,0.9472047892384751,SCoNE,0.1,0.1,/home/jupyter/repos/SCoNE/output/models/overdispersion_nu/train_22
1471,0.4341925283958349,0.7608564129282149,0.43049495224438167,1.040955103794495,47,train,1,22,0.5840918012879803,0.33684794960038544,0.9601750338902961,0.36863550034241965,0.883716870449566,0.29951716757590074,0.9914195950514604,0.2836007426267534,0.43498075370417677,0.6059743500903183,0.9472047892384751,SCoNE,0.1,0.1,/home/jupyter/repos/SCoNE/output/models/overdispersion_nu/train_22
1472,0.5191148998528176,0.7958584624031682,0.4238317434351857,1.040017094360295,48,train,1,22,0.5153018315430897,0.34912530254243995,0.8980425815068591,0.34917950717484303,0.9163520341028637,0.3355517708025916,0.979076329413974,0.2734952725850585,0.4280877462662434,0.6119293480940516,0.9472047892384751,SCoNE,0.1,0.1,/home/jupyter/repos/SCoNE/output/models/overdispersion_nu/train_22
1473,0.5543960793411982,0.817731515752702,0.419296178184706,1.0346878898649041,49,train,1,22,0.6255593551499699,0.33271203147043255,0.9482396073036795,0.37045872185691403,0.9338340122460757,0.319674448557519,0.983167888097661,0.2761821535082726,0.43544427053764195,0.5992436193272622,0.9472047892384751,SCoNE,0.1,0.1,/home/jupyter/repos/SCoNE/output/models/overdispersion_nu/train_22
1474,0.2447377753836109,0.5991755405112275,0.39679276804038854,1.1096826691212374,0,train,3,46,0.5554345019770914,0.286227773403857,0.9883098053263143,0.38157846176038895,0.537385492704151,0.24085144649793042,0.9053598884676529,0.24417963860342426,0.4789494218365652,0.6307332472846722,0.8565034348502742,SCoNE,0.1,1.0,/home/jupyter/repos/SCoNE/output/models/overdispersion_nu/train_46
1475,0.2893469157607433,0.6725681731860618,0.41392154231059075,1.1223490338771709,1,train,3,46,0.5760420679042364,0.2903393806941188,0.9744973667498715,0.3938333656272941,0.8002759776616883,0.30229463447910143,0.9101236580763972,0.24898601371078197,0.4714390345639155,0.6509099993132553,0.8565034348502742,SCoNE,0.1,1.0,/home/jupyter/repos/SCoNE/output/models/overdispersion_nu/train_46
1476,0.2172985676893588,0.6030025061091072,0.41413949771925923,1.1206159350081077,2,train,3,46,0.6410643526842856,0.3019367793416132,0.9879820095841725,0.39141560815237175,0.7385123608978473,0.28252880889573845,0.919209000619899,0.27059594242010443,0.48239000488842454,0.6382259301196831,0.8565034348502742,SCoNE,0.1,1.0,/home/jupyter/repos/SCoNE/output/models/overdispersion_nu/train_46
1477,0.29389303095565317,0.7060679862247246,0.41604658425839597,1.1183825830691436,3,train,3,46,0.714106870710522,0.2993248374655709,0.9886902039720915,0.38523937285687154,0.8363073564641602,0.2538236191189129,0.92269253282701,0.26735885286671,0.47438884047709945,0.6439937425920442,0.8565034348502742,SCoNE,0.1,1.0,/home/jupyter/repos/SCoNE/output/models/overdispersion_nu/train_46
1478,0.22150022434824618,0.6161203295504756,0.3930470392508184,1.1073608508252826,4,train,3,46,0.6048187943845336,0.2536991458822218,0.9900799266240945,0.40197590733407196,0.5794268217146739,0.22689076709064526,0.9078737861002882,0.25056835412918327,0.48056210523290804,0.6267987455923745,0.8565034348502742,SCoNE,0.1,1.0,/home/jupyter/repos/SCoNE/output/models/overdispersion_nu/train_46
1479,0.2412575846027041,0.6524780043030364,0.39540247689712466,1.1152924470763999,5,train,3,46,0.6988754794414539,0.29552434005611744,0.9910276826153526,0.40833609042225016,0.792043615002485,0.24397175159095,0.8387554706441568,0.25049749702268526,0.484462752799812,0.6308296942765879,0.8565034348502742,SCoNE,0.1,1.0,/home/jupyter/repos/SCoNE/output/models/overdispersion_nu/train_46
1480,0.2663569522284073,0.6713497004687785,0.41554181823718317,1.1189048739295975,6,train,3,46,0.669531221256047,0.29701168557819574,0.9883910353659561,0.3872121824535305,0.7907201053902018,0.25230442925863716,0.8778287461050193,0.26030221061205355,0.4802814612523006,0.6386234126772968,0.8565034348502742,SCoNE,0.1,1.0,/home/jupyter/repos/SCoNE/output/models/overdispersion_nu/train_46
1481,0.3327225036187483,0.7019700630932715,0.41388291394556864,1.1165691748903632,7,train,3,46,0.7563667281388925,0.3036427228476405,0.991743892262968,0.3833165249976731,0.793453230807898,0.296203289064048,0.8165554235538915,0.23863730000469613,0.4737329475272678,0.6428362273630953,0.8565034348502742,SCoNE,0.1,1.0,/home/jupyter/repos/SCoNE/output/models/overdispersion_nu/train_46
1482,0.2923807864144306,0.6793522750089253,0.41524511404265113,1.1142264965415958,8,train,3,46,0.6170194713490872,0.27586749476118,0.9799879325293896,0.4070287243303705,0.7653945758848378,0.2457365355160407,0.7626972148500613,0.2558491250489411,0.4760826496711174,0.6381438468704783,0.8565034348502742,SCoNE,0.1,1.0,/home/jupyter/repos/SCoNE/output/models/overdispersion_nu/train_46
1483,0.322109704973072,0.7162900716837889,0.41349353777469927,1.1178193983598077,9,train,3,46,0.7187210024235448,0.3152898545895828,0.99010827759968,0.39233654673153595,0.8576569957799844,0.2818858663845466,0.9196124620954316,0.2717365096632856,0.4719102532284619,0.6459091451313459,0.8565034348502742,SCoNE,0.1,1.0,/home/jupyter/repos/SCoNE/output/models/overdispersion_nu/train_46
1484,0.26804504313465805,0.6440984498945788,0.40931951780819564,1.113142819203955,10,train,3,46,0.5762650792728884,0.2917980646995477,0.9846024925909832,0.3696256808722385,0.7423371442668019,0.26917997077099437,0.7254693216419923,0.25867239486195504,0.4772993284320403,0.6358434907719147,0.8565034348502742,SCoNE,0.1,1.0,/home/jupyter/repos/SCoNE/output/models/overdispersion_nu/train_46
1485,0.3252014289640124,0.6879106338165165,0.40838352006796547,1.115081152399578,11,train,3,46,0.6637028502278497,0.2868172787595405,0.9853857067198393,0.3868210630946024,0.7615742041084227,0.26808804396655256,0.7975906749374644,0.24375526321764407,0.47573997252214545,0.6393411798774327,0.8565034348502742,SCoNE,0.1,1.0,/home/jupyter/repos/SCoNE/output/models/overdispersion_nu/train_46
1486,0.2558620860358512,0.6766479517341399,0.4153946085278417,1.1233651666541196,12,train,3,46,0.5572805744265447,0.3203324852258853,0.9768329287422528,0.410998413950659,0.7992209668897307,0.2936566337691329,0.9162966625476653,0.2711070339030695,0.47680951439090047,0.6465556522632192,0.8565034348502742,SCoNE,0.1,1.0,/home/jupyter/repos/SCoNE/output/models/overdispersion_nu/train_46
1487,0.2649670707036971,0.597965218650687,0.39680409767186176,1.1161069304186095,13,train,3,46,0.6313776682334085,0.28574711309649276,0.9897280371738083,0.4042353285555056,0.6833866166434308,0.2691141578477551,0.8082401640198321,0.25089451034669824,0.4806052152791085,0.6355017151395012,0.8565034348502742,SCoNE,0.1,1.0,/home/jupyter/repos/SCoNE/output/models/overdispersion_nu/train_46
1488,0.2684809846352373,0.6655750689819717,0.4020310117623936,1.1137761112359825,14,train,3,46,0.7051668123632434,0.2715543410122094,0.990695072178864,0.38853398312642995,0.8052567503501231,0.2606616178402237,0.8738113424920999,0.2835028581094975,0.4824260402405755,0.631350070995407,0.8565034348502742,SCoNE,0.1,1.0,/home/jupyter/repos/SCoNE/output/models/overdispersion_nu/train_46
1489,0.22291904287035294,0.6319972848323111,0.39798853563172704,1.1100279525929972,15,train,3,46,0.5776148238290697,0.252255106784178,0.9861795284744503,0.3918920366188781,0.6127871190467962,0.2435712021727912,0.913395388281401,0.2460182775193821,0.47975038680341203,0.6302775657895853,0.8565034348502742,SCoNE,0.1,1.0,/home/jupyter/repos/SCoNE/output/models/overdispersion_nu/train_46
1490,0.2649264331757448,0.690045025913605,0.42387204768443715,1.1187921818580486,16,train,3,46,0.6085892379591268,0.3139820125390003,0.9821816034658998,0.39670276884106864,0.8201329737988372,0.2790948577024945,0.9058935905288804,0.28233595662779587,0.47852431030030657,0.640267871557742,0.8565034348502742,SCoNE,0.1,1.0,/home/jupyter/repos/SCoNE/output/models/overdispersion_nu/train_46
1491,0.28446735999960915,0.675854809447559,0.41582404940195716,1.1186879199025295,17,train,3,46,0.6846730095512409,0.3202422952742781,0.988226193565914,0.4049242535545666,0.7662844096180683,0.2506302233102873,0.8207408451240767,0.26153379191676146,0.47719451870125207,0.6414934012012774,0.8565034348502742,SCoNE,0.1,1.0,/home/jupyter/repos/SCoNE/output/models/overdispersion_nu/train_46
1492,0.30772673097230185,0.684741792050009,0.40284369223515104,1.114827080991939,18,train,3,46,0.663368556201619,0.27584633503624845,0.986708487421251,0.3891161054424813,0.8084305101229221,0.26251143642311986,0.8511899504856505,0.24736336589315236,0.47713321134924036,0.6376938696426985,0.8565034348502742,SCoNE,0.1,1.0,/home/jupyter/repos/SCoNE/output/models/overdispersion_nu/train_46
1493,0.20568814914726652,0.5891402370574826,0.4043153898014442,1.1250128302670703,19,train,3,46,0.6055040514399143,0.2774529342941867,0.990586669465245,0.37801224044921095,0.8031777747334274,0.27661640209444366,0.9319214766030011,0.2770486204090184,0.47771726620968485,0.6472955640573855,0.8565034348502742,SCoNE,0.1,1.0,/home/jupyter/repos/SCoNE/output/models/overdispersion_nu/train_46
1494,0.15295849889651747,0.5495451277883924,0.41482348334526864,1.1227145449574718,20,train,3,46,0.5245083076290249,0.26080631188346126,0.9881607442758307,0.3835690031340534,0.7111604049217432,0.253445214335007,0.9208596736313024,0.2530073618248163,0.48423894219569846,0.6384756027617734,0.8565034348502742,SCoNE,0.1,1.0,/home/jupyter/repos/SCoNE/output/models/overdispersion_nu/train_46
1495,0.3037485917339959,0.677776909926297,0.413837773204133,1.1163266982526803,21,train,3,46,0.6687323844871528,0.2853327542622717,0.9873653798300487,0.40353342420196775,0.7735837889511753,0.27534761368326915,0.801506057239169,0.2526327177881362,0.47878254544373466,0.6375441528089456,0.8565034348502742,SCoNE,0.1,1.0,/home/jupyter/repos/SCoNE/output/models/overdispersion_nu/train_46
1496,0.28024135571026787,0.6529354731350455,0.40409184566910106,1.1229489838467288,22,train,3,46,0.659015682644423,0.3170030226691877,0.9877871058802491,0.366158328191571,0.778182729037947,0.26107378049050783,0.9166765161091525,0.23984805137706178,0.4738695256948376,0.6490794581518912,0.8565034348502742,SCoNE,0.1,1.0,/home/jupyter/repos/SCoNE/output/models/overdispersion_nu/train_46
1497,0.21829282797817282,0.6088663339083992,0.3901082952880458,1.10786236889236,23,train,3,46,0.5701567547626402,0.2295526120987793,0.9863843151869048,0.3783662474222472,0.5916494680246646,0.22485327565653399,0.8727530831225764,0.2710022368673865,0.47754723033168783,0.6303151385606721,0.8565034348502742,SCoNE,0.1,1.0,/home/jupyter/repos/SCoNE/output/models/overdispersion_nu/train_46
1498,0.20619456813962167,0.5892377743168072,0.40327153132135335,1.1206954742451651,24,train,3,46,0.5623848928955306,0.2729116461467611,0.9896801493007289,0.36951691237562045,0.7049180680130814,0.2509858760711896,0.8692155810544301,0.23905673216337003,0.48244003722267287,0.6382554370224923,0.8565034348502742,SCoNE,0.1,1.0,/home/jupyter/repos/SCoNE/output/models/overdispersion_nu/train_46
1499,0.2494893769722816,0.5976276459173723,0.40426818769862566,1.1099597089008741,25,train,3,46,0.5772992017906915,0.26891440592065236,0.9888990992856443,0.38876012631137413,0.5534950308273027,0.2642158593183012,0.910115414745846,0.26355214474134553,0.47499869437564174,0.6349610145252325,0.8565034348502742,SCoNE,0.1,1.0,/home/jupyter/repos/SCoNE/output/models/overdispersion_nu/train_46
1500,0.24529435872924138,0.617218781623231,0.37989700113862257,1.1161403407192745,26,train,3,46,0.6119178136962375,0.2531979888371238,0.9884998451175873,0.40901789335161587,0.7045131606723659,0.2420661065176812,0.8301813207853899,0.2635419070151031,0.48506515561114943,0.6310751851081251,0.8565034348502742,SCoNE,0.1,1.0,/home/jupyter/repos/SCoNE/output/models/overdispersion_nu/train_46
1501,0.11361419633604314,0.5556029208409052,0.39876961030400077,1.117811377062183,27,train,3,46,0.5400234831574923,0.23979439862499366,0.987984617454345,0.39264684208800626,0.7345675635154684,0.21272372297765013,0.8622044220585768,0.2556340663631995,0.4894536027069103,0.6283577743552725,0.8565034348502742,SCoNE,0.1,1.0,/home/jupyter/repos/SCoNE/output/models/overdispersion_nu/train_46
1502,0.2168031885055921,0.5854262162039502,0.3978039547988738,1.1117611179279452,28,train,3,46,0.6063551782566573,0.2756079804139378,0.9848722546945862,0.37883749180930976,0.7172368711897866,0.22700332799098227,0.6870336835673253,0.21294298079377252,0.48668716481938,0.6250739531085651,0.8565034348502742,SCoNE,0.1,1.0,/home/jupyter/repos/SCoNE/output/models/overdispersion_nu/train_46
1503,0.27636665393800736,0.6502077016914373,0.40134282506976526,1.120331513341379,29,train,3,46,0.6307643077462789,0.285566390587742,0.9877292190508725,0.3919739598481043,0.7282253667154592,0.3002284919693385,0.904629067251569,0.2841918609003085,0.47705148854238505,0.6432800247989938,0.8565034348502742,SCoNE,0.1,1.0,/home/jupyter/repos/SCoNE/output/models/overdispersion_nu/train_46
1504,0.23446802055061158,0.6283496384977447,0.4073519224880219,1.1116888153566649,30,train,3,46,0.582355472319901,0.26661179075678904,0.9856458282952861,0.39336680806271196,0.6259328858454771,0.27597757234690445,0.9169892715373642,0.22786187416299877,0.4782225809090012,0.6334662344476637,0.8565034348502742,SCoNE,0.1,1.0,/home/jupyter/repos/SCoNE/output/models/overdispersion_nu/train_46
1505,0.18494244167065313,0.6181422353515664,0.41306449693741093,1.1164386138650968,31,train,3,46,0.603856013448529,0.2479557877103393,0.9890959755028788,0.38094893989738493,0.7609300532699426,0.2644726144996503,0.8694150773420471,0.28211699470960033,0.48779456193224746,0.6286440519328493,0.8565034348502742,SCoNE,0.1,1.0,/home/jupyter/repos/SCoNE/output/models/overdispersion_nu/train_46
1506,0.23358131352660763,0.6208268783918877,0.40343913543221277,1.1098317471509682,32,train,3,46,0.5590323158845906,0.26014196731365696,0.9880485119002015,0.39636778334996625,0.584871662932418,0.256491625235047,0.910311284117306,0.26009236415336656,0.47885306304751823,0.6309786841034499,0.8565034348502742,SCoNE,0.1,1.0,/home/jupyter/repos/SCoNE/output/models/overdispersion_nu/train_46
1507,0.23064643908870158,0.638698611060758,0.40518889221417803,1.1136839264883633,33,train,3,46,0.5201216783074345,0.3033050497824928,0.98146887616776,0.3951365274766939,0.6053804260897514,0.2642855118016183,0.9043991267914183,0.25724762852722266,0.4768377131955629,0.6368462132928004,0.8565034348502742,SCoNE,0.1,1.0,/home/jupyter/repos/SCoNE/output/models/overdispersion_nu/train_46
1508,0.3140004138865849,0.6984150643763124,0.4173545309140124,1.1156528303517712,34,train,3,46,0.65542915038646,0.31896126708104766,0.9841096717367179,0.3836564180975703,0.7881520833214543,0.26845303157738953,0.8147450600740903,0.2992886915667423,0.47631615884729256,0.6393366715044787,0.8565034348502742,SCoNE,0.1,1.0,/home/jupyter/repos/SCoNE/output/models/overdispersion_nu/train_46
1509,0.15227583027721595,0.5466749990428925,0.40970711150599665,1.1212834135530656,35,train,3,46,0.49172122724579925,0.25936214834599736,0.9874865867339818,0.39749497037379894,0.6917749432449318,0.26817631199334835,0.8855319667139402,0.2708038794520922,0.4818862264587495,0.6393971870943161,0.8565034348502742,SCoNE,0.1,1.0,/home/jupyter/repos/SCoNE/output/models/overdispersion_nu/train_46
1510,0.2641906488966103,0.6510540116622584,0.40921350476722046,1.1112883390993504,36,train,3,46,0.6291422887430848,0.28683794804254403,0.9875031221791685,0.36605077602520486,0.745691005394704,0.25731824273653997,0.6336185452938011,0.2232975205650103,0.4791881401955762,0.6321001989037742,0.8565034348502742,SCoNE,0.1,1.0,/home/jupyter/repos/SCoNE/output/models/overdispersion_nu/train_46
1511,0.24287189817964042,0.5952271350006219,0.3965589191869766,1.1095548372654598,37,train,3,46,0.566810857939239,0.24555130947255305,0.9883895389075039,0.39890802224594446,0.5680193297860118,0.26477148203455625,0.9165944157197128,0.26041188887174216,0.47844599511215863,0.6311088421533012,0.8565034348502742,SCoNE,0.1,1.0,/home/jupyter/repos/SCoNE/output/models/overdispersion_nu/train_46
1512,0.2778926463570592,0.6474890442555338,0.41318046958656324,1.1241340503178945,38,train,3,46,0.6687524931518294,0.3047848494624584,0.9880982154593837,0.3904665880524748,0.7284726057181126,0.27077285467055867,0.8927064413137051,0.2531526767453066,0.47805967778009606,0.6460743725377983,0.8565034348502742,SCoNE,0.1,1.0,/home/jupyter/repos/SCoNE/output/models/overdispersion_nu/train_46
1513,0.30791571737677614,0.6901002302596118,0.41005743524543903,1.1216017191301522,39,train,3,46,0.6405153920366721,0.28098399832620286,0.9825620759906794,0.3870239345168699,0.7850932456262213,0.2812487131069362,0.8974125834880154,0.2674878857029223,0.4758772287790773,0.6457244903510748,0.8565034348502742,SCoNE,0.1,1.0,/home/jupyter/repos/SCoNE/output/models/overdispersion_nu/train_46
1514,0.2767146765098682,0.6592152688005973,0.4047198758690802,1.120754533592533,40,train,3,46,0.7224460636422909,0.3005790109941108,0.9905545340185048,0.38194546856446254,0.7808374084083457,0.2739164547211416,0.9170200498162643,0.24868171461866528,0.47773830053929706,0.6430162330532361,0.8565034348502742,SCoNE,0.1,1.0,/home/jupyter/repos/SCoNE/output/models/overdispersion_nu/train_46
1515,0.34148396593330055,0.6921431377342192,0.41219522761613525,1.1171381777309515,41,train,3,46,0.7074306021386824,0.31540192043884047,0.9880413606654803,0.38717575375589286,0.7470449665873332,0.27331606191532637,0.8530199425538866,0.25388591958401946,0.4692488961733974,0.647889281557554,0.8565034348502742,SCoNE,0.1,1.0,/home/jupyter/repos/SCoNE/output/models/overdispersion_nu/train_46
1516,0.28350311506083936,0.6737568077751471,0.40932919429266185,1.1128310636619498,42,train,3,46,0.6480218349146487,0.28867800507936187,0.9870311158373848,0.3966656932807667,0.7694899234092515,0.2485781283460394,0.6827456367900416,0.24851794523565401,0.4790036890413222,0.6338273746206275,0.8565034348502742,SCoNE,0.1,1.0,/home/jupyter/repos/SCoNE/output/models/overdispersion_nu/train_46
1517,0.2614524805641932,0.6525170528889028,0.4067345936086525,1.1099827039884196,43,train,3,46,0.6311401772642335,0.2992060863310173,0.9878919960329484,0.37348828696007685,0.7376839161738221,0.25734820721603957,0.5598462903495851,0.2471334156103297,0.48210712984656373,0.6278755741418558,0.8565034348502742,SCoNE,0.1,1.0,/home/jupyter/repos/SCoNE/output/models/overdispersion_nu/train_46
1518,0.20573194672632508,0.562274151299522,0.37171561360535593,1.1137710958558533,44,train,3,46,0.5663862782682023,0.24918421365736163,0.986719580184189,0.36919274902022,0.7267854993533148,0.23217150087842736,0.7852776089207159,0.25173200972794346,0.48696906466365,0.6268020311922033,0.8565034348502742,SCoNE,0.1,1.0,/home/jupyter/repos/SCoNE/output/models/overdispersion_nu/train_46
1519,0.24374159792457462,0.6134699454723527,0.3877469901728311,1.119986742778522,45,train,3,46,0.6440412407825334,0.2785766457410741,0.9876869812119582,0.37482640556548935,0.7617495949847648,0.2638580893641816,0.8793475748140344,0.3038003274436358,0.4827152125391417,0.6372715302393802,0.8565034348502742,SCoNE,0.1,1.0,/home/jupyter/repos/SCoNE/output/models/overdispersion_nu/train_46
1520,0.31282605307695566,0.7172230821577273,0.41634255963322286,1.1210347354772596,46,train,3,46,0.6341661297459641,0.3301026422490302,0.9759115877909075,0.38204265824900524,0.850362936227952,0.28230674689200547,0.9253721902487955,0.2549798023877028,0.47146983369705714,0.6495649017802024,0.8565034348502742,SCoNE,0.1,1.0,/home/jupyter/repos/SCoNE/output/models/overdispersion_nu/train_46
1521,0.2830262000805956,0.6170384719842765,0.38255445773781394,1.1096189884164511,47,train,3,46,0.6866050379710069,0.26007271841429164,0.990746943581691,0.39592391595446846,0.7128171724490447,0.23027697074812659,0.7061900079647053,0.2473631752252639,0.4821203359445637,0.6274986524718874,0.8565034348502742,SCoNE,0.1,1.0,/home/jupyter/repos/SCoNE/output/models/overdispersion_nu/train_46
1522,0.2990017109622937,0.6873030791194815,0.421062007012992,1.1216025621175856,48,train,3,46,0.7040238174671599,0.3183483059804855,0.9871010816010296,0.38466561935711324,0.7873702467925423,0.29836662148490484,0.8981775390453685,0.24451640924293283,0.4709301495384958,0.6506724125790897,0.8565034348502742,SCoNE,0.1,1.0,/home/jupyter/repos/SCoNE/output/models/overdispersion_nu/train_46
1523,0.2897163508857014,0.6993224464122443,0.4182557113109415,1.1152313612034954,49,train,3,46,0.6972416433755595,0.30153098084923174,0.9875939872423438,0.38993111612031006,0.8040172887473542,0.2477937802439417,0.8260672212514071,0.2673367514202459,0.4782803863154806,0.6369509748880149,0.8565034348502742,SCoNE,0.1,1.0,/home/jupyter/repos/SCoNE/output/models/overdispersion_nu/train_46
1524,0.3726684361814876,0.7369932561260373,0.44362737323640195,1.0706889134952984,0,train,2,34,0.5670802645930382,0.36162258148290916,0.9438057963156724,0.35905243930897884,0.7626823965078461,0.3069492682719699,0.9189476471029735,0.266612883267152,0.4460956612015003,0.624593252293798,0.9363781564194551,SCoNE,0.1,0.5,/home/jupyter/repos/SCoNE/output/models/overdispersion_nu/train_34
1525,0.42068360591780873,0.746332928973849,0.4257632226175452,1.0739700783816946,1,train,2,34,0.5958641058928057,0.33091918234065687,0.9478188143187133,0.37310216085477904,0.8469389768269593,0.3258044151588678,0.9702294593389591,0.2765592490988826,0.4359615738751462,0.6380085045065483,0.9363781564194551,SCoNE,0.1,0.5,/home/jupyter/repos/SCoNE/output/models/overdispersion_nu/train_34
1526,0.4585185865378216,0.7793927752836181,0.4307299841692575,1.0675787575667215,2,train,2,34,0.6437948216533432,0.34989283931548704,0.9687682139206252,0.36762061556689174,0.8528850942378662,0.34744202170776417,0.9247465517910671,0.2754505441872617,0.4433250899917714,0.6242536675749502,0.9363781564194551,SCoNE,0.1,0.5,/home/jupyter/repos/SCoNE/output/models/overdispersion_nu/train_34
1527,0.5654399340154888,0.814414577220131,0.410710470112506,1.0638082239248736,3,train,2,34,0.768744371783867,0.3406738154044907,0.992569930365791,0.3739067191128583,0.9371404623459939,0.3197819304009796,0.9595791620105141,0.2778248778592331,0.4500060246262693,0.6138021992986044,0.9363781564194551,SCoNE,0.1,0.5,/home/jupyter/repos/SCoNE/output/models/overdispersion_nu/train_34
1528,0.5031883157929757,0.7946353301549016,0.41712442447748727,1.0672165238428184,4,train,2,34,0.6376734562579436,0.33211845026837705,0.9787252383631261,0.3869175249162706,0.905192742915332,0.34181634343676565,0.9612561286547959,0.2708600329898649,0.4456817264608775,0.6215347973819408,0.9363781564194551,SCoNE,0.1,0.5,/home/jupyter/repos/SCoNE/output/models/overdispersion_nu/train_34
1529,0.5135447228446323,0.800635723681263,0.41710452855375607,1.0674766234962818,5,train,2,34,0.7497400942448863,0.34657483418634705,0.9878845588620531,0.3913623377009827,0.9324763126327553,0.3226227192409688,0.9749065491999661,0.2672311595866866,0.44490528479175323,0.6225713387045285,0.9363781564194551,SCoNE,0.1,0.5,/home/jupyter/repos/SCoNE/output/models/overdispersion_nu/train_34
1530,0.30987576701708996,0.6663073618538262,0.4437133326575438,1.0731199676430063,6,train,2,34,0.5784587642927993,0.34271511296572904,0.9644668105665697,0.36915512043542376,0.6517937199922386,0.27011643477505776,0.9130755230476071,0.26827081267159847,0.45504356729367806,0.6180764003493282,0.9363781564194551,SCoNE,0.1,0.5,/home/jupyter/repos/SCoNE/output/models/overdispersion_nu/train_34
1531,0.5366966554795364,0.8073813973078239,0.4241130524732041,1.0644279878927683,7,train,2,34,0.65519925485084,0.3608306368354063,0.9739885494399795,0.3648253773486798,0.8938135343260589,0.3621604149976169,0.9567567417942594,0.2648543716353197,0.4484031488145625,0.6160248390782058,0.9363781564194551,SCoNE,0.1,0.5,/home/jupyter/repos/SCoNE/output/models/overdispersion_nu/train_34
1532,0.506028994622929,0.7918385347063783,0.4201137836114761,1.065427839531564,8,train,2,34,0.6298204005959634,0.31446209538991765,0.9720129498208888,0.39144298115256,0.8997262064975139,0.3175144024505346,0.9483668655000767,0.27494071844982315,0.4462243540465548,0.619203485485009,0.9363781564194551,SCoNE,0.1,0.5,/home/jupyter/repos/SCoNE/output/models/overdispersion_nu/train_34
1533,0.4935707323644097,0.7980159010432376,0.42840046587162417,1.0642569175406114,9,train,2,34,0.6442517326723308,0.3438175707255711,0.9706291521778027,0.3735887747897369,0.8815045977236227,0.3412969673391917,0.9227594520191871,0.2682177392350219,0.4552953247303024,0.6089615928103089,0.9363781564194551,SCoNE,0.1,0.5,/home/jupyter/repos/SCoNE/output/models/overdispersion_nu/train_34
1534,0.40243721904035895,0.7274393395597021,0.41907112355507997,1.075880122477638,10,train,2,34,0.539165057444219,0.3228859988482958,0.9787226605867018,0.3582193923348338,0.8490460046892992,0.3299324580182892,0.8967292414543595,0.29313154126958446,0.44787039734887685,0.6280097251287612,0.9363781564194551,SCoNE,0.1,0.5,/home/jupyter/repos/SCoNE/output/models/overdispersion_nu/train_34
1535,0.4717848013587474,0.7928852434048203,0.42663781787312494,1.0673303449097058,11,train,2,34,0.6386912022896872,0.3301505933647717,0.9691068462704285,0.3730105127257275,0.9001931295757608,0.34001673165368906,0.9366270044057664,0.26162230880766973,0.44637693005482243,0.6209534148548833,0.9363781564194551,SCoNE,0.1,0.5,/home/jupyter/repos/SCoNE/output/models/overdispersion_nu/train_34
1536,0.4751355864225239,0.7907526790186712,0.4311876931263647,1.0664440362184193,12,train,2,34,0.589186892872608,0.33594955556663597,0.9462090821606575,0.3906009679692911,0.8760310294893989,0.3489239428756394,0.9348345382978608,0.27594796147771034,0.4498766093587802,0.6165674268596392,0.9363781564194551,SCoNE,0.1,0.5,/home/jupyter/repos/SCoNE/output/models/overdispersion_nu/train_34
1537,0.4287465634123618,0.7707501015153727,0.42436865916049366,1.0721730228184119,13,train,2,34,0.6158608108342283,0.3488845880376262,0.9581097483961049,0.3828853737998868,0.8123048379132921,0.3302781730879109,0.9098683164049874,0.302318608504874,0.44458915452459774,0.6275838682938141,0.9363781564194551,SCoNE,0.1,0.5,/home/jupyter/repos/SCoNE/output/models/overdispersion_nu/train_34
1538,0.4511284010292222,0.775960240473868,0.4212905189281823,1.068676440824445,14,train,2,34,0.7217926416306825,0.34532045777509923,0.9921712899557023,0.3683774607849588,0.8726553715377517,0.3250338614271775,0.928274843235506,0.3017048385517344,0.45008746122020027,0.6185889796042447,0.9363781564194551,SCoNE,0.1,0.5,/home/jupyter/repos/SCoNE/output/models/overdispersion_nu/train_34
1539,0.48390398620569836,0.7906653184728569,0.42556978440853976,1.0677356026966653,15,train,2,34,0.587911135879017,0.335509220036727,0.9413013258026233,0.35906949495019264,0.9036809196467022,0.33577517944558904,0.9376014922159089,0.25347733209077317,0.44837219720052524,0.6193634054961401,0.9363781564194551,SCoNE,0.1,0.5,/home/jupyter/repos/SCoNE/output/models/overdispersion_nu/train_34
1540,0.4310345084620823,0.7695771500732087,0.4396137407266025,1.0683746652199644,16,train,2,34,0.538175803600568,0.34696459644022576,0.93331040156397,0.3676334314596988,0.8557744260287131,0.30994921286232047,0.9362569790578955,0.28914716926910616,0.45355163241230867,0.6148230328076558,0.9363781564194551,SCoNE,0.1,0.5,/home/jupyter/repos/SCoNE/output/models/overdispersion_nu/train_34
1541,0.43232579895530404,0.7496223610479862,0.42658740995183786,1.0757534556605584,17,train,2,34,0.5542085527751128,0.3517882702544284,0.9758948436516931,0.3910512367276416,0.8715818853918819,0.3315578910618144,0.9254282442001754,0.261965260070925,0.4483909115303536,0.6273625441302048,0.9363781564194551,SCoNE,0.1,0.5,/home/jupyter/repos/SCoNE/output/models/overdispersion_nu/train_34
1542,0.5100827262576547,0.7985001882070876,0.42003728582599065,1.0658186595719747,18,train,2,34,0.6082790912110669,0.33835539799161457,0.96004348842356,0.3665075231339957,0.9201329446400125,0.3405634862524558,0.9522329669693109,0.26749624477771916,0.4473851172004703,0.6184335423715044,0.9363781564194551,SCoNE,0.1,0.5,/home/jupyter/repos/SCoNE/output/models/overdispersion_nu/train_34
1543,0.3673902239146068,0.71926496489202,0.4382204416400917,1.07509704591516,19,train,2,34,0.5943895789873515,0.3311160728140783,0.9615881335823074,0.35229991383345577,0.8327767997265623,0.3144339404301704,0.95158190714119,0.2922067552099134,0.44224705740513526,0.6328499885100247,0.9363781564194551,SCoNE,0.1,0.5,/home/jupyter/repos/SCoNE/output/models/overdispersion_nu/train_34
1544,0.4268322525539175,0.7572469852447267,0.43568003659177235,1.0701097789500156,20,train,2,34,0.6085158727363154,0.34602068257387747,0.9516362861556315,0.35928090335711227,0.8464330391456665,0.30957560957475366,0.961359080659178,0.2805797984488281,0.44439474463539946,0.6257150343146162,0.9363781564194551,SCoNE,0.1,0.5,/home/jupyter/repos/SCoNE/output/models/overdispersion_nu/train_34
1545,0.4933675096501021,0.7959741605631238,0.42448044139326874,1.0645329173951106,21,train,2,34,0.6245684377020669,0.3302372635577363,0.9668429891484318,0.38720779148022016,0.8817299437605011,0.3580315557192419,0.9482016254539364,0.25947961097157773,0.4506264186268939,0.6139064987682167,0.9363781564194551,SCoNE,0.1,0.5,/home/jupyter/repos/SCoNE/output/models/overdispersion_nu/train_34
1546,0.46526677593310173,0.7805396123472536,0.4152395837011518,1.0709332615094038,22,train,2,34,0.6495553727066601,0.34464570242239817,0.9803199584479485,0.3520467137379116,0.9203930865982858,0.3410937594099287,0.9800657414616933,0.26510976826914084,0.44192122374838877,0.6290120377610151,0.9363781564194551,SCoNE,0.1,0.5,/home/jupyter/repos/SCoNE/output/models/overdispersion_nu/train_34
1547,0.34851938268538174,0.6892421561823074,0.4173437000874987,1.0771149846479413,23,train,2,34,0.5614720309289679,0.3179059413966456,0.9741367640899832,0.3498620851618219,0.7708325422441271,0.2982398319636239,0.8615619451829707,0.2840670012394401,0.4484156393222025,0.6286993453257387,0.9363781564194551,SCoNE,0.1,0.5,/home/jupyter/repos/SCoNE/output/models/overdispersion_nu/train_34
1548,0.3360984291481239,0.6831119487238139,0.43221119567008104,1.0768702475732952,24,train,2,34,0.5908125253952001,0.33336358880293593,0.972170073482292,0.3492925188582183,0.7534763529599362,0.3040819908916917,0.9511374839010471,0.2623957469002806,0.45313374907332327,0.623736498499972,0.9363781564194551,SCoNE,0.1,0.5,/home/jupyter/repos/SCoNE/output/models/overdispersion_nu/train_34
1549,0.36876969119181585,0.7372644340277554,0.446254585194161,1.0692894143493739,25,train,2,34,0.578014595625175,0.35294373177292954,0.9454566459894819,0.3673886382992467,0.7664197041507042,0.31871603310283225,0.9234874492147185,0.2904906777109213,0.4477500460512282,0.6215393682981456,0.9363781564194551,SCoNE,0.1,0.5,/home/jupyter/repos/SCoNE/output/models/overdispersion_nu/train_34
1550,0.5246597703024017,0.8013772016910311,0.41270297893997765,1.0673534446118258,26,train,2,34,0.664550493231969,0.35316316647420026,0.98374984800414,0.3917748874759889,0.9236926590654112,0.3317847873393403,0.961683491230525,0.2826167963771485,0.44705376776166666,0.6202996768501591,0.9363781564194551,SCoNE,0.1,0.5,/home/jupyter/repos/SCoNE/output/models/overdispersion_nu/train_34
1551,0.4599155534185261,0.7669148277609632,0.4345070989617665,1.067563473583783,27,train,2,34,0.5582060217015733,0.33189649851857905,0.9423231482700007,0.36701336274122254,0.8589801166224528,0.3091316729035936,0.9378182779044084,0.26462183101392217,0.445395693119172,0.622167780464611,0.9363781564194551,SCoNE,0.1,0.5,/home/jupyter/repos/SCoNE/output/models/overdispersion_nu/train_34
1552,0.3426165819548139,0.6664738319516207,0.4307110464854387,1.0738492576087546,28,train,2,34,0.5728353595258776,0.3411092816518451,0.9703605519210959,0.35882778582440694,0.7518521825940421,0.27924282433990955,0.9616080933185825,0.255489543206849,0.4587103463374255,0.6151389112713291,0.9363781564194551,SCoNE,0.1,0.5,/home/jupyter/repos/SCoNE/output/models/overdispersion_nu/train_34
1553,0.3924017650333679,0.7606439216297279,0.44086283175109076,1.0717180359749463,29,train,2,34,0.6246394961319489,0.3413258316359105,0.948867534278184,0.3605092894597883,0.815744784951737,0.34017563458139627,0.9493109406125423,0.3046145340402275,0.4397701254719191,0.6319479105030271,0.9363781564194551,SCoNE,0.1,0.5,/home/jupyter/repos/SCoNE/output/models/overdispersion_nu/train_34
1554,0.2853244275904024,0.6699523675081261,0.4393601097347911,1.0705341719335506,30,train,2,34,0.5060250020744732,0.3094978949216426,0.9707271481413874,0.3746410836127787,0.7848250687024111,0.2857438391418552,0.9302086520210162,0.2584609454572935,0.45362543981641196,0.6169087321171386,0.9363781564194551,SCoNE,0.1,0.5,/home/jupyter/repos/SCoNE/output/models/overdispersion_nu/train_34
1555,0.45401740087122844,0.7755584358592027,0.4264488253228654,1.0695045905035854,31,train,2,34,0.612437579219141,0.33122165119340174,0.9708479931392362,0.3595536253761791,0.8897496166480287,0.35647154416445753,0.9420998613234601,0.29256083103500385,0.45299967586974493,0.6165049146338405,0.9363781564194551,SCoNE,0.1,0.5,/home/jupyter/repos/SCoNE/output/models/overdispersion_nu/train_34
1556,0.46986887218350243,0.7856251895067384,0.4173441541380534,1.0670878228543674,32,train,2,34,0.6358773069448432,0.32381584945304165,0.9780664228634177,0.37854102177715104,0.8883389716882996,0.332265720530194,0.9349328002887719,0.2817737985526729,0.4490251773144514,0.6180626455399161,0.9363781564194551,SCoNE,0.1,0.5,/home/jupyter/repos/SCoNE/output/models/overdispersion_nu/train_34
1557,0.40486201436771846,0.7575842506282455,0.4250352841360761,1.0657527420017296,33,train,2,34,0.6481732577603808,0.3361168508630586,0.9847258293242294,0.3823212556064416,0.8401209236708949,0.29976680649134474,0.9360179720025525,0.277938212821579,0.4545209595592182,0.6112317824425114,0.9363781564194551,SCoNE,0.1,0.5,/home/jupyter/repos/SCoNE/output/models/overdispersion_nu/train_34
1558,0.5150782119628926,0.7970200227626043,0.4229970890313195,1.0665469054284176,34,train,2,34,0.6108699616508827,0.3523833762736432,0.9636683794725749,0.362221260879345,0.8875167797361665,0.35326181538199497,0.935742277698143,0.3020120132172795,0.44625577167011926,0.6202911337582983,0.9363781564194551,SCoNE,0.1,0.5,/home/jupyter/repos/SCoNE/output/models/overdispersion_nu/train_34
1559,0.38151936930997044,0.7490922893915084,0.43138341423004334,1.0725965073466517,35,train,2,34,0.6345831223219298,0.31419435189731487,0.9550569568328333,0.37531599970216883,0.8217831423128417,0.3362302085687261,0.9253880690005553,0.2877764105904192,0.43725083620749816,0.6353456711391534,0.9363781564194551,SCoNE,0.1,0.5,/home/jupyter/repos/SCoNE/output/models/overdispersion_nu/train_34
1560,0.37676105121760645,0.6664027982736106,0.4172773178643383,1.0798553888738287,36,train,2,34,0.5483972852898052,0.3271631623231597,0.9822576487709429,0.3548735889178393,0.8085671308458472,0.3301371555487287,0.9323742427849219,0.2714416643554772,0.45157585268785155,0.6282795361859772,0.9363781564194551,SCoNE,0.1,0.5,/home/jupyter/repos/SCoNE/output/models/overdispersion_nu/train_34
1561,0.302019708095448,0.649861991128121,0.44103346340208605,1.0700319859065257,37,train,2,34,0.4690326119734737,0.27266248734786647,0.9373845796849807,0.376855746681607,0.63797460736241,0.28867111111049343,0.9308137244906117,0.2697200551443911,0.4542996950025293,0.6157322909039964,0.9363781564194551,SCoNE,0.1,0.5,/home/jupyter/repos/SCoNE/output/models/overdispersion_nu/train_34
1562,0.313882008292325,0.7004239613875759,0.44150694650732114,1.0718890922464914,38,train,2,34,0.6210744576353213,0.3528936087764164,0.9590053637614605,0.3708858478060458,0.747701148311109,0.30961269371658795,0.9326454047092092,0.2750645484510027,0.44580490806567497,0.6260841841808163,0.9363781564194551,SCoNE,0.1,0.5,/home/jupyter/repos/SCoNE/output/models/overdispersion_nu/train_34
1563,0.3977001647318142,0.7464639821734123,0.4355138917146414,1.0687337433067554,39,train,2,34,0.5250866892506817,0.30060532838634874,0.9481850580065093,0.3649088651992399,0.8463704445721298,0.3268312675225339,0.9391482584699428,0.2816844697565884,0.45500509001650824,0.6137286532902472,0.9363781564194551,SCoNE,0.1,0.5,/home/jupyter/repos/SCoNE/output/models/overdispersion_nu/train_34
1564,0.4587753766321512,0.7747944682142975,0.428237728350467,1.0713534874079305,40,train,2,34,0.5548680385927793,0.3076995937479046,0.9401170027491185,0.3565467668862016,0.8847538415301661,0.3255687317301127,0.9561347838852622,0.2696133900487555,0.44259886366681495,0.6287546237411156,0.9363781564194551,SCoNE,0.1,0.5,/home/jupyter/repos/SCoNE/output/models/overdispersion_nu/train_34
1565,0.5024526498565743,0.8046410673164742,0.428077401234644,1.0680107453274101,41,train,2,34,0.5621994197866722,0.36279322284314497,0.936491486860255,0.3581986488029512,0.894688029284724,0.3394694641664047,0.9313793112906397,0.26159900764732513,0.446653715817498,0.6213570295099121,0.9363781564194551,SCoNE,0.1,0.5,/home/jupyter/repos/SCoNE/output/models/overdispersion_nu/train_34
1566,0.3417281388954463,0.6794345578419624,0.4276283925168077,1.0777288207049076,42,train,2,34,0.5278219423778955,0.3402159866738361,0.969292472631017,0.380312857783322,0.7986436915049363,0.30224376492111377,0.8991678618534201,0.28872168203779014,0.4504384592854167,0.6272903614194909,0.9363781564194551,SCoNE,0.1,0.5,/home/jupyter/repos/SCoNE/output/models/overdispersion_nu/train_34
1567,0.3675081054917348,0.6756542364712591,0.42004111258114385,1.0828253811670208,43,train,2,34,0.47849165185489884,0.32215436638505707,0.9715926389298151,0.3600817829008006,0.822529569762095,0.31762297084118674,0.90807664283605,0.30411162563754085,0.44479527505494265,0.638030106112078,0.9363781564194551,SCoNE,0.1,0.5,/home/jupyter/repos/SCoNE/output/models/overdispersion_nu/train_34
1568,0.47710439399667287,0.7872518344594561,0.4228873567507535,1.064379633495073,44,train,2,34,0.6823945862928712,0.33736018146336805,0.9830383243578806,0.352968710357678,0.8924861322879643,0.32310705689793123,0.9505698579038605,0.2671037696670846,0.45406012705370824,0.6103195064413649,0.9363781564194551,SCoNE,0.1,0.5,/home/jupyter/repos/SCoNE/output/models/overdispersion_nu/train_34
1569,0.47964367112012746,0.7883318994388228,0.4165682344011598,1.0741956330344673,45,train,2,34,0.6380078586405793,0.3549302420293401,0.9691880676450705,0.35183103138538646,0.9011630417068978,0.33951865180849217,0.981502132222274,0.31086203269504376,0.43987669435362675,0.6343189386808405,0.9363781564194551,SCoNE,0.1,0.5,/home/jupyter/repos/SCoNE/output/models/overdispersion_nu/train_34
1570,0.5194981928218492,0.8050343128446116,0.42349053012886934,1.0660819177964085,46,train,2,34,0.5957362577448587,0.3522904397219396,0.9422583387718158,0.36124753025431355,0.9120658240384893,0.3417876464429387,0.9539018028533185,0.26834446445704835,0.4491860149504412,0.6168959028459673,0.9363781564194551,SCoNE,0.1,0.5,/home/jupyter/repos/SCoNE/output/models/overdispersion_nu/train_34
1571,0.35822572893114385,0.6984554048529816,0.4298296993110044,1.0796666794742946,47,train,2,34,0.5285266619734111,0.3340674622879827,0.9520729873353257,0.3722199909274406,0.7852415668433362,0.3068906928686654,0.9382887681519733,0.28796449071596286,0.448434310864836,0.6312323686094585,0.9363781564194551,SCoNE,0.1,0.5,/home/jupyter/repos/SCoNE/output/models/overdispersion_nu/train_34
1572,0.4958077394640547,0.7934755460540559,0.42532614417509246,1.0671367009230324,48,train,2,34,0.5591460238853384,0.3450442670396125,0.9423247800767004,0.36778198305263743,0.8767789631627895,0.3489123268748269,0.9308021891073364,0.2562102802803887,0.4451170140702536,0.6220196868527788,0.9363781564194551,SCoNE,0.1,0.5,/home/jupyter/repos/SCoNE/output/models/overdispersion_nu/train_34
1573,0.5367686725713098,0.8103591846251614,0.42275493298989714,1.0655856415678315,49,train,2,34,0.6534839307582724,0.33878763538135603,0.9680475514708095,0.37631189979698854,0.9168726993075641,0.3452177109677826,0.9425969666872028,0.2654285839662705,0.4469994151146604,0.6185862264531712,0.9363781564194551,SCoNE,0.1,0.5,/home/jupyter/repos/SCoNE/output/models/overdispersion_nu/train_34
1574,0.4089421637154632,0.7505857366682406,0.43622733604374436,1.0347125313803607,0,train,0,9,0.5571871429807791,0.37267147672941325,0.9332688084652503,0.35292825191890614,0.8071203600126158,0.33206949153850457,0.9516383664014396,0.2605404603354568,0.440302803474464,0.5944097279058967,0.9287460931989207,SCoNE,0.01,0.0,/home/jupyter/repos/SCoNE/output/models/overdispersion_nu/train_9
1575,0.44275995532157214,0.7702095231941638,0.4329901066340272,1.0326750527454587,1,train,0,9,0.6269459035540028,0.34045362806826907,0.9539359176799094,0.3647748940043802,0.8695508839769264,0.34345066118457546,0.9848486676318368,0.25989475320693417,0.43174931682506895,0.6009257359203898,0.9287460931989207,SCoNE,0.01,0.0,/home/jupyter/repos/SCoNE/output/models/overdispersion_nu/train_9
1576,0.31183207044486294,0.6511334226810438,0.4438617032914042,1.0427492291647515,2,train,0,9,0.5351060881001656,0.35111031355603395,0.9352218964109199,0.3511052213332598,0.7475195817744732,0.33868293979676567,0.9674602585695011,0.282013185495717,0.432908333058262,0.6098408961064896,0.9287460931989207,SCoNE,0.01,0.0,/home/jupyter/repos/SCoNE/output/models/overdispersion_nu/train_9
1577,0.560029594853348,0.816060437341766,0.417611162575434,1.0309462301907204,3,train,0,9,0.6695350046733392,0.3527418765871623,0.963285308784382,0.36290773481964933,0.9310021515281285,0.3505413814013276,0.9778667318453601,0.26986937772736863,0.43349451279120416,0.5974517173995163,0.9287460931989207,SCoNE,0.01,0.0,/home/jupyter/repos/SCoNE/output/models/overdispersion_nu/train_9
1578,0.39915086111927717,0.6937860665853718,0.42071887530970786,1.0518415526909985,4,train,0,9,0.4607953865890001,0.31592424175544265,0.9683187440302367,0.3777729060209427,0.8247305885320461,0.3213669906325486,0.9378699752147011,0.2691290112584439,0.4302678694282742,0.6215736832627243,0.9287460931989207,SCoNE,0.01,0.0,/home/jupyter/repos/SCoNE/output/models/overdispersion_nu/train_9
1579,0.5292611334118792,0.7997816202180199,0.4183622081072143,1.0313948913215474,5,train,0,9,0.6927843442621273,0.3645442740502164,0.9715734802194305,0.3773351124375212,0.9221236560889137,0.32677533460521674,0.9797037279356052,0.2699299701054739,0.43248076758003107,0.5989141237415163,0.9287460931989207,SCoNE,0.01,0.0,/home/jupyter/repos/SCoNE/output/models/overdispersion_nu/train_9
1580,0.3185659097343583,0.6619215008481975,0.4413888238785673,1.0395768851187612,6,train,0,9,0.501683243294204,0.35114828258471564,0.9344264020105434,0.35416295648909185,0.7103601610057284,0.2920772258197498,0.9575735754547198,0.2670005379374577,0.4415288944133282,0.598047990705433,0.9287460931989207,SCoNE,0.01,0.0,/home/jupyter/repos/SCoNE/output/models/overdispersion_nu/train_9
1581,0.5657976725297026,0.8116625706983137,0.4138114327757416,1.0310651694720916,7,train,0,9,0.6298175956420446,0.35217473333714994,0.9631783665743968,0.3629318208929287,0.8955784911764872,0.36262081561145787,0.9719764925574623,0.26866970933352957,0.43446744172028634,0.5965977277518052,0.9287460931989207,SCoNE,0.01,0.0,/home/jupyter/repos/SCoNE/output/models/overdispersion_nu/train_9
1582,0.48723975174033507,0.7840878873632943,0.42361630609768564,1.0334404241340502,8,train,0,9,0.5983279568780795,0.32255200812893103,0.9600457038641771,0.38783342080919747,0.8914916930676887,0.3266024762169263,0.9743371727830858,0.2756532589826028,0.4359432731805868,0.5974971509534635,0.9287460931989207,SCoNE,0.01,0.0,/home/jupyter/repos/SCoNE/output/models/overdispersion_nu/train_9
1583,0.5362898269419641,0.8068752477666272,0.4241263948901375,1.028827655491606,9,train,0,9,0.6471466931174569,0.3548807988764638,0.9597260471999711,0.365619717349283,0.8929112290734622,0.340271082695713,0.9668775729999979,0.27054866563277924,0.44171300470335917,0.5871146507882469,0.9287460931989207,SCoNE,0.01,0.0,/home/jupyter/repos/SCoNE/output/models/overdispersion_nu/train_9
1584,0.4022580321945126,0.6997384595182041,0.42359631120522734,1.0482055150642149,10,train,0,9,0.46811434014344583,0.3377535894822799,0.967001802640996,0.3515805902588138,0.8056217011565739,0.3434781560386262,0.9325992044502075,0.2748519366850639,0.43904420356093005,0.6091613115032848,0.9287460931989207,SCoNE,0.01,0.0,/home/jupyter/repos/SCoNE/output/models/overdispersion_nu/train_9
1585,0.5501710139329102,0.8120804084308116,0.4160179632645525,1.0301803731941348,11,train,0,9,0.6310925078008871,0.35125848854817704,0.9500928398548774,0.35408589178506666,0.9075851304365382,0.3657961736817689,0.9716954580746682,0.2504499757662671,0.4346212416049569,0.5955591315891778,0.9287460931989207,SCoNE,0.01,0.0,/home/jupyter/repos/SCoNE/output/models/overdispersion_nu/train_9
1586,0.36359941857339717,0.7036833757343486,0.44182740755580757,1.0409103184786652,12,train,0,9,0.5195693935651472,0.3513067740781503,0.9150092948290288,0.3803958514509531,0.8042052821597828,0.3453205114184965,0.9670335290083214,0.28330956056897255,0.4315358074303211,0.6093745110483441,0.9287460931989207,SCoNE,0.01,0.0,/home/jupyter/repos/SCoNE/output/models/overdispersion_nu/train_9
1587,0.3404779486127266,0.6604567259352783,0.43488465535050475,1.045426183215528,13,train,0,9,0.429124300025713,0.33744735941168,0.950681842111956,0.377628061059892,0.7191672448639583,0.31129778372389905,0.9321952636297044,0.283321494292767,0.4428511966865662,0.6025749865289618,0.9287460931989207,SCoNE,0.01,0.0,/home/jupyter/repos/SCoNE/output/models/overdispersion_nu/train_9
1588,0.4649012576540137,0.7782908362543466,0.4299440557023129,1.032372278772888,14,train,0,9,0.6719303118247594,0.3427789740385847,0.9744805702028158,0.36154501292248775,0.861261454170933,0.31763680662160515,0.968928839986759,0.2973506522121987,0.44105446684480504,0.5913178119280829,0.9287460931989207,SCoNE,0.01,0.0,/home/jupyter/repos/SCoNE/output/models/overdispersion_nu/train_9
1589,0.336213904865169,0.6617218946238559,0.43101754571274964,1.0392352541361218,15,train,0,9,0.554972884507832,0.34572125492941813,0.9411370850709097,0.35664919248594384,0.7616119522867807,0.31772061593722684,0.9862975201497556,0.26509414200391607,0.43330766771228274,0.6059275864238391,0.9287460931989207,SCoNE,0.01,0.0,/home/jupyter/repos/SCoNE/output/models/overdispersion_nu/train_9
1590,0.5107231767212469,0.8017168827082585,0.42148713050527187,1.0323912392495327,16,train,0,9,0.6003426430877173,0.3680540439914535,0.9478635303994251,0.3665788561826348,0.9110487398504519,0.3528778847583386,0.9772936615232267,0.2942375790917959,0.4367982607416009,0.5955929785079317,0.9287460931989207,SCoNE,0.01,0.0,/home/jupyter/repos/SCoNE/output/models/overdispersion_nu/train_9
1591,0.4336108936382076,0.7480258017986753,0.42464511589328546,1.0397152069144129,17,train,0,9,0.6487660590453863,0.37459680527881745,0.97333827248517,0.3780190675290104,0.8418059351534828,0.3228543028681786,0.9645417375216943,0.2672926245974243,0.4381357117426715,0.6015794951717414,0.9287460931989207,SCoNE,0.01,0.0,/home/jupyter/repos/SCoNE/output/models/overdispersion_nu/train_9
1592,0.5036378366944576,0.791230813640725,0.42584176577662525,1.0359905245258996,18,train,0,9,0.5625041513298386,0.33886686799060856,0.9360430086975642,0.3587553716475633,0.9168167325376766,0.3250534434530073,0.9772626662376114,0.2752595558137876,0.43234104589640254,0.603649478629497,0.9287460931989207,SCoNE,0.01,0.0,/home/jupyter/repos/SCoNE/output/models/overdispersion_nu/train_9
1593,0.31726267982222384,0.5807563494647022,0.417256543164288,1.0461055576789489,19,train,0,9,0.4535922891493126,0.2798523360172125,0.9754064622955011,0.3494469677886009,0.741091407718983,0.29994532765196014,0.972898899871862,0.297111087488029,0.44226884086133367,0.6038367168176152,0.9287460931989207,SCoNE,0.01,0.0,/home/jupyter/repos/SCoNE/output/models/overdispersion_nu/train_9
1594,0.453947275179445,0.7728112435517588,0.436896699065928,1.031269540387167,20,train,0,9,0.5698711388894631,0.35075947186322465,0.9217271158695464,0.3456596204363802,0.8532443548931806,0.3107040040904197,0.9856523037619491,0.2768017794326484,0.4350498274747002,0.5962197129124668,0.9287460931989207,SCoNE,0.01,0.0,/home/jupyter/repos/SCoNE/output/models/overdispersion_nu/train_9
1595,0.3615219927797524,0.6974199598530475,0.43715642017711376,1.0365834330899986,21,train,0,9,0.5346857396213761,0.319694925895042,0.9523473467466675,0.38029524776220014,0.8272378762825756,0.3370026660555724,0.9585872899396021,0.2637738989560732,0.43678444693117485,0.5997989861588237,0.9287460931989207,SCoNE,0.01,0.0,/home/jupyter/repos/SCoNE/output/models/overdispersion_nu/train_9
1596,0.43447576086361606,0.7519183277738671,0.4269009118857763,1.033107819659867,22,train,0,9,0.6201002141031005,0.3493935162217995,0.9678497726060548,0.3408272041539668,0.8390933357877546,0.3219734715584991,0.9719142883698673,0.25494294785890936,0.4355176754461582,0.5975901442137088,0.9287460931989207,SCoNE,0.01,0.0,/home/jupyter/repos/SCoNE/output/models/overdispersion_nu/train_9
1597,0.37764577647062975,0.6901684022487544,0.4311033836385984,1.045381078232606,23,train,0,9,0.5113524872858128,0.3110712187632393,0.9702938623001673,0.3465925359935698,0.7854932352452882,0.3276176567570424,0.9289802877902014,0.2798730507520334,0.4374799946634186,0.6079010835691876,0.9287460931989207,SCoNE,0.01,0.0,/home/jupyter/repos/SCoNE/output/models/overdispersion_nu/train_9
1598,0.353601667229417,0.6512339599469711,0.427773124699627,1.0432465104551571,24,train,0,9,0.5123340726879301,0.338995837771779,0.9694593308827297,0.34142917010811197,0.7324785841207168,0.30091981602471857,0.9602942894717994,0.26469029164037233,0.4414589270102841,0.6017875834448732,0.9287460931989207,SCoNE,0.01,0.0,/home/jupyter/repos/SCoNE/output/models/overdispersion_nu/train_9
1599,0.45380052221734335,0.7744738794554843,0.44248452124433174,1.0314205929589852,25,train,0,9,0.598249197297465,0.3673142919970098,0.9378987379095175,0.3558859605947637,0.8550869543985384,0.3498725200455101,0.9737194167205667,0.29031340132616135,0.4340409365585388,0.5973796564004465,0.9287460931989207,SCoNE,0.01,0.0,/home/jupyter/repos/SCoNE/output/models/overdispersion_nu/train_9
1600,0.5497349699498968,0.8027990096520811,0.42363566067670066,1.0314845569508795,26,train,0,9,0.6558168811583078,0.3643137553843141,0.9718625880085457,0.38288918079653683,0.9224820903317948,0.34560159606135454,0.9793412218576997,0.27541028852915694,0.43592065961205273,0.5955638973388268,0.9287460931989207,SCoNE,0.01,0.0,/home/jupyter/repos/SCoNE/output/models/overdispersion_nu/train_9
1601,0.4639369033254743,0.7712885657787537,0.43827200108885817,1.0301189349808952,27,train,0,9,0.5765583787307189,0.3529079004141261,0.9376481000140442,0.3576034366174338,0.8651261283578716,0.32327027091976196,0.9780813749668826,0.2634509757156306,0.43661903912684874,0.5934998958540464,0.9287460931989207,SCoNE,0.01,0.0,/home/jupyter/repos/SCoNE/output/models/overdispersion_nu/train_9
1602,0.4501444183728949,0.7740959277641805,0.4330976504278585,1.0321856714143065,28,train,0,9,0.6447094160176701,0.35162033253310226,0.9716237046595346,0.3521714369307864,0.836796630216193,0.30580532639865465,0.9531281653394401,0.2643569983943147,0.4420450868802389,0.5901405845340677,0.9287460931989207,SCoNE,0.01,0.0,/home/jupyter/repos/SCoNE/output/models/overdispersion_nu/train_9
1603,0.3625975374926129,0.6707703385629278,0.4338915619613208,1.0436990496970207,29,train,0,9,0.5078133690668787,0.3330660871893922,0.9615836162764088,0.3639474113752976,0.740698716583464,0.32928552288697793,0.9640767702051765,0.2886132719705214,0.43670143700026715,0.6069976126967535,0.9287460931989207,SCoNE,0.01,0.0,/home/jupyter/repos/SCoNE/output/models/overdispersion_nu/train_9
1604,0.3304534179964347,0.6910908032682764,0.4488160523512301,1.042086585521644,30,train,0,9,0.5418775596888263,0.3281072797536168,0.9097904720778246,0.35109552483503664,0.7379708053030616,0.3011929708735999,0.9689637107848788,0.25859451876402567,0.43162042165981884,0.610466163861825,0.9287460931989207,SCoNE,0.01,0.0,/home/jupyter/repos/SCoNE/output/models/overdispersion_nu/train_9
1605,0.4303445483087891,0.7545607187537908,0.43019463803619634,1.0329689137535845,31,train,0,9,0.6640271727592092,0.34013117589376696,0.9729532878437134,0.3507216397737358,0.8358765955226564,0.3514976059056871,0.9738583908302443,0.28886507953798973,0.4323468389741321,0.6006220747794523,0.9287460931989207,SCoNE,0.01,0.0,/home/jupyter/repos/SCoNE/output/models/overdispersion_nu/train_9
1606,0.38172506604281137,0.674729423195503,0.42749104605252847,1.044440512720394,32,train,0,9,0.47669948893319014,0.314846761536526,0.9530303910210424,0.36862457074309485,0.7803886876706035,0.3165945235912402,0.9565416982492085,0.2800101440575432,0.4350498955690826,0.6093906171513115,0.9287460931989207,SCoNE,0.01,0.0,/home/jupyter/repos/SCoNE/output/models/overdispersion_nu/train_9
1607,0.5080487429811704,0.7986993728359877,0.42296197493520404,1.029360918694029,33,train,0,9,0.6232079495483283,0.36324611271287466,0.9560540912146179,0.3755596512402958,0.8866972566045593,0.3366241353111095,0.9609160091879079,0.2749014537306826,0.4403076641502631,0.5890532545437659,0.9287460931989207,SCoNE,0.01,0.0,/home/jupyter/repos/SCoNE/output/models/overdispersion_nu/train_9
1608,0.5081040928777728,0.796400780712922,0.4219916485639146,1.0339409479369452,34,train,0,9,0.5906435426084742,0.3605959931775229,0.9540545646571673,0.3545267881614075,0.9183009931326123,0.36273035526459063,0.9783855250716005,0.30527571256389413,0.43259163454916777,0.6013493133877775,0.9287460931989207,SCoNE,0.01,0.0,/home/jupyter/repos/SCoNE/output/models/overdispersion_nu/train_9
1609,0.4325743379111137,0.7523601729793761,0.42998682358330614,1.031943323012834,35,train,0,9,0.715532876836227,0.33737417073620146,0.9840184880272326,0.3749002191520138,0.8217143739343526,0.3538617017010789,0.9636073014992561,0.27609369976971354,0.4339700947725225,0.5979732282403116,0.9287460931989207,SCoNE,0.01,0.0,/home/jupyter/repos/SCoNE/output/models/overdispersion_nu/train_9
1610,0.3942114316782785,0.6903210334782877,0.4230621393925762,1.0529198402822353,36,train,0,9,0.4310108383588947,0.32881491134126395,0.969259561312129,0.3499406081466519,0.8035853927065131,0.3300038160626293,0.9432630439875879,0.27839462154808364,0.43445652981332217,0.6184633104689131,0.9287460931989207,SCoNE,0.01,0.0,/home/jupyter/repos/SCoNE/output/models/overdispersion_nu/train_9
1611,0.5343996372981598,0.7992341903497231,0.429149390869843,1.0341695069210903,37,train,0,9,0.5793400097223045,0.3180238395564318,0.9198776307546732,0.36514204575653936,0.9282197753154889,0.35346694204055057,0.9783402127463107,0.28589439832338537,0.42954696101969414,0.6046225459013963,0.9287460931989207,SCoNE,0.01,0.0,/home/jupyter/repos/SCoNE/output/models/overdispersion_nu/train_9
1612,0.45736056117975654,0.7810057766995695,0.4368145606837871,1.0348691521694335,38,train,0,9,0.5977370481386384,0.3659720677965298,0.9246515395734065,0.3519483899381043,0.87868366781871,0.3388837737348071,0.9775555518560848,0.27240665657493485,0.4299092413301572,0.6049599108392762,0.9287460931989207,SCoNE,0.01,0.0,/home/jupyter/repos/SCoNE/output/models/overdispersion_nu/train_9
1613,0.562104281829818,0.8143216262010242,0.4246701451431894,1.0304992106171504,39,train,0,9,0.5803625757832961,0.3279537101754416,0.9267963457708563,0.3491053395550781,0.903841218059817,0.3645418107486414,0.9746869991674871,0.2764026762877851,0.436328982514306,0.5941702281028445,0.9287460931989207,SCoNE,0.01,0.0,/home/jupyter/repos/SCoNE/output/models/overdispersion_nu/train_9
1614,0.5561786408685916,0.8125575670247716,0.42304957369654644,1.0317066590398976,40,train,0,9,0.5865020810656291,0.33807857180999223,0.9313575151590621,0.3502714869460995,0.9150440462831433,0.3547567970548194,0.9770850660882523,0.2598473606557075,0.4345519159213365,0.5971547431185611,0.9287460931989207,SCoNE,0.01,0.0,/home/jupyter/repos/SCoNE/output/models/overdispersion_nu/train_9
1615,0.5011935515158523,0.7885367782996575,0.4241827946672828,1.0380433158792106,41,train,0,9,0.5464494836483,0.3544336825230097,0.9277988043047705,0.3552969778808314,0.9141888384204312,0.35657587965554605,0.9742386459147392,0.2707792846014529,0.42955893099122544,0.6084843848879852,0.9287460931989207,SCoNE,0.01,0.0,/home/jupyter/repos/SCoNE/output/models/overdispersion_nu/train_9
1616,0.5230265741785324,0.7908473357768587,0.4185165549321022,1.0297070707021503,42,train,0,9,0.7142337319313623,0.3372230387490175,0.9807512792662364,0.3746088822549909,0.8900120754143067,0.3399079019919858,0.9735628800590175,0.27937091398189196,0.43354548767245843,0.5961615830296918,0.9287460931989207,SCoNE,0.01,0.0,/home/jupyter/repos/SCoNE/output/models/overdispersion_nu/train_9
1617,0.3840112618882064,0.6887683585977828,0.4277093567896907,1.0536967916980378,43,train,0,9,0.38432079076022685,0.32369698429093846,0.9297420570046189,0.3506845451095388,0.8142777284670947,0.31852157229774725,0.9387547699343323,0.3036532294597126,0.43096900606508315,0.6227277856329545,0.9287460931989207,SCoNE,0.01,0.0,/home/jupyter/repos/SCoNE/output/models/overdispersion_nu/train_9
1618,0.41385793231793533,0.747155455062476,0.430443378359383,1.0335744461922667,44,train,0,9,0.6615489289714079,0.32928841762636357,0.9845547134842371,0.3495201478179645,0.8322897929662452,0.3096413186514239,0.9534787269947363,0.2663033680504709,0.43925967102884483,0.5943147751634218,0.9287460931989207,SCoNE,0.01,0.0,/home/jupyter/repos/SCoNE/output/models/overdispersion_nu/train_9
1619,0.502354464358618,0.8012777490773682,0.43154646520976336,1.0340271106871164,45,train,0,9,0.5748389428841912,0.3499065967110447,0.9221783272436195,0.3417584115454953,0.9124127724794698,0.3525894615923435,0.9810378549854181,0.2992004592993114,0.431124540475728,0.6029025702113885,0.9287460931989207,SCoNE,0.01,0.0,/home/jupyter/repos/SCoNE/output/models/overdispersion_nu/train_9
1620,0.5380078623208676,0.805388816535219,0.4243343439189683,1.0295748354596628,46,train,0,9,0.5957849351990274,0.35246048993148366,0.9313577925321946,0.3576892800577069,0.9012084683612658,0.34514957559560505,0.9665796835083065,0.2624816208411281,0.43882098521750307,0.5907538502421597,0.9287460931989207,SCoNE,0.01,0.0,/home/jupyter/repos/SCoNE/output/models/overdispersion_nu/train_9
1621,0.5234058990881543,0.8014076171761491,0.42545991187352733,1.031565982631989,47,train,0,9,0.6292566731347206,0.34281198834976656,0.9477317922622145,0.3610027363467502,0.8879216045287883,0.3499782984838757,0.9727607527901677,0.27434283459056846,0.43235673644772354,0.5992092461842654,0.9287460931989207,SCoNE,0.01,0.0,/home/jupyter/repos/SCoNE/output/models/overdispersion_nu/train_9
1622,0.4646385520775267,0.7716483416401513,0.4354331784094134,1.0317471650436625,48,train,0,9,0.5652351279581692,0.3590000242578785,0.9323631244803741,0.3608453375339769,0.8611046243650194,0.35806315344623274,0.9697514060940403,0.26113196088154234,0.434344876225814,0.5974022888178484,0.9287460931989207,SCoNE,0.01,0.0,/home/jupyter/repos/SCoNE/output/models/overdispersion_nu/train_9
1623,0.40638921848876697,0.7634265499391074,0.44405687710907465,1.0331943498665868,49,train,0,9,0.6231641186317597,0.33985741368738936,0.9406898529501991,0.3652156397433939,0.8358221114804462,0.3382938750478865,0.9694159208187776,0.2597235227110388,0.43578233063092353,0.5974120192356632,0.9287460931989207,SCoNE,0.01,0.0,/home/jupyter/repos/SCoNE/output/models/overdispersion_nu/train_9
