,ari,sim_W,sim_W_null,tuning_metric,run,split,sim_id,job_id,sim_H_G,sim_H_G_null,sim_U_G,sim_U_G_null,sim_H_C,sim_H_C_null,sim_U_C,sim_U_C_null,rel_error_G,rel_error_C,coph_corr,run_name,lambda_option,signed_cov_effects,out_path
0,0.0,0.33333333333333326,0.33333333333333326,-0.0,0,tune,0,2,,,,,,,,,,,,MVBC,0.0,True,/home/jupyter/repos/SCoNE/output/models/signed_cov_effects/tune_2
1,0.1632158451696334,0.5241666666666666,0.33227499999999993,-0.1632158451696334,0,tune,0,3,,,,,,,,,,,,MVBC,0.001,True,/home/jupyter/repos/SCoNE/output/models/signed_cov_effects/tune_3
2,0.2293595001491653,0.5841666666666665,0.33251666666666657,-0.2293595001491653,0,tune,0,6,,,,,,,,,,,,MVBC,1.0,True,/home/jupyter/repos/SCoNE/output/models/signed_cov_effects/tune_6
3,0.0026248512574246837,0.3633333333333333,0.3319833333333333,-0.0026248512574246837,0,tune,0,5,,,,,,,,,,,,MVBC,0.1,True,/home/jupyter/repos/SCoNE/output/models/signed_cov_effects/tune_5
4,0.008288631184423472,0.38083333333333325,0.33252499999999985,-0.008288631184423472,0,tune,0,4,,,,,,,,,,,,MVBC,0.01,True,/home/jupyter/repos/SCoNE/output/models/signed_cov_effects/tune_4
5,0.0,0.33333333333333326,0.33333333333333326,-0.0,0,tune,1,14,,,,,,,,,,,,MVBC,0.0,False,/home/jupyter/repos/SCoNE/output/models/signed_cov_effects/tune_14
6,0.0,0.33333333333333326,0.33333333333333326,-0.0,0,tune,1,15,,,,,,,,,,,,MVBC,0.001,False,/home/jupyter/repos/SCoNE/output/models/signed_cov_effects/tune_15
7,0.0,0.33333333333333326,0.33333333333333326,-0.0,0,tune,1,16,,,,,,,,,,,,MVBC,0.01,False,/home/jupyter/repos/SCoNE/output/models/signed_cov_effects/tune_16
8,0.0,0.33333333333333326,0.33333333333333326,-0.0,0,tune,1,17,,,,,,,,,,,,MVBC,0.1,False,/home/jupyter/repos/SCoNE/output/models/signed_cov_effects/tune_17
9,0.0024411631177444467,0.36321302106949044,0.308524288218854,-0.0024411631177444467,0,tune,1,18,,,,,,,,,,,,MVBC,1.0,False,/home/jupyter/repos/SCoNE/output/models/signed_cov_effects/tune_18
10,0.005577129545420791,0.3905866367404111,0.3798982590657245,1.693915905916226,0,tune,0,10,0.027916570753587073,0.15140076372264194,0.4390982264233917,0.0866070404531842,0.019390063174657548,0.06225399987012249,0.5342600537205819,-0.06969910268158025,1.4077995100144736,0.28611639590175253,0.7690856893699007,SCoNE,0.1,True,/home/jupyter/repos/SCoNE/output/models/signed_cov_effects/tune_10
11,0.0,0.0,0.0,2.925130479791843,1,tune,0,10,0.0,0.0,0.5037381480981401,0.1015763720661755,0.0,0.0,0.45305352675708405,-0.0596945486238393,1.1515655424020546,1.7735649373897886,0.7690856893699007,SCoNE,0.1,True,/home/jupyter/repos/SCoNE/output/models/signed_cov_effects/tune_10
12,0.003062909233039732,0.30276045636799953,0.27621155598885744,1.7383543723218926,2,tune,0,10,0.20011026319309808,0.08778250076357239,0.45304987320512596,0.09673992078409505,0.0,0.1350523613946634,0.3821486843032613,-0.06703952438555352,1.160159912985347,0.5781944593365455,0.7690856893699007,SCoNE,0.1,True,/home/jupyter/repos/SCoNE/output/models/signed_cov_effects/tune_10
13,0.0,0.0,0.0,2.123253405415528,3,tune,0,10,0.0,0.0,0.46474004965634835,0.07205116446224301,0.0,0.0,0.47160746483858607,-0.08425067277523227,1.6833847577156855,0.4398686476998426,0.7690856893699007,SCoNE,0.1,True,/home/jupyter/repos/SCoNE/output/models/signed_cov_effects/tune_10
14,0.006968970222136876,0.2339510125440575,0.21241642013938755,2.4029916766796107,4,tune,0,10,0.02210415909303456,0.10801475611366165,0.43193914764765323,0.055875600230226016,0.029665983236829018,0.13529272126284722,0.5063990180058999,-0.05409163672991785,2.08417032828225,0.3188213483973607,0.7690856893699007,SCoNE,0.1,True,/home/jupyter/repos/SCoNE/output/models/signed_cov_effects/tune_10
15,0.0018934848776633625,0.239844906349678,0.22152225620874413,1.477321755251554,5,tune,0,10,0.1343677527238933,0.09411868477167834,0.45225654603484766,0.06244185337571784,0.09738738225297026,0.11370466533118594,0.49870596026221437,-0.05596877940107151,0.958998936608078,0.5183228186434762,0.7690856893699007,SCoNE,0.1,True,/home/jupyter/repos/SCoNE/output/models/signed_cov_effects/tune_10
16,0.1215808262536466,0.25762207800502435,0.23086923854354682,1.5030854557438287,6,tune,0,10,0.0,0.052957125904510516,0.5534612427312027,0.13669818369766737,0.0,0.15457761848884113,0.5354568544828165,-0.019397420441424527,1.2156189741787902,0.2874664815650385,0.7690856893699007,SCoNE,0.1,True,/home/jupyter/repos/SCoNE/output/models/signed_cov_effects/tune_10
17,0.08349576972387927,0.19891559254251584,0.1697918743438577,1.8072970418334642,7,tune,0,10,0.0,0.0,0.4551982346090897,0.11005375000020282,0.060267540708409194,0.15292586937956576,0.43889166499090176,-0.07255075593499061,1.2030724412426002,0.604224600590864,0.7690856893699007,SCoNE,0.1,True,/home/jupyter/repos/SCoNE/output/models/signed_cov_effects/tune_10
18,0.0,0.0,0.0,1.463354371049503,8,tune,0,10,0.0,0.0,0.4364098029113133,0.07685410357998199,0.0,0.0,0.5284233548796735,-0.05535642208192016,1.1811988320597684,0.2821555389897346,0.7690856893699007,SCoNE,0.1,True,/home/jupyter/repos/SCoNE/output/models/signed_cov_effects/tune_10
19,0.002636180694940535,0.33228615375456344,0.2961745039665655,1.419437971738518,9,tune,0,10,0.12979115076654926,0.15648235566567373,0.4424592212284772,0.06502286824724056,0.012680025985077503,0.0585350435087469,0.5077221187572424,-0.05446673051388587,1.0342912505106465,0.3851467212278713,0.7690856893699007,SCoNE,0.1,True,/home/jupyter/repos/SCoNE/output/models/signed_cov_effects/tune_10
20,0.0005570918248094534,0.24671026156912754,0.19622092022899504,1.2972435974062966,10,tune,0,10,0.09392398578357888,0.1607604505958516,0.44836238315267396,0.0657325750095871,0.0,0.1284654899527341,0.47544459519998905,-0.06825906141811512,0.8647935288273868,0.4324500685789097,0.7690856893699007,SCoNE,0.1,True,/home/jupyter/repos/SCoNE/output/models/signed_cov_effects/tune_10
21,0.0013948444131436058,0.21480323168137186,0.1693719654330691,1.425415319041475,11,tune,0,10,0.06444401876747534,0.04552656696316988,0.44964586085860364,0.08615562566231912,0.14018495343008644,0.09790005068179523,0.515809849968743,-0.07962566715448714,1.111052143312952,0.3143631757285228,0.7690856893699007,SCoNE,0.1,True,/home/jupyter/repos/SCoNE/output/models/signed_cov_effects/tune_10
22,0.0,0.0,0.0,1.4816143632188836,12,tune,0,10,0.0,0.0,0.528834421938971,0.1198330777378772,0.0,0.0,0.5146866885021607,-0.06030724145420419,1.1467006062050729,0.3349137570138108,0.7690856893699007,SCoNE,0.1,True,/home/jupyter/repos/SCoNE/output/models/signed_cov_effects/tune_10
23,0.012841761618415496,0.37002064318703026,0.3541395533243793,1.834197759093691,13,tune,0,10,0.1395733983460709,0.10424590113046181,0.42759284700643,0.06340284970444014,0.007207812199248363,0.09005171225987799,0.4734152054318169,-0.04930627631148479,1.274999456117074,0.5591983029766171,0.7690856893699007,SCoNE,0.1,True,/home/jupyter/repos/SCoNE/output/models/signed_cov_effects/tune_10
24,0.00846158092171595,0.34050416265620226,0.32279070654752684,1.6181530493634095,14,tune,0,10,0.12114111266317618,0.11022715288661157,0.442178455193642,0.09644132187562723,0.08440330455989555,0.07698439082919745,0.5138674980681437,-0.04705616681037075,1.274511253390423,0.34364179597298655,0.7690856893699007,SCoNE,0.1,True,/home/jupyter/repos/SCoNE/output/models/signed_cov_effects/tune_10
25,0.008319424193397526,0.39822536922180163,0.3928385702268111,1.3765167320748584,15,tune,0,10,0.061781059717726176,0.1795528163822427,0.46177752216226664,0.08838566744463555,0.1264384574673225,0.07295443666996683,0.4240515136413957,-0.05052533171319913,0.8902141177002972,0.48630261437456107,0.7690856893699007,SCoNE,0.1,True,/home/jupyter/repos/SCoNE/output/models/signed_cov_effects/tune_10
26,0.02927562178417932,0.19050922175156887,0.16297125494754583,2.006583241847122,16,tune,0,10,0.0,0.03029961276550045,0.44800525099173516,0.08637662641572576,0.1638572886338916,0.064324633712472,0.5185742523349669,-0.0737339596574546,1.6907201098633353,0.3158631319837864,0.7690856893699007,SCoNE,0.1,True,/home/jupyter/repos/SCoNE/output/models/signed_cov_effects/tune_10
27,0.0013820919861323644,0.23192140814457282,0.2155678545499175,1.7481838144146211,17,tune,0,10,0.14011712324659226,0.11152744545165152,0.4463169033240759,0.08761618310855673,0.07525058972956983,0.11143436158615191,0.4619406443993776,-0.04435427655118067,1.4058017864883265,0.3423820279262946,0.7690856893699007,SCoNE,0.1,True,/home/jupyter/repos/SCoNE/output/models/signed_cov_effects/tune_10
28,0.0,0.0,0.0,1.4121346332442657,18,tune,0,10,0.0,0.0,0.4337728147161281,0.10858490994350908,0.0,0.0,0.5307865345688089,-0.09086050147467083,1.1234358258432122,0.2886988074010535,0.7690856893699007,SCoNE,0.1,True,/home/jupyter/repos/SCoNE/output/models/signed_cov_effects/tune_10
29,0.06581401201994376,0.34897368104475013,0.27639093642168355,1.127793340219774,19,tune,0,10,0.10849895660613541,0.11006483721293162,0.43581408037160246,0.06959668042964849,0.164845551067351,0.07716177066681817,0.544261094209107,-0.052795067641873826,0.8530064251083046,0.2747869151114694,0.7690856893699007,SCoNE,0.1,True,/home/jupyter/repos/SCoNE/output/models/signed_cov_effects/tune_10
30,0.016803222997843717,0.4136916848376965,0.3785320224559385,1.1658653843257414,20,tune,0,10,0.15214718222349927,0.15111040200637865,0.4409537989316412,0.08135152072632668,0.0,0.10996181302776746,0.5335721391942685,-0.06430680183683428,0.8922499503023243,0.27361543402341704,0.7690856893699007,SCoNE,0.1,True,/home/jupyter/repos/SCoNE/output/models/signed_cov_effects/tune_10
31,0.005753306646343164,0.30222116573981656,0.2981865198909389,1.4455949978715505,21,tune,0,10,0.006616062989646075,0.09359296083643043,0.42721952555713766,0.05499351969165198,0.21084123323647558,0.18743657040668504,0.5371479066033399,-0.07404887940692972,1.1861514330667569,0.25944356480479364,0.7690856893699007,SCoNE,0.1,True,/home/jupyter/repos/SCoNE/output/models/signed_cov_effects/tune_10
32,0.03464896743058445,0.4197110830198982,0.3800641732404146,1.4804777200871237,22,tune,0,10,0.05851140847555565,0.13067242167014664,0.4744920506323338,0.08959816025544118,0.17373798408311567,0.14827279958518438,0.5410780655774386,-0.08189228782984363,1.2073217635556472,0.2731559565314764,0.7690856893699007,SCoNE,0.1,True,/home/jupyter/repos/SCoNE/output/models/signed_cov_effects/tune_10
33,0.0061831039897052515,0.3300291235432185,0.2750246284990842,2.9197950907691057,23,tune,0,10,0.14110500845205484,0.13789047053698525,0.4171599189327569,0.06283408001531737,0.0,0.0,0.5081015910383969,-0.06452092378954669,2.63103952345051,0.2887555673185957,0.7690856893699007,SCoNE,0.1,True,/home/jupyter/repos/SCoNE/output/models/signed_cov_effects/tune_10
34,0.01107406533591603,0.3156524818015361,0.284923617205872,2.313155622046396,24,tune,0,10,0.02372043908485494,0.13555642642084728,0.4358944856745717,0.08018312371775435,0.0,0.10840922401725264,0.4310249507313256,-0.022168251725124793,1.0610542067027349,1.2521014153436612,0.7690856893699007,SCoNE,0.1,True,/home/jupyter/repos/SCoNE/output/models/signed_cov_effects/tune_10
35,0.0,0.0,0.0,2.0195153749149255,25,tune,0,10,0.0,0.0,0.5203350527111085,0.09595217331213003,0.0,0.0,0.442896718228591,-0.039607204669478896,1.3811284203230947,0.6383869545918308,0.7690856893699007,SCoNE,0.1,True,/home/jupyter/repos/SCoNE/output/models/signed_cov_effects/tune_10
36,0.002752534348629822,0.33969138819821565,0.33272386387964026,1.3911240841884422,26,tune,0,10,0.1149550086033776,0.19749860501575348,0.4430310976752244,0.08539621688996077,0.054137761779608426,0.13189762056966126,0.5212678542179562,-0.08223869363964421,1.0833588369216058,0.3077652472668364,0.7690856893699007,SCoNE,0.1,True,/home/jupyter/repos/SCoNE/output/models/signed_cov_effects/tune_10
37,0.015993566373137307,0.25210319323219704,0.21458173880138443,2.6890323170557844,27,tune,0,10,0.003566695435309456,0.10594753323165039,0.49456780759679086,0.08059924055246259,0.011035991967801589,0.04635301166025599,0.4766658172726452,-0.05278729484002664,1.2564227654076652,1.4326095516481194,0.7690856893699007,SCoNE,0.1,True,/home/jupyter/repos/SCoNE/output/models/signed_cov_effects/tune_10
38,0.008138425337687645,0.3272445379091194,0.3193514248386747,1.1441322413704453,28,tune,0,10,0.12425511794082957,0.20133741832423763,0.448729699060597,0.0622951326742741,0.0,0.0,0.5462733520783012,-0.06422300119360695,0.859852012978295,0.28428022839215017,0.7690856893699007,SCoNE,0.1,True,/home/jupyter/repos/SCoNE/output/models/signed_cov_effects/tune_10
39,0.0030314149307271165,0.2739500629256711,0.22774842717573635,2.5274497004614984,29,tune,0,10,0.13864359718700153,0.19385498326966089,0.4284126186508894,0.06363087927556763,0.03137040682854917,0.11342942381296957,0.2732973347901756,-0.05450749282282608,1.4366372600088444,1.0908124404526538,0.7690856893699007,SCoNE,0.1,True,/home/jupyter/repos/SCoNE/output/models/signed_cov_effects/tune_10
40,0.0,0.0,0.0,2.0988510160626195,30,tune,0,10,0.0,0.0,0.4565056429389647,0.10571533317752511,0.0,0.0,0.40825896455230226,-0.09057893124790932,1.2908526695728944,0.8079983464897251,0.7690856893699007,SCoNE,0.1,True,/home/jupyter/repos/SCoNE/output/models/signed_cov_effects/tune_10
41,-0.0007522896668706043,0.13284006023435033,0.11680618458092949,2.319213832392323,31,tune,0,10,0.013093689773152997,0.07177547973405723,0.42672864893997564,0.06129420297705823,0.3240428931061061,0.2921371072299055,0.5333016233106268,-0.06783467179987075,2.0396457765635776,0.27956805582874555,0.7690856893699007,SCoNE,0.1,True,/home/jupyter/repos/SCoNE/output/models/signed_cov_effects/tune_10
42,0.013035217926555142,0.24086338934904106,0.187891985058166,1.9655614493065572,32,tune,0,10,0.03743458424739958,0.0609415864272986,0.4295621105341019,0.08019394861736422,0.02323847358419619,0.04963649327318556,0.3927514938401148,-0.04304513896509696,1.3978472320301127,0.5677142172764444,0.7690856893699007,SCoNE,0.1,True,/home/jupyter/repos/SCoNE/output/models/signed_cov_effects/tune_10
43,0.015189165111670788,0.34398460575087647,0.3382812550328023,1.59434800669885,33,tune,0,10,0.04305280504712713,0.1468898472849315,0.4344709709401497,0.07174489073254751,0.1533302266879922,0.13662862305431892,0.497610200256432,-0.07710229984004464,1.2479480408939072,0.34639996580494287,0.7690856893699007,SCoNE,0.1,True,/home/jupyter/repos/SCoNE/output/models/signed_cov_effects/tune_10
44,0.0005266080044990277,0.3836815439611779,0.3690966208219846,1.201746093151605,34,tune,0,10,0.07768223597044686,0.10672477689272576,0.433304867087796,0.06953247038165637,0.0,0.0,0.49656004815831506,-0.05661320271692123,0.884981097999184,0.3167649951524212,0.7690856893699007,SCoNE,0.1,True,/home/jupyter/repos/SCoNE/output/models/signed_cov_effects/tune_10
45,0.00021487022776199135,0.31186058418553425,0.29017211916503194,1.7557736329728084,35,tune,0,10,0.04647944536858704,0.12168208875120444,0.44756243009582614,0.07587955925078185,0.0011894495987476933,0.04801531814324063,0.4601049892753061,-0.06981464248563403,1.354425594669919,0.40134803830288945,0.7690856893699007,SCoNE,0.1,True,/home/jupyter/repos/SCoNE/output/models/signed_cov_effects/tune_10
46,0.0042352470729252875,0.21998794731746604,0.20588951017728774,2.272632271962369,36,tune,0,10,0.03249015143191019,0.10843759502519607,0.4184897424011674,0.06174868952918779,0.0,0.0,0.49242172948752216,-0.10172725244375615,1.8771206757717254,0.39551159619064324,0.7690856893699007,SCoNE,0.1,True,/home/jupyter/repos/SCoNE/output/models/signed_cov_effects/tune_10
47,0.0029837172653959833,0.28032754300304175,0.22528675627420547,1.5231024856231739,37,tune,0,10,0.22733256605471516,0.15473018144687312,0.42799992525399877,0.0822079972654967,0.0,0.09871849048840678,0.5262759490129099,-0.05936061497474196,1.2330772023103118,0.29002528331286215,0.7690856893699007,SCoNE,0.1,True,/home/jupyter/repos/SCoNE/output/models/signed_cov_effects/tune_10
48,0.0012053363666220923,0.3947927054777963,0.3582065885638726,1.1465976044211272,38,tune,0,10,0.07523327091236864,0.09746750867788981,0.4540103624893826,0.04380570295488388,0.0,0.06917030986937638,0.5289644025237042,-0.09524269908749439,0.8667371432363759,0.27986046118475133,0.7690856893699007,SCoNE,0.1,True,/home/jupyter/repos/SCoNE/output/models/signed_cov_effects/tune_10
49,0.0,0.0,0.0,1.5779733591470306,39,tune,0,10,0.0,0.0,0.4710101336057934,0.09627895279789023,0.0,0.0,0.5011030304893797,-0.058479802834813,1.259894491119405,0.3180788680276257,0.7690856893699007,SCoNE,0.1,True,/home/jupyter/repos/SCoNE/output/models/signed_cov_effects/tune_10
50,0.00044515506273600533,0.3601875407173844,0.3395143344302529,1.51817927315473,40,tune,0,10,0.03563437255112565,0.13640466470530943,0.4434516527370748,0.09030265083109892,0.04835667582364877,0.18583827171847156,0.5410705961237989,-0.04551595357195999,1.2471868055160702,0.2709924676386597,0.7690856893699007,SCoNE,0.1,True,/home/jupyter/repos/SCoNE/output/models/signed_cov_effects/tune_10
51,0.023634517742001915,0.3765715286172728,0.37046331127489807,1.7268323076509176,41,tune,0,10,0.02794251285491472,0.13878177780762627,0.4580504125448875,0.07943771023264819,0.0,0.12580636739814627,0.33312485486651733,-0.05565854710388563,1.0392285331025035,0.6876037745484139,0.7690856893699007,SCoNE,0.1,True,/home/jupyter/repos/SCoNE/output/models/signed_cov_effects/tune_10
52,-2.719484608590112e-06,0.14861416814227493,0.10546690271914935,1.6896885082278243,42,tune,0,10,0.03200548257163276,0.05296638822566401,0.4308015613085935,0.062323150855759415,0.0,0.13021487908843452,0.5348314639813898,-0.0828501275592008,1.4152256948969533,0.274462813330871,0.7690856893699007,SCoNE,0.1,True,/home/jupyter/repos/SCoNE/output/models/signed_cov_effects/tune_10
53,0.03637722480370859,0.33787901997900516,0.30135720725056403,1.448587499456178,43,tune,0,10,0.1564896479482188,0.18180911857248028,0.43097340978032916,0.038812535771151506,0.0,0.09560369682299959,0.5024744504499472,-0.04938335679126782,1.1665972384103673,0.2819902610458107,0.7690856893699007,SCoNE,0.1,True,/home/jupyter/repos/SCoNE/output/models/signed_cov_effects/tune_10
54,-0.0002851465071180952,0.2535337720679221,0.2356042176809172,1.5247024146669208,44,tune,0,10,0.3910768425232235,0.21187086836409294,0.4380894358526542,0.0838686342251655,0.0,0.09017316311199546,0.435050568416213,-0.06694440355743764,1.088139144813061,0.4365632698538598,0.7690856893699007,SCoNE,0.1,True,/home/jupyter/repos/SCoNE/output/models/signed_cov_effects/tune_10
55,0.10377519408866391,0.19168900104949552,0.13424628044034947,1.277187031277696,45,tune,0,10,0.26773382296160353,0.18500818190665044,0.42675978611269383,0.06801034939595448,0.0,0.14036813453485059,0.4934167019466838,-0.019668762298462386,0.9786740087818088,0.2985130224958874,0.7690856893699007,SCoNE,0.1,True,/home/jupyter/repos/SCoNE/output/models/signed_cov_effects/tune_10
56,0.0,0.0,0.0,1.4752738651010386,46,tune,0,10,0.0,0.0,0.4844758681686224,0.07813484133576183,0.0,0.0,0.45102595524706784,-0.0594222047491256,1.0824786157124326,0.392795249388606,0.7690856893699007,SCoNE,0.1,True,/home/jupyter/repos/SCoNE/output/models/signed_cov_effects/tune_10
57,0.001060031536806455,0.12471459565671683,0.12390417013944609,1.6359057262679384,47,tune,0,10,0.0,0.0,0.43240965690825756,0.0795901160947335,0.145015879823993,0.12208513725854124,0.46008795864006546,-0.04870420334473247,1.1141550395727515,0.521750686695187,0.7690856893699007,SCoNE,0.1,True,/home/jupyter/repos/SCoNE/output/models/signed_cov_effects/tune_10
58,-0.0001164176238726795,0.037203120221782224,0.03698202352039949,3.588091721517385,48,tune,0,10,0.07051044158086704,0.06216740107475534,0.4231850554796006,0.07478513150058451,0.39949104047070566,0.40136758531672095,0.3598304534111131,-0.06275426042340498,1.9881399966341042,1.5999517248832809,0.7690856893699007,SCoNE,0.1,True,/home/jupyter/repos/SCoNE/output/models/signed_cov_effects/tune_10
59,0.0,0.0,0.0,1.524110764893855,49,tune,0,10,0.0,0.0,0.48395610471472117,0.10839339810222189,0.0,0.0,0.5380588653954369,-0.05959046741915624,1.0836438863843856,0.4404668785094695,0.7690856893699007,SCoNE,0.1,True,/home/jupyter/repos/SCoNE/output/models/signed_cov_effects/tune_10
60,0.005903698834891801,0.2920501833504565,0.25317566225013804,1.8213941549909134,0,tune,0,11,0.09883999577998008,0.1060177022637361,0.44125142325700106,0.0882001191280197,0.0,0.09787782489434844,0.48896316796142786,-0.0734014083673861,1.4238700082586153,0.397524146732298,0.7120764766371639,SCoNE,1.0,True,/home/jupyter/repos/SCoNE/output/models/signed_cov_effects/tune_11
61,0.0,0.0,0.0,2.9251304797548925,1,tune,0,11,0.0,0.0,0.5037381480981394,0.101576372066175,0.0,0.0,0.45305352676494465,-0.05969454862297751,1.1515655424020548,1.7735649373528377,0.7120764766371639,SCoNE,1.0,True,/home/jupyter/repos/SCoNE/output/models/signed_cov_effects/tune_11
62,0.047764992465214366,0.18569745074001212,0.16282487483903071,1.803388011370063,2,tune,0,11,0.0,0.0,0.45556759959635373,0.09798933612793079,0.0725394285055093,0.1748792020865894,0.356100238815044,-0.06560220450418942,1.1738597643114959,0.6295282470585671,0.7120764766371639,SCoNE,1.0,True,/home/jupyter/repos/SCoNE/output/models/signed_cov_effects/tune_11
63,0.0,0.0,0.0,2.1232534054155034,3,tune,0,11,0.0,0.0,0.46474004965631766,0.07205116446221539,0.0,0.0,0.47160746483858607,-0.08425067277523228,1.6833847577156609,0.4398686476998425,0.7120764766371639,SCoNE,1.0,True,/home/jupyter/repos/SCoNE/output/models/signed_cov_effects/tune_11
64,0.0,0.0,0.0,3.3834800730563495,4,tune,0,11,0.0,0.0,0.43145514591592926,0.05558435996429828,0.0,0.0,0.46759430521823214,-0.05337416708941199,2.4173391184129374,0.9661409546434121,0.7120764766371639,SCoNE,1.0,True,/home/jupyter/repos/SCoNE/output/models/signed_cov_effects/tune_11
65,0.12181499878121264,0.46635387595522615,0.4290933463504752,1.4701521821506838,5,tune,0,11,0.34612825669829234,0.32547304662309673,0.4557349707363031,0.05074785636435596,0.073530879307618,0.09980584635479671,0.49073367634517984,-0.0558765530597043,0.8680464992846133,0.6021056828660705,0.7120764766371639,SCoNE,1.0,True,/home/jupyter/repos/SCoNE/output/models/signed_cov_effects/tune_11
66,0.0012428249559463583,0.10554272428936061,0.09597648331363048,1.4690420275215712,6,tune,0,11,0.0,0.0,0.5298746225307427,0.12455387748353157,0.20054018504771193,0.25938036727512276,0.5195311666194435,-0.01901139516294595,1.1474523151628615,0.3215897123587098,0.7120764766371639,SCoNE,1.0,True,/home/jupyter/repos/SCoNE/output/models/signed_cov_effects/tune_11
67,0.08349576972387927,0.1989184496759949,0.1697721134545188,1.8073291220708967,7,tune,0,11,0.0,0.0,0.45519823460934666,0.11005375000008481,0.05812790834575431,0.1512082599000459,0.43886516886466087,-0.07255269891834117,1.2030724412425096,0.604256680828387,0.7120764766371639,SCoNE,1.0,True,/home/jupyter/repos/SCoNE/output/models/signed_cov_effects/tune_11
68,0.0,0.0,0.0,1.4633543710495,8,tune,0,11,0.0,0.0,0.43640980291131365,0.07685410357998182,0.0,0.0,0.5284233548796743,-0.055356422081920195,1.1811988320597657,0.2821555389897343,0.7120764766371639,SCoNE,1.0,True,/home/jupyter/repos/SCoNE/output/models/signed_cov_effects/tune_11
69,0.013292200761134394,0.25229449266225223,0.21303535222097622,1.8509331087187142,9,tune,0,11,0.043156435899256086,0.060639885426518235,0.4428717112396455,0.06507342527919381,0.0,0.0,0.48177749875273085,-0.059894702282472,1.0338798832111542,0.81705322550756,0.7120764766371639,SCoNE,1.0,True,/home/jupyter/repos/SCoNE/output/models/signed_cov_effects/tune_11
70,0.0,0.0,0.0,1.688428980869719,10,tune,0,11,0.0,0.0,0.544679105738568,0.10573812293690482,0.0,0.0,0.46102190265489307,-0.06933353283878194,1.2219136636359924,0.46651531723372663,0.7120764766371639,SCoNE,1.0,True,/home/jupyter/repos/SCoNE/output/models/signed_cov_effects/tune_11
71,0.0,0.0,0.0,1.4426283206569432,11,tune,0,11,0.0,0.0,0.44892810815198725,0.0856784063755636,0.0,0.0,0.5026221753151288,-0.08026464576092004,1.1049640168137425,0.3376643038432009,0.7120764766371639,SCoNE,1.0,True,/home/jupyter/repos/SCoNE/output/models/signed_cov_effects/tune_11
72,0.0,0.0,0.0,1.4816143632188865,12,tune,0,11,0.0,0.0,0.5288344219389696,0.1198330777378762,0.0,0.0,0.5146866885021607,-0.06030724145420419,1.1467006062050757,0.3349137570138108,0.7120764766371639,SCoNE,1.0,True,/home/jupyter/repos/SCoNE/output/models/signed_cov_effects/tune_11
73,0.016668547935446185,0.36507910491382,0.3475261740027787,2.1297133083949995,13,tune,0,11,0.11933818108867847,0.0502572863242066,0.4281457903577346,0.0635751737443623,0.0,0.0,0.45034859222482215,-0.05191742166665036,1.280930903046174,0.8487824053488257,0.7120764766371639,SCoNE,1.0,True,/home/jupyter/repos/SCoNE/output/models/signed_cov_effects/tune_11
74,0.004679517627862215,0.23938623809176304,0.19854471302784635,1.7042523940149015,14,tune,0,11,0.006590193790778693,0.09559964059463218,0.44612070087154315,0.09813748618183482,0.04218624724794146,0.09643318384165799,0.4958421510683852,-0.049410379413515726,1.304758607601166,0.3994937864137357,0.7120764766371639,SCoNE,1.0,True,/home/jupyter/repos/SCoNE/output/models/signed_cov_effects/tune_11
75,-0.00016706068518430232,0.2584243378701124,0.23644942773403158,1.6384726939554022,15,tune,0,11,0.014636786275889178,0.05299920900248645,0.5149376583506924,0.12510217839299495,0.0,0.0,0.421599174930299,-0.050648827550883964,1.1065252915625297,0.5319474023928726,0.7120764766371639,SCoNE,1.0,True,/home/jupyter/repos/SCoNE/output/models/signed_cov_effects/tune_11
76,0.05108698920788755,0.1610889317158182,0.1273086186401877,2.0530397748942946,16,tune,0,11,0.0,0.0,0.44826229154526337,0.08650155077594437,0.041774667192626215,0.10479433288668055,0.49276095777775336,-0.07608441892811472,1.6936734282644157,0.359366346629879,0.7120764766371639,SCoNE,1.0,True,/home/jupyter/repos/SCoNE/output/models/signed_cov_effects/tune_11
77,0.00126226716928931,0.17170657300723313,0.15972895295899356,1.717696146395904,17,tune,0,11,0.07297169030010804,0.08056138156641644,0.44689389578264344,0.08808800615645783,0.07627837174660547,0.10280177110159613,0.4882571051144154,-0.0430772307347651,1.4146936268446553,0.3030025195512488,0.7120764766371639,SCoNE,1.0,True,/home/jupyter/repos/SCoNE/output/models/signed_cov_effects/tune_11
78,0.0,0.0,0.0,1.4121346332442648,18,tune,0,11,0.0,0.0,0.4337728147161278,0.10858490994350883,0.0,0.0,0.5307865345688089,-0.0908605014746708,1.1234358258432113,0.2886988074010535,0.7120764766371639,SCoNE,1.0,True,/home/jupyter/repos/SCoNE/output/models/signed_cov_effects/tune_11
79,0.007589549970798889,0.3047331457108408,0.2637441011625516,1.2904075421281715,19,tune,0,11,0.10578362771993143,0.09548919785444769,0.4558170522131463,0.08168901233594386,0.0002491876508395091,0.09668961799603668,0.5424769058000233,-0.05433410279289573,1.0059009400367616,0.28450660209141004,0.7120764766371639,SCoNE,1.0,True,/home/jupyter/repos/SCoNE/output/models/signed_cov_effects/tune_11
80,0.0,0.0,0.0,1.5605724092301254,20,tune,0,11,0.0,0.0,0.4468297959827975,0.10579289047087706,0.0,0.0,0.49131681364109975,-0.06847315015728461,1.2601084710302513,0.3004639381998742,0.7120764766371639,SCoNE,1.0,True,/home/jupyter/repos/SCoNE/output/models/signed_cov_effects/tune_11
81,-0.0006517909947525508,0.30707736914187583,0.2967220438586817,1.5379466468742162,21,tune,0,11,0.18268862280388432,0.10729856241506124,0.4313704699984229,0.05668102028155953,0.14983753705070024,0.11671574099857424,0.5448300117899566,-0.08159698516338221,1.2165294651837621,0.32141718169045397,0.7120764766371639,SCoNE,1.0,True,/home/jupyter/repos/SCoNE/output/models/signed_cov_effects/tune_11
82,0.0069975624361524125,0.3526833785266809,0.34174611050873827,1.4869253247169547,22,tune,0,11,0.03443598424638798,0.08146488159969537,0.47567025136442265,0.09030063528775481,0.11119408500367382,0.13795753002722075,0.5420539936837808,-0.08076480929858423,1.2160547186422725,0.2708706060746822,0.7120764766371639,SCoNE,1.0,True,/home/jupyter/repos/SCoNE/output/models/signed_cov_effects/tune_11
83,0.006204592692373409,0.13429513856857955,0.11162922063198241,2.9199485558786664,23,tune,0,11,0.023841714894823233,0.054195375595123725,0.4172910701861308,0.0628146872794914,0.16415680489103812,0.08749312588440099,0.5062754465638053,-0.06474882084233874,2.627997341869843,0.29195121400882373,0.7120764766371639,SCoNE,1.0,True,/home/jupyter/repos/SCoNE/output/models/signed_cov_effects/tune_11
84,0.003310889637270825,0.3719351556169594,0.36666777451818094,2.1828893605992166,24,tune,0,11,0.04023925454726928,0.09545496574613227,0.43290400890321773,0.08132206563303081,0.11875152151858971,0.10698918627294786,0.38688441965775483,-0.04559643287570395,1.1320266243537078,1.0508627362455087,0.7120764766371639,SCoNE,1.0,True,/home/jupyter/repos/SCoNE/output/models/signed_cov_effects/tune_11
85,0.0,0.0,0.0,2.0195153749149046,25,tune,0,11,0.0,0.0,0.5203350527111129,0.09595217331212812,0.0,0.0,0.4428967182285909,-0.039607204669478896,1.3811284203230731,0.6383869545918317,0.7120764766371639,SCoNE,1.0,True,/home/jupyter/repos/SCoNE/output/models/signed_cov_effects/tune_11
86,0.0028584737442170047,0.137432907399336,0.13297810890383388,1.441922470959299,26,tune,0,11,0.0,0.0,0.45414844673853005,0.0910219330168282,0.05549617788988968,0.15716192651786132,0.5205072621682392,-0.08239108774975805,1.1347796243987076,0.3071428465605914,0.7120764766371639,SCoNE,1.0,True,/home/jupyter/repos/SCoNE/output/models/signed_cov_effects/tune_11
87,0.002399993853861487,0.1090247518030961,0.10695802298078404,2.736344882718023,27,tune,0,11,0.0538421097645267,0.12641338864685284,0.4931843561222747,0.07987019560038468,0.0,0.0,0.47079573575374567,-0.05409321154641006,1.2489797628432329,1.48736511987479,0.7120764766371639,SCoNE,1.0,True,/home/jupyter/repos/SCoNE/output/models/signed_cov_effects/tune_11
88,0.0713105776331081,0.19614082830832663,0.19424285820598416,1.3600123365206653,28,tune,0,11,0.08245487948931553,0.11835936797412876,0.4589550040969261,0.06771993687627888,0.018183539208141548,0.045133775904543844,0.5334896895210762,-0.07395566421799946,0.90513296503499,0.4548793714856755,0.7120764766371639,SCoNE,1.0,True,/home/jupyter/repos/SCoNE/output/models/signed_cov_effects/tune_11
89,0.00036032006290224387,0.2546351376146689,0.23747809274730422,2.9857096401154593,29,tune,0,11,0.053988303956348724,0.11931074653031326,0.42324608305314654,0.07051991736686146,0.0,0.0,0.2658863667852933,-0.057537984369107065,1.7024551616656012,1.2832544784498583,0.7120764766371639,SCoNE,1.0,True,/home/jupyter/repos/SCoNE/output/models/signed_cov_effects/tune_11
90,0.0,0.0,0.0,2.0988510160626195,30,tune,0,11,0.0,0.0,0.45650564293896473,0.10571533317752511,0.0,0.0,0.40825896455230226,-0.09057893124790932,1.2908526695728944,0.8079983464897251,0.7120764766371639,SCoNE,1.0,True,/home/jupyter/repos/SCoNE/output/models/signed_cov_effects/tune_11
91,0.005976176553871635,0.1452273038809517,0.12503109707003493,2.4921830989159957,31,tune,0,11,0.0,0.0,0.4255513832340622,0.060928817550549165,0.48911611379484665,0.46685399960734764,0.5365979091420324,-0.06683655284515547,2.217754296348793,0.2744288025672027,0.7120764766371639,SCoNE,1.0,True,/home/jupyter/repos/SCoNE/output/models/signed_cov_effects/tune_11
92,0.00020023340015382267,0.060246960113558144,0.036656145934527797,2.144354174828115,32,tune,0,11,0.08433217553631996,0.039933040164194356,0.4307611004612735,0.08076384977448227,0.0,0.0,0.3614440083548975,-0.04447474793328902,1.4054819202413882,0.7388722545867269,0.7120764766371639,SCoNE,1.0,True,/home/jupyter/repos/SCoNE/output/models/signed_cov_effects/tune_11
93,0.0007502452744293308,0.3843833285749992,0.3810594519570681,1.6011814407316058,33,tune,0,11,0.039548276561293796,0.10638901778760029,0.43485412347890234,0.07213040235569027,0.0839330972948656,0.1186583216643254,0.4975685395982144,-0.07709936960028006,1.25256627653225,0.3486151641993558,0.7120764766371639,SCoNE,1.0,True,/home/jupyter/repos/SCoNE/output/models/signed_cov_effects/tune_11
94,0.0066792373325139445,0.14448322861664015,0.1436970506266329,1.8067163926823584,34,tune,0,11,0.09907619975821337,0.11017445535085699,0.45166320428515394,0.0943411299538575,0.16414120014417108,0.06596673227585924,0.4938208620114863,-0.05732652397073235,1.4909742025169055,0.31574219016545296,0.7120764766371639,SCoNE,1.0,True,/home/jupyter/repos/SCoNE/output/models/signed_cov_effects/tune_11
95,0.0011496231419515749,0.19790334046920982,0.1861179606555351,1.763954455506398,35,tune,0,11,0.0,0.04033230073550964,0.4489899538714931,0.07650357334446495,0.0,0.08049091048441102,0.4634584794375874,-0.06953343614183836,1.3630449282166301,0.40090952728976775,0.7120764766371639,SCoNE,1.0,True,/home/jupyter/repos/SCoNE/output/models/signed_cov_effects/tune_11
96,0.006467557823322448,0.39433404187589327,0.36528633707482105,2.298711613793473,36,tune,0,11,0.0015257631181397932,0.1332007651926036,0.4176091372821644,0.06118775407908185,0.062124684770771585,0.03470921227705171,0.4936919374371699,-0.10172966909525019,1.9067719829479244,0.39193963084554867,0.7120764766371639,SCoNE,1.0,True,/home/jupyter/repos/SCoNE/output/models/signed_cov_effects/tune_11
97,0.0,0.0,0.0,1.6413134549698243,37,tune,0,11,0.0,0.0,0.434029021850682,0.0854791969230907,0.0,0.0,0.5113489180930174,-0.06422731989729408,1.3063301030056533,0.33498335196417084,0.7120764766371639,SCoNE,1.0,True,/home/jupyter/repos/SCoNE/output/models/signed_cov_effects/tune_11
98,0.0637129623853091,0.44806800798768787,0.3776000715712404,1.2018088788200902,38,tune,0,11,0.07767341617760837,0.10806592682685345,0.44450818052180735,0.04165800240700018,0.16262489991812193,0.08473230078215269,0.5115990786952708,-0.09894410017472163,0.8928140430276249,0.30899483579246545,0.7120764766371639,SCoNE,1.0,True,/home/jupyter/repos/SCoNE/output/models/signed_cov_effects/tune_11
99,0.0,0.0,0.0,1.577973359147031,39,tune,0,11,0.0,0.0,0.4710101336057933,0.09627895279789027,0.0,0.0,0.5011030304893797,-0.058479802834813,1.2598944911194054,0.3180788680276257,0.7120764766371639,SCoNE,1.0,True,/home/jupyter/repos/SCoNE/output/models/signed_cov_effects/tune_11
100,0.007291172994459182,0.4812205923707708,0.4600288675894597,1.5183648030357166,40,tune,0,11,0.2700263963515389,0.24964231818268712,0.4406171799510812,0.07707610353906964,0.0,0.0,0.49579929858690297,-0.06927506770471281,1.025703188444482,0.4926616145912345,0.7120764766371639,SCoNE,1.0,True,/home/jupyter/repos/SCoNE/output/models/signed_cov_effects/tune_11
101,0.0006426189023392053,0.0807038410044758,0.08053723972519818,1.709908789101773,41,tune,0,11,0.12924631099339373,0.05836480412632126,0.45939837541857403,0.07975383009340609,0.027411702233743902,0.1202199432629225,0.3384598821307857,-0.05620470440095161,1.0433150631789683,0.6665937259228047,0.7120764766371639,SCoNE,1.0,True,/home/jupyter/repos/SCoNE/output/models/signed_cov_effects/tune_11
102,0.0,0.0,0.0,1.838089652544911,42,tune,0,11,0.0,0.0,0.4502168556175242,0.061267730816951256,0.0,0.0,0.49771481838950904,-0.08624305435660563,1.447027557859722,0.3910620946851891,0.7120764766371639,SCoNE,1.0,True,/home/jupyter/repos/SCoNE/output/models/signed_cov_effects/tune_11
103,0.010402747263852428,0.38148041426159435,0.33141886217541583,1.2759703722090683,43,tune,0,11,0.04029316413055633,0.051402494030405074,0.4605127714558247,0.06936758138923568,0.08285564123627315,0.1407056229845355,0.5075225278268625,-0.04905900521875137,0.9978946148670043,0.278075757342064,0.7120764766371639,SCoNE,1.0,True,/home/jupyter/repos/SCoNE/output/models/signed_cov_effects/tune_11
104,0.011198965771534102,0.22339700973690058,0.19978496824339861,1.5917516565385867,44,tune,0,11,0.01701025045582576,0.097497852719584,0.4493988689911802,0.08829316511752389,0.0,0.0,0.4325539308527288,-0.06766118685662847,1.1523019017946794,0.43944975474390735,0.7120764766371639,SCoNE,1.0,True,/home/jupyter/repos/SCoNE/output/models/signed_cov_effects/tune_11
105,0.07116857854440468,0.5835789056795205,0.5532760810423645,2.258317863104395,45,tune,0,11,0.18364661674567925,0.20798867070552338,0.42311832830442053,0.07944686977866176,0.0,0.0,0.44455948925075905,-0.03479211731436613,1.7768913615755744,0.4814265015288205,0.7120764766371639,SCoNE,1.0,True,/home/jupyter/repos/SCoNE/output/models/signed_cov_effects/tune_11
106,0.0,0.0,0.0,1.4752738651010158,46,tune,0,11,0.0,0.0,0.48447586816862226,0.07813484133576183,0.0,0.0,0.45102595524710554,-0.059422204749120834,1.082478615712433,0.39279524938858257,0.7120764766371639,SCoNE,1.0,True,/home/jupyter/repos/SCoNE/output/models/signed_cov_effects/tune_11
107,0.015534675057019958,0.2288821010510975,0.20087604971749365,1.602485315505045,47,tune,0,11,0.0,0.061965002025648114,0.4319697959116576,0.07932785566233266,0.14052466037932662,0.08167755040309829,0.4643063126259684,-0.04864235601550861,1.1114103475482429,0.491074967956802,0.7120764766371639,SCoNE,1.0,True,/home/jupyter/repos/SCoNE/output/models/signed_cov_effects/tune_11
108,3.0890539767648286e-05,0.3253336194216228,0.2160112262899716,2.3362724068608274,48,tune,0,11,0.34093386136886594,0.13380042044923696,0.4691100171048696,0.06472654964315612,0.08445864226906645,0.10246624290159477,0.34882258748120915,-0.06274168516721279,0.8884251371447646,1.4478472697160627,0.7120764766371639,SCoNE,1.0,True,/home/jupyter/repos/SCoNE/output/models/signed_cov_effects/tune_11
109,0.0,0.0,0.0,1.5241107648938605,49,tune,0,11,0.0,0.0,0.48395610471472117,0.1083933981022219,0.0,0.0,0.5380588653954352,-0.05959046741915693,1.0836438863843856,0.4404668785094751,0.7120764766371639,SCoNE,1.0,True,/home/jupyter/repos/SCoNE/output/models/signed_cov_effects/tune_11
110,0.037298412187712196,0.32756355033672635,0.2729192833579838,1.3252664734953727,0,tune,0,9,0.10486726743156433,0.17420105824527396,0.45973527706084,0.06326685497310357,0.010596405010187744,0.06490663982575996,0.5358946572213628,-0.0695364701590376,1.0442060550335668,0.28106041846180596,0.743652115494673,SCoNE,0.01,True,/home/jupyter/repos/SCoNE/output/models/signed_cov_effects/tune_9
111,0.002581982086782387,0.23241366879761982,0.21738247065580016,1.1927249948860938,1,tune,0,9,0.1257164385267907,0.17613397261953764,0.4590241097372518,0.0778985613849628,0.19154000867291573,0.2922787072289085,0.5151787137067707,-0.06375647060409818,0.9380093196290028,0.2547156752570911,0.743652115494673,SCoNE,0.01,True,/home/jupyter/repos/SCoNE/output/models/signed_cov_effects/tune_9
112,0.0036598041855588066,0.3165768547072998,0.30650190093163,1.6450494691720392,2,tune,0,9,0.12926915332340017,0.18426216085199407,0.4547530175431945,0.0974489123679259,0.10144590821100045,0.1862708469168781,0.42603227879560934,-0.06911666423401547,1.1675206628755461,0.4775288062964932,0.743652115494673,SCoNE,0.01,True,/home/jupyter/repos/SCoNE/output/models/signed_cov_effects/tune_9
113,0.0006496047486097155,0.1670449327731288,0.14766351552777926,1.8845831795491446,3,tune,0,9,0.15892812779892784,0.1588581959849745,0.46186772925776076,0.07070370979663325,0.0,0.11297597744553466,0.5416858131335693,-0.07535664162620735,1.616883173017818,0.26770000653132653,0.743652115494673,SCoNE,0.01,True,/home/jupyter/repos/SCoNE/output/models/signed_cov_effects/tune_9
114,0.0016235110559675752,0.04007986087817092,0.039341885995429385,1.8770462036385316,4,tune,0,9,0.12236041573423398,0.1822634995632188,0.43293413274876175,0.05202878169091187,0.05185162398636633,0.22080360341644975,0.5046651376638972,-0.054492167780006345,1.5511679892862613,0.3258782143522702,0.743652115494673,SCoNE,0.01,True,/home/jupyter/repos/SCoNE/output/models/signed_cov_effects/tune_9
115,0.03656811849677535,0.07305309898503289,0.06882219444449288,1.292788262484119,5,tune,0,9,0.05475311522495452,0.19255836680687138,0.45421823161597014,0.04960203161972096,0.0,0.16070592409197892,0.505855895380673,-0.0566442442496615,0.8560953356245394,0.43669292685957956,0.743652115494673,SCoNE,0.01,True,/home/jupyter/repos/SCoNE/output/models/signed_cov_effects/tune_9
116,-0.0006593202404687173,0.2361012671559698,0.2286198436185873,1.3951090110595763,6,tune,0,9,0.030210067138443444,0.11311232788571297,0.5167506213424564,0.11724519817242976,0.00034487612937025006,0.13752540007351904,0.5360053350669556,-0.019432871196120943,1.1057700706993832,0.28933894036019314,0.743652115494673,SCoNE,0.01,True,/home/jupyter/repos/SCoNE/output/models/signed_cov_effects/tune_9
117,0.007026860104414252,0.04671212493048243,0.04438427840821047,1.3990765047829028,7,tune,0,9,0.0057958694484574755,0.06982274722854044,0.44487429610225815,0.10486047165739847,0.15302636242940298,0.0936409843124496,0.47529352246038503,-0.06487248058103724,1.1177123340778423,0.28136417070506053,0.743652115494673,SCoNE,0.01,True,/home/jupyter/repos/SCoNE/output/models/signed_cov_effects/tune_9
118,0.010315842711252642,0.2568266308322809,0.23269989216301898,1.1072840861085604,8,tune,0,9,0.046194551332063544,0.09539402542680472,0.4375407157813179,0.06386602247335114,0.14505232836607485,0.1363310946619504,0.537838485284506,-0.04864772810511535,0.851313895839999,0.25597019026856144,0.743652115494673,SCoNE,0.01,True,/home/jupyter/repos/SCoNE/output/models/signed_cov_effects/tune_9
119,0.08405028356965281,0.14035072277368707,0.12468501472332204,1.177680733053021,9,tune,0,9,0.1260291046645795,0.12881385197917103,0.44704597670774426,0.052245963720097294,0.0509521159205741,0.12599745237590093,0.5155369218463718,-0.054348358952011754,0.8445818125383087,0.3330989205147123,0.743652115494673,SCoNE,0.01,True,/home/jupyter/repos/SCoNE/output/models/signed_cov_effects/tune_9
120,1.9308785377379825e-05,0.21474953079403103,0.16285190001351535,1.1205268672897746,10,tune,0,9,0.15278897785577328,0.1567652613940446,0.45009538102932056,0.0619120992236629,0.0036225716690453194,0.111564365338224,0.5381651644798905,-0.06263264884769738,0.8556126348593021,0.2649142324304724,0.743652115494673,SCoNE,0.01,True,/home/jupyter/repos/SCoNE/output/models/signed_cov_effects/tune_9
121,0.004016812706439611,0.27302859144594893,0.2554726889459338,1.379346280093773,11,tune,0,9,0.2248418009706905,0.09907636949252346,0.448871782298828,0.08599147328196573,0.23965173064182566,0.24308459016213774,0.5408143372325216,-0.07424084374933271,1.1076816059918935,0.27166467410187967,0.743652115494673,SCoNE,0.01,True,/home/jupyter/repos/SCoNE/output/models/signed_cov_effects/tune_9
122,0.0006897105409990925,0.2619806174060076,0.24920319494157475,1.399846754658807,12,tune,0,9,0.13989188863720178,0.12704339298823472,0.509853391601816,0.11354222097375943,0.012228760032303845,0.15231106254143456,0.5222073107344964,-0.05683511562127884,1.1030928863364935,0.2967538683223135,0.743652115494673,SCoNE,0.01,True,/home/jupyter/repos/SCoNE/output/models/signed_cov_effects/tune_9
123,0.006441874270129091,0.45007439784162406,0.4373900392084732,1.632059964422773,13,tune,0,9,0.044243387867934955,0.1527008124964139,0.4291219141066536,0.06288452600942666,0.0267742633365715,0.12401883681541975,0.4972445103047682,-0.04472542547193149,1.2321783017404304,0.39988166268234254,0.743652115494673,SCoNE,0.01,True,/home/jupyter/repos/SCoNE/output/models/signed_cov_effects/tune_9
124,0.08489517049912168,0.3130993196190644,0.26159653635778146,1.1488189395651351,14,tune,0,9,0.14158649105346707,0.21843905304706257,0.43686190336849584,0.08344217044752396,0.012073442122329518,0.15547779078611554,0.5341495445243808,-0.04409198605970319,0.867688955914535,0.28112998365060016,0.743652115494673,SCoNE,0.01,True,/home/jupyter/repos/SCoNE/output/models/signed_cov_effects/tune_9
125,0.062477143736998524,0.048722634343051796,0.04864736873125235,1.3463377120472109,15,tune,0,9,0.13457713153436474,0.17453233066751114,0.4575680044817364,0.08900852491736412,0.1551062225178481,0.1200706473906539,0.42519312167243956,-0.04991344165907729,0.8552228989688849,0.49111481307832594,0.743652115494673,SCoNE,0.01,True,/home/jupyter/repos/SCoNE/output/models/signed_cov_effects/tune_9
126,1.3935339803828633e-08,0.03664471641158979,0.0366447067625547,1.9456975558480216,16,tune,0,9,0.06918748591224545,0.10276652022185732,0.4537727791661212,0.0886872892112163,0.47126944174146673,0.4850733642923508,0.4817863075962368,-0.07672527477586517,1.5637008351404156,0.3819967207076061,0.743652115494673,SCoNE,0.01,True,/home/jupyter/repos/SCoNE/output/models/signed_cov_effects/tune_9
127,0.001988139255197786,0.0355801151843831,0.032670488307808,1.5657988771283167,17,tune,0,9,0.01833334636885631,0.08438311436990657,0.44033183551391275,0.08323536796853123,0.09521739803310626,0.10678779526299836,0.4831723967759568,-0.04308493341601844,1.2593201850473026,0.3064786920810141,0.743652115494673,SCoNE,0.01,True,/home/jupyter/repos/SCoNE/output/models/signed_cov_effects/tune_9
128,0.013958555667427522,0.37590892013988847,0.35218195753080167,1.3945625935591244,18,tune,0,9,0.010850637703638763,0.10518569635997073,0.4320038904260972,0.10747546309002914,0.2883756054495589,0.14159380016061004,0.5367480447262568,-0.0903097423269065,1.1123468438613806,0.28221574969774377,0.743652115494673,SCoNE,0.01,True,/home/jupyter/repos/SCoNE/output/models/signed_cov_effects/tune_9
129,0.006854540951207181,0.2562258662105337,0.2173873891651211,1.130678141757206,19,tune,0,9,0.3311733552919383,0.13558684202011964,0.43319928734790586,0.068767873770545,0.047834919047477484,0.05228113406071433,0.5501556761055397,-0.050394132103893464,0.8564572500509043,0.2742208917063018,0.743652115494673,SCoNE,0.01,True,/home/jupyter/repos/SCoNE/output/models/signed_cov_effects/tune_9
130,0.011655694411053455,0.31941734569799096,0.3007398264613367,1.145899658822842,20,tune,0,9,0.13025175305478928,0.16799032693964405,0.4392123280827007,0.07827037074683516,0.016963223666615256,0.15132627449690472,0.5190677013465451,-0.06610190462788233,0.8662615069023014,0.27963815192054076,0.743652115494673,SCoNE,0.01,True,/home/jupyter/repos/SCoNE/output/models/signed_cov_effects/tune_9
131,0.012700541941084604,0.34397164770387095,0.29408470950925575,1.4643898861913651,21,tune,0,9,0.03467305423764279,0.11111081310887101,0.4302345922762068,0.05629611992745279,0.23408752940968677,0.20368634146571915,0.5359013063447279,-0.0731938664482172,1.2093965194827876,0.2549933667085775,0.743652115494673,SCoNE,0.01,True,/home/jupyter/repos/SCoNE/output/models/signed_cov_effects/tune_9
132,0.0004595295844851872,0.29434508343305793,0.2881089460372085,1.1233603234908518,22,tune,0,9,0.1103737650835304,0.1144923111975344,0.4451444567121494,0.055337484334518926,0.013263241121103692,0.09081681864750603,0.5418131689067821,-0.07909140402877246,0.8551370727728779,0.2682232507179739,0.743652115494673,SCoNE,0.01,True,/home/jupyter/repos/SCoNE/output/models/signed_cov_effects/tune_9
133,0.009320514697887868,0.29206156580462994,0.274137499472977,2.8811866192750557,23,tune,0,9,0.10679555272320117,0.17663935989163687,0.4165796581164088,0.06221287419491928,0.08563662219123067,0.1503519228319916,0.5085975197192419,-0.06459742817093198,2.591733332250695,0.2894532870243606,0.743652115494673,SCoNE,0.01,True,/home/jupyter/repos/SCoNE/output/models/signed_cov_effects/tune_9
134,0.007942412820579248,0.25089999492239845,0.2482344388086478,1.5439990355884097,24,tune,0,9,0.08250018990166427,0.1638330745746609,0.4331858543138065,0.08257928649846835,0.08593002962748562,0.16631660488466113,0.5034029915112412,-0.04014254617129206,1.150607189725735,0.3933918458626746,0.743652115494673,SCoNE,0.01,True,/home/jupyter/repos/SCoNE/output/models/signed_cov_effects/tune_9
135,0.03151407876215146,0.42857318947168005,0.39056086711450333,1.6027572129015872,25,tune,0,9,0.19221169043422723,0.21033502881991029,0.4723740854230431,0.06724037828117999,0.00600065761934288,0.12232745833772231,0.45247778612223416,-0.03887887755897933,0.9941599655747028,0.6085972473268845,0.743652115494673,SCoNE,0.01,True,/home/jupyter/repos/SCoNE/output/models/signed_cov_effects/tune_9
136,0.00463506346293648,0.4028388710118796,0.39861663781043605,1.3798451332552797,26,tune,0,9,0.14260698375644534,0.17215492694272677,0.44194819975995003,0.08472706290152658,0.0,0.0,0.5225946263361636,-0.08198707774018363,1.0773176662355044,0.30252746701977534,0.743652115494673,SCoNE,0.01,True,/home/jupyter/repos/SCoNE/output/models/signed_cov_effects/tune_9
137,0.002133624260182314,0.3493991217703364,0.343910114458971,2.0106280760623645,27,tune,0,9,0.005202960460856025,0.04060048205513162,0.4936459843440415,0.07979849362728991,0.004691063883486871,0.11136970244801711,0.43843872634610204,-0.06623427100761442,1.2525915881680245,0.75803648789434,0.743652115494673,SCoNE,0.01,True,/home/jupyter/repos/SCoNE/output/models/signed_cov_effects/tune_9
138,0.00022743246351333236,0.10544218663405752,0.10167279902318752,1.15339981576229,28,tune,0,9,0.2845222943144305,0.22736266209142852,0.4609650557221161,0.06615730419677933,0.02203709876273672,0.07866433103604374,0.5439871417849765,-0.06294264409071629,0.8829516455758567,0.27044817018643325,0.743652115494673,SCoNE,0.01,True,/home/jupyter/repos/SCoNE/output/models/signed_cov_effects/tune_9
139,3.116019219613573e-05,0.04667951547914086,0.03150182189643614,2.2001900916107724,29,tune,0,9,0.072091626990152,0.05742823760392292,0.4232778227596995,0.07076991547254864,0.001306716395112514,0.12073670103049956,0.28314478646618707,-0.042493108739697735,1.5619065166517883,0.6382835749589841,0.743652115494673,SCoNE,0.01,True,/home/jupyter/repos/SCoNE/output/models/signed_cov_effects/tune_9
140,0.0023664005995955206,0.21245942133152632,0.17836896444730563,1.2255143060776645,30,tune,0,9,0.1300612786747305,0.179606374758255,0.44153406990683836,0.08329590594042405,0.0,0.14158219136036898,0.5309404317026959,-0.08173512050215108,0.9273070153207851,0.2982072907568795,0.743652115494673,SCoNE,0.01,True,/home/jupyter/repos/SCoNE/output/models/signed_cov_effects/tune_9
141,0.12365305235483141,0.09059087496679773,0.07466824903275532,1.3021218987492658,31,tune,0,9,0.03377286149748299,0.11179505028486116,0.44666541704241575,0.06265905781963062,0.004137117806111968,0.06253538558906216,0.5298572973258205,-0.07069813053934876,0.9917726633743923,0.3103492353748734,0.743652115494673,SCoNE,0.01,True,/home/jupyter/repos/SCoNE/output/models/signed_cov_effects/tune_9
142,0.008597723496338593,0.17430380927447722,0.13804762035086748,1.6260204614368057,32,tune,0,9,0.0037870332746087003,0.08297295402243127,0.4293285897811661,0.07995825072897866,0.16472761120888693,0.20035581621597617,0.4996873310341379,-0.029767541007848553,1.34412670530909,0.2818937561277156,0.743652115494673,SCoNE,0.01,True,/home/jupyter/repos/SCoNE/output/models/signed_cov_effects/tune_9
143,0.07222696007461019,0.16432668067690775,0.13212625125040187,1.1535337947828033,33,tune,0,9,0.10234923148777132,0.1744413167296793,0.43566869823346277,0.057834063457707724,0.007126205919323726,0.15418252766173804,0.5268183992368657,-0.06981143184379408,0.877556364596397,0.27597743018640636,0.743652115494673,SCoNE,0.01,True,/home/jupyter/repos/SCoNE/output/models/signed_cov_effects/tune_9
144,0.002043697297545494,0.22404866890167033,0.16599238489858104,1.1821363127673008,34,tune,0,9,0.3501768103067296,0.16152937775634033,0.43474485957212994,0.06953946533487806,0.0,0.10632373873957424,0.5082921607659238,-0.05382811890385817,0.8973697907538184,0.2847665220134823,0.743652115494673,SCoNE,0.01,True,/home/jupyter/repos/SCoNE/output/models/signed_cov_effects/tune_9
145,0.0018094063817629955,0.3477769047869906,0.33641219245431286,1.7021305152539048,35,tune,0,9,0.006279308237314969,0.09810461984513864,0.44266577637986304,0.07394032912006492,0.0020022077085034306,0.06335520173033524,0.4709266923938356,-0.06916361836619427,1.3167771262309467,0.38535338902295807,0.743652115494673,SCoNE,0.01,True,/home/jupyter/repos/SCoNE/output/models/signed_cov_effects/tune_9
146,-0.000378429859250829,0.04987718592964381,0.044481554687973004,2.0455749296095367,36,tune,0,9,0.06713657088938633,0.07359618032617711,0.4200520906942054,0.06282993063961739,0.04385195832206274,0.16612178071892633,0.5236170070845355,-0.10106435997616256,1.7219453245568306,0.32362960505270616,0.743652115494673,SCoNE,0.01,True,/home/jupyter/repos/SCoNE/output/models/signed_cov_effects/tune_9
147,0.08173706312182315,0.2992616483268984,0.22953462203032993,1.1330553063155517,37,tune,0,9,0.44260116914623604,0.14203982583803698,0.43277788343273693,0.07423634424802647,0.0,0.0,0.5346149114664994,-0.05630591963374453,0.8627300970736806,0.2703252092418711,0.743652115494673,SCoNE,0.01,True,/home/jupyter/repos/SCoNE/output/models/signed_cov_effects/tune_9
148,-0.0006636472546233534,0.27119441277708994,0.25922696883371094,1.2033165766254508,38,tune,0,9,0.08530345315767517,0.08859731238225681,0.46432239942984427,0.054014843738865795,0.03375044992412393,0.11212513918750341,0.5418971085826901,-0.09168199932547896,0.9425924389736707,0.26072413765178004,0.743652115494673,SCoNE,0.01,True,/home/jupyter/repos/SCoNE/output/models/signed_cov_effects/tune_9
149,0.0020747579981885587,0.2306897508315069,0.23032122839515243,1.5536001171695937,39,tune,0,9,8.10867300257796e-06,0.08084959920012372,0.4691686235965022,0.09532260059040185,0.0,0.119331702945158,0.5118912965562437,-0.057017376361474276,1.2495264505560406,0.304073666613553,0.743652115494673,SCoNE,0.01,True,/home/jupyter/repos/SCoNE/output/models/signed_cov_effects/tune_9
150,0.00010061567827440994,0.15210994561580832,0.13548453943943745,1.131613230187773,40,tune,0,9,0.049231530726600845,0.08863068953420082,0.43342652673815524,0.06492829946585259,0.0,0.07768396359720037,0.5400870273800198,-0.045159088930912715,0.8691868759945041,0.2624263541932691,0.743652115494673,SCoNE,0.01,True,/home/jupyter/repos/SCoNE/output/models/signed_cov_effects/tune_9
151,0.04234627368406213,0.09414627662348529,0.08430760434268614,1.281940226472233,41,tune,0,9,0.1808890873356428,0.29588573191156553,0.4442830555994473,0.05200431954019219,0.11039293837940574,0.13209780571062799,0.43022320611459924,-0.0691563103943078,0.8529094555767948,0.42903077089543834,0.743652115494673,SCoNE,0.01,True,/home/jupyter/repos/SCoNE/output/models/signed_cov_effects/tune_9
152,0.009086917263521004,0.08891599661764832,0.07299639759622449,1.2039982650233658,42,tune,0,9,0.01998495180898427,0.07028652654797396,0.43276983589133516,0.052343657753960146,0.0,0.049155490129661396,0.5295632359326973,-0.08327917031422481,0.9143519596513515,0.2896463053720144,0.743652115494673,SCoNE,0.01,True,/home/jupyter/repos/SCoNE/output/models/signed_cov_effects/tune_9
153,0.0014498402034739716,0.08330440847840975,0.07974004415008917,1.4508227443886437,43,tune,0,9,0.0673974295184944,0.0911809188778788,0.428669527232614,0.040839521046769175,0.0992986362549927,0.153024486212434,0.49914784792513883,-0.04956876013633397,1.1641527888698382,0.2866699555188054,0.743652115494673,SCoNE,0.01,True,/home/jupyter/repos/SCoNE/output/models/signed_cov_effects/tune_9
154,0.010185688877934819,0.3799217891998712,0.36674184536792187,1.4270312877380529,44,tune,0,9,0.06334914177128033,0.07470496271476822,0.4489113315863833,0.08808324170428028,0.01597234829288464,0.10308979338283607,0.5099181544100383,-0.06018909794553812,1.1496422640413217,0.27738902369673124,0.743652115494673,SCoNE,0.01,True,/home/jupyter/repos/SCoNE/output/models/signed_cov_effects/tune_9
155,0.14026764904488298,0.06520993103119602,0.05843692618939508,1.1623633749814037,45,tune,0,9,0.16359279005592836,0.16997947960369117,0.4460291538162355,0.07488187836027141,0.0,0.11597033666833796,0.4901656603631843,-0.01961687410628436,0.8677370774244679,0.29462629755693587,0.743652115494673,SCoNE,0.01,True,/home/jupyter/repos/SCoNE/output/models/signed_cov_effects/tune_9
156,0.0060630412230894635,0.28461316810121384,0.2661857306629983,1.4511928426163712,46,tune,0,9,0.0150383193743666,0.10877531818011642,0.48287398236670215,0.07758687637240533,0.016489887405542993,0.05768882827773242,0.45826559540941314,-0.05985143132153241,1.0773048829899325,0.37388795962643856,0.743652115494673,SCoNE,0.01,True,/home/jupyter/repos/SCoNE/output/models/signed_cov_effects/tune_9
157,0.01932535700517916,0.4034934735618458,0.34621474229902405,1.2518404511563452,47,tune,0,9,0.16394846528066864,0.1739282252823002,0.4565690496831045,0.06576112028337901,0.02246169305513795,0.15865710955197623,0.5111857280611892,-0.04810842438096155,0.9176246590755449,0.3342157920808003,0.743652115494673,SCoNE,0.01,True,/home/jupyter/repos/SCoNE/output/models/signed_cov_effects/tune_9
158,-4.159690170934378e-06,0.035266239872411335,0.0352662246429414,3.5034521156668124,48,tune,0,9,0.01359303753893966,0.04356699009112637,0.4259859101600993,0.0762425317655491,0.2220519615592794,0.23129159242212627,0.36242226010758,-0.06385764740194674,1.8027108812873922,1.7007412343794202,0.743652115494673,SCoNE,0.01,True,/home/jupyter/repos/SCoNE/output/models/signed_cov_effects/tune_9
159,0.05568244817579117,0.3141522971489252,0.2511773873182265,1.21061872721212,49,tune,0,9,0.286869032207816,0.19076985857025935,0.4810545377890338,0.07524022816534419,0.17948124662429984,0.1793201689837288,0.5694068301410066,-0.058264714529306615,0.9096205929528975,0.30099813425922256,0.743652115494673,SCoNE,0.01,True,/home/jupyter/repos/SCoNE/output/models/signed_cov_effects/tune_9
160,0.005743626256277861,0.21386508994301592,0.2000915602617771,1.277226908850062,0,tune,0,8,0.0780730170643178,0.07686917158425682,0.46215942551252703,0.05988547239149081,0.025185839597664194,0.0978077706367115,0.534382872494516,-0.06963364078002819,0.9925005364725747,0.2847263723774874,0.7608097506153836,SCoNE,0.001,True,/home/jupyter/repos/SCoNE/output/models/signed_cov_effects/tune_8
161,-7.826948701094141e-05,0.1381000332165936,0.13038709447089522,2.0069913141938427,1,tune,0,8,0.22346292321177733,0.27339796428504903,0.44799748036039116,0.06617957310291184,0.12226166637143851,0.1843154533851372,0.45548699247099483,-0.05652861832731494,0.8524532270732079,1.154538087120635,0.7608097506153836,SCoNE,0.001,True,/home/jupyter/repos/SCoNE/output/models/signed_cov_effects/tune_8
162,0.002363809390020966,0.22156753524302314,0.2025066957291552,1.3625878338139763,2,tune,0,8,0.09244587663340566,0.1545254464410734,0.44009436730542134,0.08936286737980556,0.03355841350058892,0.19381771092503983,0.512134657648708,-0.06823476750107309,1.0653738043632377,0.29721402945073866,0.7608097506153836,SCoNE,0.001,True,/home/jupyter/repos/SCoNE/output/models/signed_cov_effects/tune_8
163,0.014753427426574905,0.08734531903023972,0.07976852497711522,1.166683072082913,3,tune,0,8,0.17954027474919793,0.2032634315449367,0.4301667698355115,0.043421772497686036,0.008372621667468579,0.13367908911623128,0.5422553066717446,-0.07437848942913003,0.90519560014818,0.26148747193473315,0.7608097506153836,SCoNE,0.001,True,/home/jupyter/repos/SCoNE/output/models/signed_cov_effects/tune_8
164,3.2163019969339445e-05,0.03546070284641948,0.03544689159044072,2.510157508508486,4,tune,0,8,0.05156901492671585,0.10272613194358887,0.43901504685817555,0.05888494941208901,0.11290304502158512,0.22906091103666731,0.49324569626165715,-0.05366921077979417,1.8681966440733926,0.6419608644350933,0.7608097506153836,SCoNE,0.001,True,/home/jupyter/repos/SCoNE/output/models/signed_cov_effects/tune_8
165,0.009594819551192306,0.3093831247903921,0.3086075190579362,1.4864297503521324,5,tune,0,8,0.14959231697860964,0.1780811868576592,0.45273763932576305,0.04897149712337465,0.003061928956822354,0.11450606114718381,0.49242889935685447,-0.0561451634787306,0.8598961151016093,0.6265336352505231,0.7608097506153836,SCoNE,0.001,True,/home/jupyter/repos/SCoNE/output/models/signed_cov_effects/tune_8
166,0.005035905829936769,0.14035090845219952,0.12335456482813084,1.140400293503002,6,tune,0,8,0.2618296805621711,0.24705454505123142,0.45432389190368955,0.07739227537174341,0.019963404413569575,0.14722367469637596,0.5473695803327291,-0.019961309068136722,0.8713177849262288,0.2690825085767733,0.7608097506153836,SCoNE,0.001,True,/home/jupyter/repos/SCoNE/output/models/signed_cov_effects/tune_8
167,0.018654424214819984,0.0865002285379213,0.06934129726495004,1.1278240088494127,7,tune,0,8,0.3319820938339335,0.21262854696060945,0.43757234317686156,0.08857210405210297,0.04363033611635407,0.1676280996770032,0.47772072159005785,-0.06487230108438057,0.851458128632158,0.27636588021725483,0.7608097506153836,SCoNE,0.001,True,/home/jupyter/repos/SCoNE/output/models/signed_cov_effects/tune_8
168,0.023210853330182784,0.4095737240264055,0.3865245740007071,1.1235821952299188,8,tune,0,8,0.12167534217589533,0.22140907999853227,0.43693892681191177,0.06347399803337335,0.11478607565443347,0.09237602044159413,0.5402499050682016,-0.053747365371897594,0.8510345512864359,0.27254764394348274,0.7608097506153836,SCoNE,0.001,True,/home/jupyter/repos/SCoNE/output/models/signed_cov_effects/tune_8
169,0.004037624100443205,0.3031331786843193,0.25821310605683157,1.1576651729836298,9,tune,0,8,0.016419886772759292,0.08421113899929666,0.445927480495676,0.051915157670689306,0.06846873774249558,0.13053573315591396,0.5176440452681725,-0.054285723239589696,0.8534765959606361,0.3041885770229937,0.7608097506153836,SCoNE,0.001,True,/home/jupyter/repos/SCoNE/output/models/signed_cov_effects/tune_8
170,0.01565578662176576,0.39583187417281174,0.3380475761205495,1.155957209208609,10,tune,0,8,0.27349199587535494,0.17964364437983388,0.47575357224361786,0.068674390953701,0.011993805864520302,0.13213617224680585,0.5387908601853442,-0.06232688249279504,0.892878357688976,0.2630788515196329,0.7608097506153836,SCoNE,0.001,True,/home/jupyter/repos/SCoNE/output/models/signed_cov_effects/tune_8
171,0.05302412658151403,0.11316119629489675,0.1027967764623292,1.0745664954413487,11,tune,0,8,0.004632533780785652,0.06281891675313835,0.445708116204401,0.06175919955761624,0.06050438577576214,0.14364197322161268,0.5291635000933826,-0.07579143256535775,0.8011149560017352,0.2734515394396135,0.7608097506153836,SCoNE,0.001,True,/home/jupyter/repos/SCoNE/output/models/signed_cov_effects/tune_8
172,0.004450091629770898,0.277977926456299,0.23296656620915915,1.204790006386395,12,tune,0,8,0.20681997541259817,0.26811635783983784,0.4662507124433822,0.08827226212571693,0.003053816890518344,0.13406944213711236,0.5266178885554552,-0.05562610096040302,0.9190356857278187,0.2857543206585762,0.7608097506153836,SCoNE,0.001,True,/home/jupyter/repos/SCoNE/output/models/signed_cov_effects/tune_8
173,0.16476277102967832,0.308697807625191,0.2800198104723995,1.11741532451127,13,tune,0,8,0.20323078129656186,0.197864029158276,0.43274934023955236,0.052809896868941913,0.1680485027314517,0.1932882369365257,0.4849346598734335,-0.042277762805598175,0.8659291176365823,0.25148620687468765,0.7608097506153836,SCoNE,0.001,True,/home/jupyter/repos/SCoNE/output/models/signed_cov_effects/tune_8
174,0.054820310642373096,0.17700469814010755,0.17433445190311406,1.4013857779090602,14,tune,0,8,0.062001071020195045,0.18457594463103633,0.4393987749406095,0.08853143066498634,0.02349459307255912,0.17505382898919616,0.50304278304225,-0.048439568759995416,1.0172178012918027,0.38416797661725754,0.7608097506153836,SCoNE,0.001,True,/home/jupyter/repos/SCoNE/output/models/signed_cov_effects/tune_8
175,0.014328979658383497,0.28093466013433255,0.25504875652975184,1.2382185222617008,15,tune,0,8,0.22068386274218696,0.22651475654086237,0.458919354004687,0.08781143363492191,0.19165783058063635,0.2486945912803738,0.4895683550576762,-0.05194080322968886,0.8910860010570183,0.3471325212046825,0.7608097506153836,SCoNE,0.001,True,/home/jupyter/repos/SCoNE/output/models/signed_cov_effects/tune_8
176,-4.4541772388673236e-05,0.06737534687779108,0.0665474709416923,1.8117761814110152,16,tune,0,8,0.10262991409920608,0.16099996162627978,0.4470520287428887,0.08554428475486019,0.21754316997394632,0.2006565248610997,0.5101235499891439,-0.07464099827039235,1.4821868563652698,0.32958932504574523,0.7608097506153836,SCoNE,0.001,True,/home/jupyter/repos/SCoNE/output/models/signed_cov_effects/tune_8
177,0.00021428701761010369,0.06694187255364598,0.06079917175145419,1.5416827393871355,17,tune,0,8,0.03322724623122179,0.15698669394644718,0.4329314166529429,0.07778307186213071,0.022933014299674516,0.1444710175783531,0.43931905590574805,-0.04558552540750076,1.164519830687128,0.3771629087000075,0.7608097506153836,SCoNE,0.001,True,/home/jupyter/repos/SCoNE/output/models/signed_cov_effects/tune_8
178,0.000963098669029233,0.2581596466332415,0.21950741228728265,1.387416214122221,18,tune,0,8,0.1284525702062006,0.1622788449963351,0.43244767198387674,0.10785460239170294,0.0011977693642128777,0.12200712280402387,0.5428534784336614,-0.08918741211946175,1.115759982694915,0.27165623142730616,0.7608097506153836,SCoNE,0.001,True,/home/jupyter/repos/SCoNE/output/models/signed_cov_effects/tune_8
179,0.0031417547186622895,0.1224248339702945,0.09909768716601754,1.361864042622496,19,tune,0,8,0.09684388363488004,0.12802093363321781,0.4572353241109742,0.08800688554044461,0.018264897706571893,0.13122493480692418,0.5502430588491783,-0.0521329605558311,1.0853550362480267,0.2765090063744692,0.7608097506153836,SCoNE,0.001,True,/home/jupyter/repos/SCoNE/output/models/signed_cov_effects/tune_8
180,0.05839614789056539,0.14929751847451023,0.13144395092148506,1.1392914634188307,20,tune,0,8,0.1415418995806283,0.1627810759401684,0.43995788258369184,0.0791086327483116,0.018007585747012278,0.14270796419729914,0.5326869691062005,-0.0645078386541069,0.8685029008107058,0.2707885626081249,0.7608097506153836,SCoNE,0.001,True,/home/jupyter/repos/SCoNE/output/models/signed_cov_effects/tune_8
181,0.007790549032053045,0.4060304251353955,0.40104592069367695,1.4602227649762178,21,tune,0,8,0.0029809308248728715,0.06599809960083604,0.4273200738426767,0.055107925856854714,0.12627570658019022,0.09801212959406903,0.5411802800297113,-0.0763160493629274,1.1902258548360283,0.26999691014018967,0.7608097506153836,SCoNE,0.001,True,/home/jupyter/repos/SCoNE/output/models/signed_cov_effects/tune_8
182,0.005815241839834902,0.2560118111134763,0.1917718299548989,1.1135513998743185,22,tune,0,8,0.3378895843431875,0.21660378716706916,0.4390235180643616,0.053853903549659805,0.21727373509876075,0.1767226764884499,0.5413537616884744,-0.07802058419985122,0.8473206088542016,0.26623079102011693,0.7608097506153836,SCoNE,0.001,True,/home/jupyter/repos/SCoNE/output/models/signed_cov_effects/tune_8
183,0.028972255066081497,0.19958314545208378,0.18177056481572315,1.1279858092046169,23,tune,0,8,0.3145748672370808,0.31507235242528736,0.4294404566434479,0.041055530738517636,0.016051500869416726,0.10994606146369866,0.5254692756072032,-0.06234128654883371,0.8483149593442313,0.2796708498603856,0.7608097506153836,SCoNE,0.001,True,/home/jupyter/repos/SCoNE/output/models/signed_cov_effects/tune_8
184,0.009929413424307176,0.16446023613646138,0.16112540645495588,1.1143213654197988,24,tune,0,8,0.14666786288393438,0.23161789953752954,0.43538065961068856,0.06460237622374054,0.051698019459021166,0.17914415001525927,0.5007036644720374,-0.04708985090246169,0.849497471164211,0.26482389425558767,0.7608097506153836,SCoNE,0.001,True,/home/jupyter/repos/SCoNE/output/models/signed_cov_effects/tune_8
185,0.051334359131522886,0.3079359783250076,0.29915617462334976,1.2484404308168688,25,tune,0,8,0.1084739854754449,0.2233451612877414,0.4416308537549752,0.052018035878513814,0.03038510451861471,0.14796387308644993,0.5071845764882733,-0.03934782678316349,0.8521816730199324,0.3962587577969365,0.7608097506153836,SCoNE,0.001,True,/home/jupyter/repos/SCoNE/output/models/signed_cov_effects/tune_8
186,0.0006838794541804181,0.25765481969159926,0.24912943633913087,1.1162063872911565,26,tune,0,8,0.23682147228825814,0.17731439115109335,0.44412690378803105,0.06848530373004248,0.05507335994438938,0.07808820372769809,0.5411450850577598,-0.07733257736996706,0.848854190550962,0.2673521967401944,0.7608097506153836,SCoNE,0.001,True,/home/jupyter/repos/SCoNE/output/models/signed_cov_effects/tune_8
187,0.029760570411037787,0.07877499774956975,0.07031320657340738,1.1903772591923079,27,tune,0,8,0.09866572589539609,0.09964053169780468,0.4525745323565357,0.06275641857806376,0.09744795889351604,0.15166935466934575,0.5480560514199273,-0.05697863816112136,0.8919511341559296,0.2984261250363782,0.7608097506153836,SCoNE,0.001,True,/home/jupyter/repos/SCoNE/output/models/signed_cov_effects/tune_8
188,0.015844456904134215,0.30495098569325807,0.2456155347557839,1.1643787918777675,28,tune,0,8,0.03397304330589976,0.12414870186955863,0.44960240349672753,0.06296581262978536,0.12142288639707037,0.11225522580961066,0.5481072838242392,-0.06470816531272985,0.8720894899994216,0.29228930187834584,0.7608097506153836,SCoNE,0.001,True,/home/jupyter/repos/SCoNE/output/models/signed_cov_effects/tune_8
189,0.0036151093241003126,0.12885553358455423,0.10913183443891919,1.1070781089894848,29,tune,0,8,0.09226990505728927,0.10896558898497442,0.4337662717366264,0.04619866368804497,0.045968375177857686,0.15427166191904884,0.5048550411519739,-0.0526355401669502,0.8627640312603548,0.24431407772913002,0.7608097506153836,SCoNE,0.001,True,/home/jupyter/repos/SCoNE/output/models/signed_cov_effects/tune_8
190,0.006738911359548886,0.04508983357891082,0.04195813630885783,1.5073489456351052,30,tune,0,8,0.051982753867798714,0.1165815988788487,0.4467858790600813,0.10182579714126144,0.02936087606925878,0.21182529747289716,0.5355731816994904,-0.0806095279739955,1.2233191554452358,0.2840297901898693,0.7608097506153836,SCoNE,0.001,True,/home/jupyter/repos/SCoNE/output/models/signed_cov_effects/tune_8
191,0.0008805007209150949,0.040664702941546754,0.03812195049380628,1.9590724113519498,31,tune,0,8,0.10297875561986741,0.10598874488425138,0.42421041310934043,0.060190343635703185,0.10407172228257652,0.18434565448585108,0.5404054836468014,-0.06495218297690036,1.692413759251797,0.26665865210015294,0.7608097506153836,SCoNE,0.001,True,/home/jupyter/repos/SCoNE/output/models/signed_cov_effects/tune_8
192,1.2414827947899788e-05,0.038416440729988975,0.03831615058841429,1.80362189710576,32,tune,0,8,0.005227902615674481,0.08240911043697707,0.43061467900903194,0.08079102218319767,0.047101775193170915,0.07640324033538333,0.42361438268561935,-0.03877663958188822,1.3521193150672337,0.45150258203852633,0.7608097506153836,SCoNE,0.001,True,/home/jupyter/repos/SCoNE/output/models/signed_cov_effects/tune_8
193,0.06568211556522048,0.11595117359175891,0.11085140206582947,1.1336052423801117,33,tune,0,8,0.24974942272233627,0.2497602234227564,0.43270977970750535,0.05597073721722204,0.10683093305014518,0.1869367428849041,0.529072834396918,-0.06908149259066856,0.8616648788145276,0.27194036356558415,0.7608097506153836,SCoNE,0.001,True,/home/jupyter/repos/SCoNE/output/models/signed_cov_effects/tune_8
194,0.0022867369965955476,0.17380172308170197,0.1622811451297141,1.1895521018399497,34,tune,0,8,0.2023354965047101,0.1672574477281692,0.43713608983881563,0.07161810560853836,0.10887607033372095,0.2120379892338732,0.5138125520879778,-0.05228755339341647,0.9134903402098397,0.27606176163011004,0.7608097506153836,SCoNE,0.001,True,/home/jupyter/repos/SCoNE/output/models/signed_cov_effects/tune_8
195,0.06305045864324843,0.20697898766741435,0.16663847018160133,1.1316931847595353,35,tune,0,8,0.24093202155577279,0.20630237050256509,0.43140670311999985,0.043917530087399397,0.04542844453170487,0.16848027034151425,0.5416972774490447,-0.05253823712200105,0.8652906863853943,0.26640249837414093,0.7608097506153836,SCoNE,0.001,True,/home/jupyter/repos/SCoNE/output/models/signed_cov_effects/tune_8
196,0.015084463606446358,0.05291390034253429,0.0489058386604805,1.930899736839894,36,tune,0,8,0.2278068783507207,0.11007236022279226,0.4209935979176859,0.06209873210057739,0.06222957693912476,0.13724512613684178,0.538383845420578,-0.10029838354347394,1.640682337498678,0.2902173993412159,0.7608097506153836,SCoNE,0.001,True,/home/jupyter/repos/SCoNE/output/models/signed_cov_effects/tune_8
197,0.0001362144255754241,0.08472105395337545,0.08263798939736419,1.486483098964975,37,tune,0,8,0.032502644974565606,0.06576365781386889,0.4282002383483129,0.08238530011195974,0.016800710195985228,0.12315142004735578,0.5349718217641487,-0.05620592364197369,1.2152833380986203,0.2711997608663549,0.7608097506153836,SCoNE,0.001,True,/home/jupyter/repos/SCoNE/output/models/signed_cov_effects/tune_8
198,0.004200006879794837,0.21842747924027106,0.19582679231234443,1.2920409167836922,38,tune,0,8,0.06784808432547222,0.16319058228455752,0.47743893901279877,0.06278828829151856,0.0,0.12475639137154307,0.5255053607564266,-0.09628648030899906,0.9984573094483353,0.29358360733535693,0.7608097506153836,SCoNE,0.001,True,/home/jupyter/repos/SCoNE/output/models/signed_cov_effects/tune_8
199,0.06961360844626688,0.2672606021374069,0.2322912172628534,1.4024726945979213,39,tune,0,8,0.05074218324430014,0.054171931618941224,0.4540929461866455,0.08796088299788954,0.010269233832700288,0.11802914810676654,0.5372653380941834,-0.05253275675360256,1.1380433996404697,0.2644292949574516,0.7608097506153836,SCoNE,0.001,True,/home/jupyter/repos/SCoNE/output/models/signed_cov_effects/tune_8
200,0.002530362721985418,0.10525940978249987,0.09683007804154588,1.5438535418839776,40,tune,0,8,0.024425683058029637,0.07807430448383328,0.447959256944687,0.09320975870080286,0.08980271388061917,0.11722298393079472,0.5409015448490361,-0.04431483458523473,1.286842809517709,0.2570107323662686,0.7608097506153836,SCoNE,0.001,True,/home/jupyter/repos/SCoNE/output/models/signed_cov_effects/tune_8
201,0.02698913496751686,0.33827890543486877,0.30745756199988516,1.4274886027362133,41,tune,0,8,0.29633009364710533,0.23247588775459715,0.44288529191780385,0.05271670958896989,0.0009129459953417149,0.13516163624960986,0.37501023838636427,-0.06027286340731216,0.8594779725211571,0.568010630215056,0.7608097506153836,SCoNE,0.001,True,/home/jupyter/repos/SCoNE/output/models/signed_cov_effects/tune_8
202,3.5450859686072216e-05,0.115994131891579,0.09023601401343408,1.573779892308837,42,tune,0,8,0.00258196804095836,0.04109426346803628,0.4386272139294147,0.06344103138780693,0.05827524549807599,0.16877195501139597,0.5293465818920593,-0.08329706867907712,1.2846635597593261,0.28911633254951086,0.7608097506153836,SCoNE,0.001,True,/home/jupyter/repos/SCoNE/output/models/signed_cov_effects/tune_8
203,0.00027183437846612984,0.13533705672220392,0.12977857903442036,1.991444900957196,43,tune,0,8,0.26554133774292177,0.21540006041664758,0.38724342900558145,0.05568626484831694,0.05837447548162459,0.11686626093119365,0.521250965834656,-0.0473604776560896,1.7200420890438297,0.2714028119133661,0.7608097506153836,SCoNE,0.001,True,/home/jupyter/repos/SCoNE/output/models/signed_cov_effects/tune_8
204,0.04246401392798628,0.1589865819466709,0.13714544082450694,1.110971913286594,44,tune,0,8,0.43864293869920623,0.19070029728292737,0.44053127265115233,0.06865656071125308,0.07254858041640096,0.05767955448354344,0.5102317481728201,-0.06007684283500368,0.8380171670703754,0.27295474621621857,0.7608097506153836,SCoNE,0.001,True,/home/jupyter/repos/SCoNE/output/models/signed_cov_effects/tune_8
205,0.09576021509592518,0.05025199554977443,0.04997156640768379,1.1258927182015916,45,tune,0,8,0.17212732432367764,0.2579556292549287,0.43797295015270904,0.07056924978701624,0.08383544323955057,0.2828461380455446,0.4900573716613431,-0.020320743146953126,0.8265109343875693,0.2993817838140223,0.7608097506153836,SCoNE,0.001,True,/home/jupyter/repos/SCoNE/output/models/signed_cov_effects/tune_8
206,0.0002618508771593101,0.2548847084806943,0.23675182060177463,1.408714880465167,46,tune,0,8,0.03388629947068231,0.1254752837248395,0.4720446392091883,0.07348436561366949,0.003226748171069114,0.11336373845633187,0.4593679227927692,-0.05971867386581917,1.0441594533358998,0.3645554271292673,0.7608097506153836,SCoNE,0.001,True,/home/jupyter/repos/SCoNE/output/models/signed_cov_effects/tune_8
207,0.01295830124307847,0.278030526835911,0.2704182875397325,1.2314769958079637,47,tune,0,8,0.22516887207299255,0.28162325839242314,0.4532790831508355,0.06340497495381998,0.015372443730263275,0.12385961145015227,0.5107930187434654,-0.048017569906507636,0.8991886790402953,0.3322883167676684,0.7608097506153836,SCoNE,0.001,True,/home/jupyter/repos/SCoNE/output/models/signed_cov_effects/tune_8
208,0.00018752283551237646,0.0495965347790825,0.049058742449728465,2.086473114186306,48,tune,0,8,0.03731665002113554,0.07497995573886335,0.4199359587617096,0.0733119657177932,0.10228076718263192,0.21064018732826892,0.4495570069471913,-0.07916590094798528,1.6912555433619307,0.39521757082437514,0.7608097506153836,SCoNE,0.001,True,/home/jupyter/repos/SCoNE/output/models/signed_cov_effects/tune_8
209,0.0031658085590977694,0.3556245346591742,0.3301171116919342,1.138022584308655,49,tune,0,8,0.026248048218179755,0.14753030273210022,0.45643062161480374,0.06966198213926256,0.0959811070744644,0.2345502957212747,0.5510572884996756,-0.0578187974341816,0.8837062698047763,0.2543163145038787,0.7608097506153836,SCoNE,0.001,True,/home/jupyter/repos/SCoNE/output/models/signed_cov_effects/tune_8
210,0.6378273729631178,0.8388504078749086,0.4366334729816409,1.0387522703220033,0,tune,1,19,0.5205029845478459,0.30011360551839744,0.8429081139917524,0.38063339768983584,0.8765925478430008,0.3826046047333797,0.8456565697402084,0.23223785351998838,0.4922132564555798,0.5465390138664236,0.9355989536243895,SCoNE,0.0,False,/home/jupyter/repos/SCoNE/output/models/signed_cov_effects/tune_19
211,0.40472876369077027,0.7567373911558797,0.45059832297246694,1.055697622992106,1,tune,1,19,0.36484028765547555,0.26556582223940384,0.851065665098246,0.45217888180795834,0.808270988358892,0.35365827054977944,0.7980328155094563,0.2763570690647405,0.5045771632099983,0.5511204597821077,0.9355989536243895,SCoNE,0.0,False,/home/jupyter/repos/SCoNE/output/models/signed_cov_effects/tune_19
212,0.3888972812541554,0.7671381052645948,0.45603519405548326,1.046771237569802,2,tune,1,19,0.4102071423418971,0.2819430173162311,0.8554884191600869,0.42866741155103655,0.8118410224338176,0.33806424505684435,0.841589917745858,0.2210531523176932,0.5082466669850587,0.5385245705847432,0.9355989536243895,SCoNE,0.0,False,/home/jupyter/repos/SCoNE/output/models/signed_cov_effects/tune_19
213,0.47255936636846474,0.7889929627860593,0.4469194232897871,1.0536250716447726,3,tune,1,19,0.35431803157896796,0.27396505226963835,0.838712269913851,0.442168175075822,0.9000380108357197,0.37862209052879947,0.914559841942592,0.22603764115898223,0.503308502589746,0.5503165690550267,0.9355989536243895,SCoNE,0.0,False,/home/jupyter/repos/SCoNE/output/models/signed_cov_effects/tune_19
214,0.4468289714022344,0.7783255587844717,0.45015387629651565,1.0506102519188982,4,tune,1,19,0.39858988109001137,0.2651042851459931,0.8809427336807778,0.40388425433525915,0.8337996029988292,0.38672325403729885,0.8463980911353158,0.2531537320392702,0.5026969363394472,0.547913315579451,0.9355989536243895,SCoNE,0.0,False,/home/jupyter/repos/SCoNE/output/models/signed_cov_effects/tune_19
215,0.5910051913524246,0.8180382350673194,0.44736476208187,1.0386969986863868,5,tune,1,19,0.5366056797118789,0.29114379708419486,0.8807857836914647,0.3868449575298576,0.8497114027517698,0.3749806249770349,0.8541126126108025,0.22419972600042923,0.49513642194777974,0.543560576738607,0.9355989536243895,SCoNE,0.0,False,/home/jupyter/repos/SCoNE/output/models/signed_cov_effects/tune_19
216,0.6421688115660901,0.8479993381034294,0.43570166919652986,1.0378656890474782,6,tune,1,19,0.4872545659070168,0.3070686509182347,0.8122027060172825,0.37857350833436176,0.8553513664003008,0.4012084409274332,0.786318187576237,0.24385855423914424,0.49746661607502735,0.5403990729724509,0.9355989536243895,SCoNE,0.0,False,/home/jupyter/repos/SCoNE/output/models/signed_cov_effects/tune_19
217,0.41937449678670385,0.7568124316961377,0.44855186208884845,1.0564166226771619,7,tune,1,19,0.3198813987968426,0.277169261567667,0.8090214489991547,0.4760282096341835,0.8335358961691828,0.37398980646585955,0.8739592793724373,0.2569327258533397,0.5033068336937596,0.5531097889834021,0.9355989536243895,SCoNE,0.0,False,/home/jupyter/repos/SCoNE/output/models/signed_cov_effects/tune_19
218,0.5929701864023557,0.824893734947868,0.44621181468369997,1.0411974546823273,8,tune,1,19,0.4938314792720246,0.27833022707951083,0.8585252283144728,0.42093872551373335,0.8701625286226076,0.3786385589125763,0.85848114992926,0.22651390039356148,0.49908587219840006,0.5421115824839273,0.9355989536243895,SCoNE,0.0,False,/home/jupyter/repos/SCoNE/output/models/signed_cov_effects/tune_19
219,0.6516131556506022,0.8511448352616066,0.42991458625988627,1.0385315630858591,9,tune,1,19,0.5165218369594693,0.31136360280269115,0.8525610530469891,0.3876725355089268,0.8498156474825848,0.39815541554784206,0.7848970974267844,0.2511000771062785,0.49298524826745205,0.545546314818407,0.9355989536243895,SCoNE,0.0,False,/home/jupyter/repos/SCoNE/output/models/signed_cov_effects/tune_19
220,0.6191521227024672,0.843118977617642,0.4362482539327343,1.0377818743176996,10,tune,1,19,0.515072040042603,0.2902496746700929,0.8625918967928797,0.4125211354750381,0.8744957217955835,0.37278251316853817,0.8610584395704695,0.2554513204297401,0.49770275644898143,0.5400791178687182,0.9355989536243895,SCoNE,0.0,False,/home/jupyter/repos/SCoNE/output/models/signed_cov_effects/tune_19
221,0.40556708933590324,0.749412917889349,0.44914517977774665,1.0595726564250523,11,tune,1,19,0.33942998145353453,0.25007367910099,0.8110979469278775,0.509813737027936,0.8597519113688464,0.36483298531035957,0.8952082922407253,0.25874380472459707,0.5011652559501146,0.5584074004749376,0.9355989536243895,SCoNE,0.0,False,/home/jupyter/repos/SCoNE/output/models/signed_cov_effects/tune_19
222,0.466532216497213,0.7828172041788333,0.45129116331000135,1.0508508412786641,12,tune,1,19,0.38537885540596256,0.2695815787334961,0.8274430672121705,0.4486425071566201,0.8325575259189978,0.3687300672607794,0.8710752687823964,0.2350403091825758,0.5060378806930887,0.5448129605855754,0.9355989536243895,SCoNE,0.0,False,/home/jupyter/repos/SCoNE/output/models/signed_cov_effects/tune_19
223,0.41686236986975295,0.7733484821919004,0.45778935767425,1.0461344330616584,13,tune,1,19,0.4460489128187473,0.27277746658862534,0.8877689633726374,0.4460819014433327,0.8147029199679192,0.36754811700677664,0.8332916853163015,0.21778261839673127,0.507492021855839,0.5386424112058195,0.9355989536243895,SCoNE,0.0,False,/home/jupyter/repos/SCoNE/output/models/signed_cov_effects/tune_19
224,0.3739690733291773,0.7437036169232675,0.4566185118066474,1.0495932500530327,14,tune,1,19,0.41217741933176255,0.261986370211883,0.895682492319236,0.42190524121910467,0.7782116241213014,0.35580363605615,0.8374170983655609,0.24361278790861363,0.507231647791057,0.5423616022619758,0.9355989536243895,SCoNE,0.0,False,/home/jupyter/repos/SCoNE/output/models/signed_cov_effects/tune_19
225,0.6139073626650505,0.8378006027109901,0.44063598181666763,1.0376678297986577,15,tune,1,19,0.5244731343074559,0.30459282116467556,0.8706592806372615,0.40059174193603736,0.8944500726853003,0.38933109403089866,0.8752274343821264,0.2178465251263418,0.49784701166744255,0.5398208181312152,0.9355989536243895,SCoNE,0.0,False,/home/jupyter/repos/SCoNE/output/models/signed_cov_effects/tune_19
226,0.44485933280478207,0.7734480791672664,0.44853618308655996,1.0523494825966626,16,tune,1,19,0.39352599826257634,0.2829855290531604,0.8244249627988691,0.4483510810226699,0.8232448851296896,0.3701793088425069,0.8708178874484016,0.2562554639699524,0.503814204762924,0.5485352778337385,0.9355989536243895,SCoNE,0.0,False,/home/jupyter/repos/SCoNE/output/models/signed_cov_effects/tune_19
227,0.39347282835739794,0.7517923756240269,0.44887530304351614,1.0566087406440638,17,tune,1,19,0.335738606262883,0.2572940587786589,0.8615335948359933,0.49188644003807974,0.8621616008240288,0.351002932521232,0.8845909424991806,0.24094741358922395,0.503532096239633,0.5530766444044308,0.9355989536243895,SCoNE,0.0,False,/home/jupyter/repos/SCoNE/output/models/signed_cov_effects/tune_19
228,0.5064581912205117,0.788724806479634,0.45318070376809333,1.0504234474433853,18,tune,1,19,0.42296441772144133,0.2867763806444535,0.877500221675701,0.42669257503917174,0.8527938895249766,0.38797394753925474,0.834099491928799,0.21175244410055505,0.49820814073232844,0.5522153067110568,0.9355989536243895,SCoNE,0.0,False,/home/jupyter/repos/SCoNE/output/models/signed_cov_effects/tune_19
229,0.6356558043681269,0.8442926055584073,0.4392561814120773,1.0377430554002247,19,tune,1,19,0.5366189168747645,0.27980799652050625,0.8738805646565543,0.4202307178053141,0.8635851626260196,0.3708224980364516,0.7607965952541241,0.19999673570850837,0.49659946458703597,0.5411435908131887,0.9355989536243895,SCoNE,0.0,False,/home/jupyter/repos/SCoNE/output/models/signed_cov_effects/tune_19
230,0.5112631863172276,0.7992505088224753,0.44883119915510794,1.0498738965382513,20,tune,1,19,0.40572747752310323,0.2845859898612637,0.8577952283899053,0.4411445454840953,0.8934689055821453,0.36467093893881086,0.8976453058317391,0.2398186691344268,0.5034109729339397,0.5464629236043116,0.9355989536243895,SCoNE,0.0,False,/home/jupyter/repos/SCoNE/output/models/signed_cov_effects/tune_19
231,0.5852759534492037,0.8215786722331672,0.4432365074744299,1.0388592090006878,21,tune,1,19,0.5099526497584169,0.28188804012783364,0.8463900269401493,0.38541897729657426,0.8537186310558834,0.3840032604434217,0.8326899361193337,0.2196588852348867,0.49348339720250484,0.545375811798183,0.9355989536243895,SCoNE,0.0,False,/home/jupyter/repos/SCoNE/output/models/signed_cov_effects/tune_19
232,0.6131852160450156,0.8321955786753256,0.44290227937820115,1.0393042419698264,22,tune,1,19,0.530256066622705,0.2879153087971114,0.876365126382546,0.3943243585062683,0.8808510633403754,0.3988408692097954,0.8662418215137799,0.23933233717218072,0.4959536352286518,0.5433506067411745,0.9355989536243895,SCoNE,0.0,False,/home/jupyter/repos/SCoNE/output/models/signed_cov_effects/tune_19
233,0.5361806984342309,0.817612457234714,0.4298154411414258,1.0439156429170469,23,tune,1,19,0.4858789181258626,0.32853116576385216,0.8662057303105601,0.3824277541798431,0.8750084884976883,0.36850685525922894,0.904722658081572,0.22216897238704625,0.5037258697508371,0.5401897731662096,0.9355989536243895,SCoNE,0.0,False,/home/jupyter/repos/SCoNE/output/models/signed_cov_effects/tune_19
234,0.5023139776489954,0.7958139269877409,0.4585384258047679,1.0431185674163759,24,tune,1,19,0.4810755539413277,0.26969003030275834,0.8483967565710956,0.3781429829573091,0.8366012331156277,0.3672820464310227,0.8239923147713526,0.22361163492375163,0.4981924671813669,0.544926100235009,0.9355989536243895,SCoNE,0.0,False,/home/jupyter/repos/SCoNE/output/models/signed_cov_effects/tune_19
235,0.5844039909813243,0.8204890615168187,0.44668750273610847,1.0394901622113757,25,tune,1,19,0.5075542826369052,0.30050248260456586,0.8202790245786079,0.3609774741229647,0.8482018959690053,0.38882041197999767,0.8073570427705706,0.22037184581733144,0.4928099312921069,0.5466802309192688,0.9355989536243895,SCoNE,0.0,False,/home/jupyter/repos/SCoNE/output/models/signed_cov_effects/tune_19
236,0.3448839496020653,0.7086608360580303,0.4469728935750623,1.0627089716243692,26,tune,1,19,0.3031567248208761,0.26022886400457407,0.8346993756555876,0.49744604697311423,0.802661448426298,0.36435446415572953,0.8707594248275359,0.23715842861697772,0.5036144236404682,0.5590945479839011,0.9355989536243895,SCoNE,0.0,False,/home/jupyter/repos/SCoNE/output/models/signed_cov_effects/tune_19
237,0.4665467177270686,0.7863962343914902,0.4467746003447364,1.0549869103807687,27,tune,1,19,0.39331550365540074,0.2641168303130674,0.8492190744884142,0.45020569757132817,0.8143928326950953,0.38746154249079123,0.7961554827923203,0.23927399425700302,0.5032252135106325,0.5517616968701362,0.9355989536243895,SCoNE,0.0,False,/home/jupyter/repos/SCoNE/output/models/signed_cov_effects/tune_19
238,0.6333882919911298,0.8357751912104906,0.43856527990470623,1.0379991177098349,28,tune,1,19,0.5464888189961049,0.2845219849590711,0.894478440648837,0.42352896432577175,0.8766234037855668,0.39095707143225106,0.8769874095776361,0.20681136889997162,0.49648735918227527,0.5415117585275596,0.9355989536243895,SCoNE,0.0,False,/home/jupyter/repos/SCoNE/output/models/signed_cov_effects/tune_19
239,0.3712441418750014,0.7317273503163779,0.4506421870002586,1.0594878694599492,29,tune,1,19,0.3210421671762124,0.2628351787817314,0.8708843428244786,0.49449183416908055,0.8188085296347363,0.38120157569395474,0.8829321239172914,0.25671316022790974,0.5017045880934,0.5577832813665492,0.9355989536243895,SCoNE,0.0,False,/home/jupyter/repos/SCoNE/output/models/signed_cov_effects/tune_19
240,0.5562120374200684,0.8155731246674052,0.44922462988618017,1.0392119308790124,30,tune,1,19,0.5003638436469937,0.2865320523181721,0.8483371121008205,0.39331874769048464,0.847515384776515,0.36898168676680576,0.8408157432097956,0.24686719405203278,0.49641520027520725,0.5427967306038053,0.9355989536243895,SCoNE,0.0,False,/home/jupyter/repos/SCoNE/output/models/signed_cov_effects/tune_19
241,0.626847073268265,0.8405656340322337,0.4421587230814749,1.0384908437279918,31,tune,1,19,0.5365261589317686,0.30247574169368835,0.8854377668310078,0.4146898186810114,0.8775510518011219,0.3767643084421098,0.8495845230165397,0.22546289823123142,0.4980745255481063,0.5404163181798854,0.9355989536243895,SCoNE,0.0,False,/home/jupyter/repos/SCoNE/output/models/signed_cov_effects/tune_19
242,0.5891609255526467,0.8320728209379311,0.4401736777230876,1.0395913671179358,32,tune,1,19,0.5400770410407914,0.2816292743844625,0.9200074607510308,0.4323947090171666,0.9072861453556542,0.37245971254430776,0.884165022396018,0.23071852814520025,0.5010163370237392,0.5385750300941966,0.9355989536243895,SCoNE,0.0,False,/home/jupyter/repos/SCoNE/output/models/signed_cov_effects/tune_19
243,0.5556012109945067,0.8176534827740256,0.4543751801644879,1.0408829472363252,33,tune,1,19,0.4846418613196419,0.3100863907801212,0.8444957689351471,0.39094520364261653,0.8609383254747228,0.3815637992265621,0.8626867941080018,0.22673148509826546,0.4968027080333334,0.5440802392029919,0.9355989536243895,SCoNE,0.0,False,/home/jupyter/repos/SCoNE/output/models/signed_cov_effects/tune_19
244,0.3304943955501563,0.7122433079329229,0.44461214101693264,1.061134546171668,34,tune,1,19,0.336648020247533,0.2804004893474884,0.8337917811084982,0.4638357049914177,0.7546951520770648,0.3346444939344717,0.8405492211000343,0.3040215362768678,0.5045499752744617,0.5565845708972064,0.9355989536243895,SCoNE,0.0,False,/home/jupyter/repos/SCoNE/output/models/signed_cov_effects/tune_19
245,0.5317248312052599,0.7960347644186111,0.456910422218472,1.0468531717990377,35,tune,1,19,0.40201627097031717,0.25380517265519237,0.8260222330329906,0.3829972564854625,0.8440997226476478,0.3679887845192829,0.857665450336496,0.22666941738549504,0.5067023544347895,0.5401508173642483,0.9355989536243895,SCoNE,0.0,False,/home/jupyter/repos/SCoNE/output/models/signed_cov_effects/tune_19
246,0.6030889291499735,0.8314570402820127,0.443979480950793,1.0415001065563767,36,tune,1,19,0.4683198966545598,0.2926844805546505,0.8458061883343818,0.39514694153103946,0.8833432395265388,0.3871761304573091,0.8994784977792648,0.2410642798645473,0.49812243148053714,0.5433776750758396,0.9355989536243895,SCoNE,0.0,False,/home/jupyter/repos/SCoNE/output/models/signed_cov_effects/tune_19
247,0.32367978455212126,0.7133811589152673,0.46039613124903384,1.0546602131250986,37,tune,1,19,0.3469702400537754,0.26536716475884864,0.8151061667459432,0.40101135933665494,0.7682346262377442,0.3547768574417019,0.8769124461839891,0.23276270475891458,0.5056907538342388,0.5489694592908599,0.9355989536243895,SCoNE,0.0,False,/home/jupyter/repos/SCoNE/output/models/signed_cov_effects/tune_19
248,0.6096037171097257,0.8302515792922459,0.43944674164683023,1.040332042284674,38,tune,1,19,0.49371606503031007,0.2889676985244772,0.8253849604747563,0.36943653211831157,0.8545837711898976,0.3966470267024028,0.896199927550091,0.2123979050179507,0.4923442279826295,0.5479878143020445,0.9355989536243895,SCoNE,0.0,False,/home/jupyter/repos/SCoNE/output/models/signed_cov_effects/tune_19
249,0.6340731463757651,0.8464055093863012,0.4346604397967808,1.0380016438615887,39,tune,1,19,0.5111403732426705,0.29338208794146814,0.8825152528602854,0.40468394297905314,0.907492191129471,0.37683027112673506,0.926352329810206,0.26016804052753395,0.4984829730641928,0.5395186707973958,0.9355989536243895,SCoNE,0.0,False,/home/jupyter/repos/SCoNE/output/models/signed_cov_effects/tune_19
250,0.3855268738996359,0.7401962406134339,0.44073980266512586,1.0610159243143564,40,tune,1,19,0.3315362077299524,0.26177112026293736,0.8286173214910343,0.5155419910788579,0.7887382773015261,0.3888357607291427,0.8654949755247293,0.2717917997749555,0.5024891447098158,0.5585267796045407,0.9355989536243895,SCoNE,0.0,False,/home/jupyter/repos/SCoNE/output/models/signed_cov_effects/tune_19
251,0.3772484304652743,0.7539054595498004,0.45378828088964585,1.04974221189455,41,tune,1,19,0.39246818593176985,0.26764393942663145,0.8295896397834176,0.37932607497847975,0.7947843512866118,0.33919525703616193,0.8826814012261005,0.22889038234489,0.5054358355740658,0.5443063763204842,0.9355989536243895,SCoNE,0.0,False,/home/jupyter/repos/SCoNE/output/models/signed_cov_effects/tune_19
252,0.4220256020261457,0.7684384895088895,0.4473325982249635,1.0536939335787916,42,tune,1,19,0.3642178764046986,0.2542801181650811,0.8181310115153554,0.46565880710243057,0.8414422378182997,0.3612591516550189,0.8454911983510166,0.22388607281224313,0.5043230714670016,0.5493708621117901,0.9355989536243895,SCoNE,0.0,False,/home/jupyter/repos/SCoNE/output/models/signed_cov_effects/tune_19
253,0.48779657319681285,0.7917897638155785,0.4530821237593241,1.0490896604815416,43,tune,1,19,0.4144070355220588,0.27160859969494455,0.8503518164256797,0.4284645805884445,0.8451577501301218,0.3595190729517502,0.8807148133946257,0.24846742297561364,0.5018859957188965,0.5472036647626451,0.9355989536243895,SCoNE,0.0,False,/home/jupyter/repos/SCoNE/output/models/signed_cov_effects/tune_19
254,0.642985962427557,0.848395178771066,0.43212054900860636,1.0385621954940634,44,tune,1,19,0.5095487090563754,0.3058112449879728,0.8941014651892105,0.41307103186758404,0.9232190295428685,0.36559089632982433,0.9221507385591274,0.25502834654749035,0.4983721053524318,0.5401900901416314,0.9355989536243895,SCoNE,0.0,False,/home/jupyter/repos/SCoNE/output/models/signed_cov_effects/tune_19
255,0.4179207250262435,0.7679509928648113,0.44810223609119376,1.057640172592301,45,tune,1,19,0.376055375945655,0.29831481425162293,0.8169130363038148,0.4195923275022222,0.8268478313408804,0.3498729016329751,0.8844792421453648,0.29250415056365464,0.5012673184364195,0.5563728541558816,0.9355989536243895,SCoNE,0.0,False,/home/jupyter/repos/SCoNE/output/models/signed_cov_effects/tune_19
256,0.47149018245086743,0.7879785578998427,0.46005046397367194,1.04699834075612,46,tune,1,19,0.46135830869329175,0.2503430108270357,0.8860555651628474,0.4454647685132901,0.8199427403739208,0.37052940261772527,0.8218185086811576,0.20815209938232193,0.5043718579983645,0.5426264827577557,0.9355989536243895,SCoNE,0.0,False,/home/jupyter/repos/SCoNE/output/models/signed_cov_effects/tune_19
257,0.6358428244034428,0.8465290152341094,0.43944464349572465,1.0377756354550165,47,tune,1,19,0.4853377256871062,0.29015440949929294,0.8087508282405586,0.35946738291128744,0.855920442997098,0.36297707432127857,0.7988833284673512,0.22110885947640477,0.49629879040628644,0.5414768450487302,0.9355989536243895,SCoNE,0.0,False,/home/jupyter/repos/SCoNE/output/models/signed_cov_effects/tune_19
258,0.3949385769855837,0.7541578306733835,0.4498795761489465,1.0566390033976236,48,tune,1,19,0.3294296150028072,0.2667482343700272,0.825832801785659,0.4770137217136521,0.8020461770245826,0.3763424389406404,0.8447211144334364,0.26902934280590507,0.5057256277401273,0.5509133756574962,0.9355989536243895,SCoNE,0.0,False,/home/jupyter/repos/SCoNE/output/models/signed_cov_effects/tune_19
259,0.6301949689007125,0.8405948489721285,0.4302832728182392,1.041751224272989,49,tune,1,19,0.5512656042660814,0.29939216934580526,0.9104274933566042,0.41795627506916483,0.864760661675231,0.37835915371200274,0.8389889135542998,0.22468850106341265,0.5059380958514347,0.5358131284215543,0.9355989536243895,SCoNE,0.0,False,/home/jupyter/repos/SCoNE/output/models/signed_cov_effects/tune_19
260,0.6378436632152203,0.8325021503276386,0.4329168329847498,1.0402360934141466,0,tune,1,23,0.6312278014679088,0.25683894862431683,0.958211871930398,0.48255906850510116,0.9330623479897381,0.3579669661159059,0.9709113377321025,0.2667055128915927,0.4974458160013279,0.5427902774128186,0.9492330655289785,SCoNE,1.0,False,/home/jupyter/repos/SCoNE/output/models/signed_cov_effects/tune_23
261,0.27903078570175205,0.6730734721300614,0.4498222727681584,1.0518270514119723,1,tune,1,23,0.29773823712861613,0.2299796476300707,0.9395557772301024,0.4978542434567782,0.7484147783307646,0.28301970691886075,0.9255148414632963,0.2754711572806186,0.5272231467543437,0.5246039046576285,0.9492330655289785,SCoNE,1.0,False,/home/jupyter/repos/SCoNE/output/models/signed_cov_effects/tune_23
262,0.43460836503555733,0.7660811030312119,0.4532353079591713,1.0464355338423899,2,tune,1,23,0.42490722742807707,0.25990314525942004,0.9374713583793503,0.48900751075818816,0.833310590935479,0.3187722143463027,0.9193840375231118,0.26123563390896004,0.5116385726022452,0.5347969612401446,0.9492330655289785,SCoNE,1.0,False,/home/jupyter/repos/SCoNE/output/models/signed_cov_effects/tune_23
263,0.5394094640812644,0.8029572935582271,0.44222113206872893,1.0449262560808577,3,tune,1,23,0.6047139984764834,0.23600170766450046,0.978089878976875,0.478521483200349,0.9143581713806137,0.33905306818418546,0.9822437570436295,0.2607059084661963,0.5039568667719234,0.5409693893089342,0.9492330655289785,SCoNE,1.0,False,/home/jupyter/repos/SCoNE/output/models/signed_cov_effects/tune_23
264,0.2722093937259001,0.6729187069000306,0.4457056067733859,1.052385162380256,4,tune,1,23,0.31083454973478764,0.23074228559828794,0.9668536936159219,0.4828141329447332,0.7864209204179418,0.31226139363280014,0.9742603717456831,0.25403820217454526,0.5306707172230504,0.5217144451572056,0.9492330655289785,SCoNE,1.0,False,/home/jupyter/repos/SCoNE/output/models/signed_cov_effects/tune_23
265,0.3657968852491427,0.7152869961321611,0.44507792040501637,1.0537266275462989,5,tune,1,23,0.34886472271806546,0.2883966108391541,0.9622720631687185,0.4751014328866063,0.7261335441193905,0.30240716232762943,0.924350492624199,0.26410189153123315,0.5258773470891163,0.5278492804571826,0.9492330655289785,SCoNE,1.0,False,/home/jupyter/repos/SCoNE/output/models/signed_cov_effects/tune_23
266,0.6229818095038852,0.8342898557219399,0.4292199446629904,1.0417324867026343,6,tune,1,23,0.5903979940427834,0.2884640747113365,0.9467452773124667,0.4884874350631888,0.9182463883564269,0.36997514447550794,0.9347613469303127,0.3029535199516202,0.5015973152114296,0.5401351714912046,0.9492330655289785,SCoNE,1.0,False,/home/jupyter/repos/SCoNE/output/models/signed_cov_effects/tune_23
267,0.5422094712183372,0.7995556743970608,0.4361524878102002,1.0438336908053332,7,tune,1,23,0.6769906032931639,0.24059371978417207,0.9824198703029741,0.509482042218954,0.8923388562298733,0.3206490776710013,0.9859814247682023,0.2753924789091558,0.5001545571651117,0.5436791336402216,0.9492330655289785,SCoNE,1.0,False,/home/jupyter/repos/SCoNE/output/models/signed_cov_effects/tune_23
268,0.5492789818726196,0.80267694052849,0.43808167936483144,1.0429927542202848,8,tune,1,23,0.6348605511221591,0.21815958332879876,0.9674020446877933,0.5035788992280882,0.9044231986035968,0.33259430019425584,0.9778407119600495,0.2716529678168255,0.5017795575531838,0.5412131966671009,0.9492330655289785,SCoNE,1.0,False,/home/jupyter/repos/SCoNE/output/models/signed_cov_effects/tune_23
269,0.6424745859399076,0.8306207229750688,0.42693598529891635,1.0413351114233382,9,tune,1,23,0.6524924761314697,0.271502922669305,0.9726451533139466,0.4818471923633244,0.9317002727621807,0.3685407259805205,0.9709296722615792,0.2837309484471818,0.4994621178274415,0.5418729935958967,0.9492330655289785,SCoNE,1.0,False,/home/jupyter/repos/SCoNE/output/models/signed_cov_effects/tune_23
270,0.34493901107507396,0.7377658560480795,0.4456373110583038,1.0518514616608239,10,tune,1,23,0.3838580972992015,0.2319715299534221,0.9432738194793913,0.49434799651830924,0.7997445952100467,0.31497310442403814,0.9395269516736989,0.2899919423661662,0.5160074438464961,0.5358440178143277,0.9492330655289785,SCoNE,1.0,False,/home/jupyter/repos/SCoNE/output/models/signed_cov_effects/tune_23
271,0.5588520482706246,0.7988963758429551,0.4493246692485991,1.0422573476374644,11,tune,1,23,0.5988194626245941,0.22014859766009606,0.957661790063773,0.4903152220156533,0.9016394959034636,0.3165737661524202,0.9565536328964198,0.2710534267493643,0.5019738236993321,0.5402835239381322,0.9492330655289785,SCoNE,1.0,False,/home/jupyter/repos/SCoNE/output/models/signed_cov_effects/tune_23
272,0.4073137090118843,0.7616388100987833,0.4464648949352385,1.0486594973075367,12,tune,1,23,0.4361700393864234,0.23466930899479807,0.9572692354241137,0.49934202659097887,0.8531340306136219,0.32826192058234305,0.9712790733430213,0.2675329776191124,0.5129121695069785,0.5357473278005583,0.9492330655289785,SCoNE,1.0,False,/home/jupyter/repos/SCoNE/output/models/signed_cov_effects/tune_23
273,0.5741698475219599,0.8049154740844333,0.43657948518245243,1.0414423153307761,13,tune,1,23,0.7030680166942997,0.23846594599082288,0.9767217023993198,0.49827666383703273,0.8998852591390364,0.3539730601455353,0.9804703216386809,0.27768909352921534,0.4986424879132023,0.5427998274175738,0.9492330655289785,SCoNE,1.0,False,/home/jupyter/repos/SCoNE/output/models/signed_cov_effects/tune_23
274,0.519262817716143,0.7910312258342972,0.43472008239480003,1.0446866143246532,14,tune,1,23,0.7647619615015492,0.16422637940681983,0.9916188080912192,0.5102426560960985,0.8632625372577076,0.341459791078538,0.978659601895468,0.2884513290122215,0.5011496903817312,0.543536923942922,0.9492330655289785,SCoNE,1.0,False,/home/jupyter/repos/SCoNE/output/models/signed_cov_effects/tune_23
275,0.40549452242514367,0.7496458050687914,0.4481070909899738,1.0531093969183802,15,tune,1,23,0.4522907829160199,0.2592114638240719,0.9483662774179429,0.48673025103399536,0.8695570156877009,0.33488259256720226,0.9485631107234249,0.27444350478674656,0.5061556773560915,0.5469537195622888,0.9492330655289785,SCoNE,1.0,False,/home/jupyter/repos/SCoNE/output/models/signed_cov_effects/tune_23
276,0.5490547262368277,0.8045108644041451,0.43922356377592187,1.0410768808868913,16,tune,1,23,0.6427189078741504,0.2541905141872596,0.9711894991204257,0.4873379624354378,0.8854984081766979,0.3367483196308569,0.9688852887774018,0.2786060234798953,0.4997896087364362,0.541287272150455,0.9492330655289785,SCoNE,1.0,False,/home/jupyter/repos/SCoNE/output/models/signed_cov_effects/tune_23
277,0.46862268002953295,0.780871891528563,0.4444134493822108,1.045899108333176,17,tune,1,23,0.5456652475446184,0.25016304289653996,0.9699607154153562,0.4857728023554098,0.8892756390190043,0.3258946174983214,0.9859886264935194,0.257172931909657,0.509339976651345,0.5365591316818309,0.9492330655289785,SCoNE,1.0,False,/home/jupyter/repos/SCoNE/output/models/signed_cov_effects/tune_23
278,0.255337928218564,0.6542707647461301,0.44188035046717516,1.0544798179660249,18,tune,1,23,0.29413063932844735,0.2438644452991596,0.9598827512233528,0.4908822874140307,0.757382525719571,0.28478505435759655,0.9459444127767563,0.25399470629858445,0.5223148752078948,0.5321649427581301,0.9492330655289785,SCoNE,1.0,False,/home/jupyter/repos/SCoNE/output/models/signed_cov_effects/tune_23
279,0.520924470650651,0.7917994231002249,0.4382075810787884,1.0435844240135235,19,tune,1,23,0.8106962964814232,0.18851242707762608,0.9895004817547818,0.5027496480207654,0.8629035807327567,0.3280201955155034,0.9728689337912205,0.27037438995282786,0.5027256923683122,0.5408587316452114,0.9492330655289785,SCoNE,1.0,False,/home/jupyter/repos/SCoNE/output/models/signed_cov_effects/tune_23
280,0.40030305982327563,0.7526278469888275,0.4362562328561493,1.0473354824552055,20,tune,1,23,0.6298170238303136,0.2198719067754985,0.986790180309307,0.4892907933160538,0.804110654302447,0.2799168928720557,0.9819715372075353,0.26337068220391446,0.5165014841857024,0.530833998269503,0.9492330655289785,SCoNE,1.0,False,/home/jupyter/repos/SCoNE/output/models/signed_cov_effects/tune_23
281,0.39423720990458155,0.7602965335920279,0.4507662745095747,1.0491885074362624,21,tune,1,23,0.4304060507134569,0.2496174049296394,0.960106659922119,0.5059782092828137,0.803805710108283,0.33079724344975403,0.9472475014539913,0.25451873032955064,0.5184380113182341,0.5307504961180284,0.9492330655289785,SCoNE,1.0,False,/home/jupyter/repos/SCoNE/output/models/signed_cov_effects/tune_23
282,0.6330840593896279,0.8279261510029055,0.4291191686725872,1.0401848855392686,22,tune,1,23,0.7235507517742586,0.21651083057561052,0.9813898221901659,0.4868487226002526,0.9488180688215948,0.37113271634799866,0.9817971609249454,0.27126341289019373,0.4982396322473712,0.5419452532918975,0.9492330655289785,SCoNE,1.0,False,/home/jupyter/repos/SCoNE/output/models/signed_cov_effects/tune_23
283,0.4744796919210849,0.7761987621285104,0.4427218186678394,1.0530664446448978,23,tune,1,23,0.5163610909091116,0.21795097022289056,0.9686699971504377,0.47870557178432305,0.8533431008656841,0.3340554842720239,0.9690677741704952,0.26458956707767434,0.5000562377145308,0.5530102069303671,0.9492330655289785,SCoNE,1.0,False,/home/jupyter/repos/SCoNE/output/models/signed_cov_effects/tune_23
284,0.6458087586746551,0.829315803519751,0.42699071038321923,1.0398926745529566,24,tune,1,23,0.6964884039893694,0.23213608206855643,0.9789084174821803,0.47910909270816704,0.9309618881562627,0.34882069964479423,0.9750441958766265,0.26486500174966493,0.49835807662973725,0.5415345979232195,0.9492330655289785,SCoNE,1.0,False,/home/jupyter/repos/SCoNE/output/models/signed_cov_effects/tune_23
285,0.5784572710836303,0.8094216070564032,0.44324266117189715,1.0411886097257335,25,tune,1,23,0.607046488358467,0.272979297881371,0.948643354557795,0.47149249636095875,0.8932445573070846,0.34832879927785754,0.9439905435665087,0.28051511168352133,0.49896501529851134,0.5422235944272222,0.9492330655289785,SCoNE,1.0,False,/home/jupyter/repos/SCoNE/output/models/signed_cov_effects/tune_23
286,0.3960843070299273,0.7500203737667362,0.4482844390875457,1.0454953878982551,26,tune,1,23,0.5532573429596918,0.24746310489140558,0.9756199939300153,0.507010729670503,0.8293968718791355,0.29060963842351906,0.977659545850904,0.25812394893610635,0.5136444430152235,0.5318509448830315,0.9492330655289785,SCoNE,1.0,False,/home/jupyter/repos/SCoNE/output/models/signed_cov_effects/tune_23
287,0.5440083377905833,0.7999103971918053,0.44228560614773904,1.042762970433685,27,tune,1,23,0.6430683554350837,0.22026810706096456,0.9737367249121262,0.48771513835121283,0.8761481358169807,0.35187944859850084,0.9642161618274385,0.28094169592222795,0.49995718492826563,0.5428057855054192,0.9492330655289785,SCoNE,1.0,False,/home/jupyter/repos/SCoNE/output/models/signed_cov_effects/tune_23
288,0.28828029677778627,0.668037000678548,0.441354605851942,1.0526686640750662,28,tune,1,23,0.32975189509640546,0.20559880686606166,0.973507682880188,0.5009385083496398,0.7645967915056852,0.32034553600407284,0.9516922298476415,0.2462278837584765,0.5281812084935109,0.5244874555815554,0.9492330655289785,SCoNE,1.0,False,/home/jupyter/repos/SCoNE/output/models/signed_cov_effects/tune_23
289,0.5331100165532475,0.7940201062297115,0.44939859985271563,1.0413880987565536,29,tune,1,23,0.6183294486786641,0.24068784224050913,0.9687851470861742,0.4878808537009366,0.8870145940185219,0.3256750320868984,0.9750941293331707,0.26550052005322966,0.5016734329811757,0.539714665775378,0.9492330655289785,SCoNE,1.0,False,/home/jupyter/repos/SCoNE/output/models/signed_cov_effects/tune_23
290,0.4716335467813833,0.7748805291878416,0.4407681892157973,1.0463933103511394,30,tune,1,23,0.5282188351643572,0.23577098498871724,0.9622317143766839,0.507271273731675,0.8633724866194316,0.3084551496195193,0.9848836629073192,0.270900433817253,0.508219061180405,0.5381742491707343,0.9492330655289785,SCoNE,1.0,False,/home/jupyter/repos/SCoNE/output/models/signed_cov_effects/tune_23
291,0.5450748326490311,0.801066381733892,0.44711178154244513,1.0443624577558892,31,tune,1,23,0.6261759793400723,0.24702260663488207,0.9638001352693911,0.4860853776202189,0.876386034815395,0.34937544458952735,0.9319946025948047,0.2667215056487654,0.5024387108413504,0.5419237469145387,0.9492330655289785,SCoNE,1.0,False,/home/jupyter/repos/SCoNE/output/models/signed_cov_effects/tune_23
292,0.6061306095724416,0.826300184847288,0.4351798753551417,1.0387291390083124,32,tune,1,23,0.6869849319023859,0.2363026062731094,0.9775003752701479,0.48960987666494804,0.9419751984488004,0.3552359851360587,0.9746357848183311,0.2730086591742406,0.5016269590692649,0.5371021799390476,0.9492330655289785,SCoNE,1.0,False,/home/jupyter/repos/SCoNE/output/models/signed_cov_effects/tune_23
293,0.49835963653784127,0.7884901169196732,0.44183253994146754,1.0454059541081024,33,tune,1,23,0.5767837526952937,0.24485026829902176,0.977350139609338,0.496288456736607,0.8856471389333787,0.33097497074603516,0.9768488768254311,0.26345352381313103,0.5059824354335877,0.5394235186745148,0.9492330655289785,SCoNE,1.0,False,/home/jupyter/repos/SCoNE/output/models/signed_cov_effects/tune_23
294,0.4388987352627327,0.7658718497573986,0.4394079565791504,1.0461425811330305,34,tune,1,23,0.5882501411651748,0.25833730688344864,0.9773213248356302,0.49535774881774947,0.8322727836858843,0.29689763162638905,0.9839883162030437,0.28009326237275267,0.5078373044775554,0.5383052766554751,0.9492330655289785,SCoNE,1.0,False,/home/jupyter/repos/SCoNE/output/models/signed_cov_effects/tune_23
295,0.3431340092633559,0.6955892498112147,0.4217192810241631,1.0575785792859975,35,tune,1,23,0.2753969907705323,0.17930706224647128,0.9724320863499053,0.490530450482782,0.861825858796469,0.326147553652387,0.9775122740696457,0.27268941780566425,0.5031470528885037,0.5544315263974938,0.9492330655289785,SCoNE,1.0,False,/home/jupyter/repos/SCoNE/output/models/signed_cov_effects/tune_23
296,0.6255332911712499,0.8321448485099386,0.42769003684562285,1.0425631145562932,36,tune,1,23,0.6241277840338469,0.23853916550495513,0.9730046784605263,0.4915156194549503,0.9417146588703155,0.362051663361985,0.9695357113452475,0.2652392784650787,0.5002661144711933,0.5422970000851,0.9492330655289785,SCoNE,1.0,False,/home/jupyter/repos/SCoNE/output/models/signed_cov_effects/tune_23
297,0.6330433499296887,0.8333045937749979,0.4289080247673821,1.0401729123104961,37,tune,1,23,0.6378563304760556,0.2588529923762078,0.9639855147727824,0.48261680161646453,0.941142303162793,0.3532312756801172,0.9715121474241749,0.2728542227316452,0.4982772201909053,0.5418956921195909,0.9492330655289785,SCoNE,1.0,False,/home/jupyter/repos/SCoNE/output/models/signed_cov_effects/tune_23
298,0.5618552157219587,0.803772653489099,0.4416391470118286,1.0459076553577074,38,tune,1,23,0.5831198135264919,0.2364055380197676,0.9442328169605526,0.4736092320494601,0.8751558470841772,0.34899791027560967,0.9441160464503944,0.25733028125220103,0.4999082543632003,0.5459994009945072,0.9492330655289785,SCoNE,1.0,False,/home/jupyter/repos/SCoNE/output/models/signed_cov_effects/tune_23
299,0.6042464785781992,0.8217578235663311,0.4253097099874414,1.0408083050729342,39,tune,1,23,0.7533156827203801,0.1994048604879244,0.9886444972947751,0.5026597101142629,0.9440426085794865,0.3443840101340199,0.9877055078200226,0.2747808684465192,0.502567024863333,0.5382412802096012,0.9492330655289785,SCoNE,1.0,False,/home/jupyter/repos/SCoNE/output/models/signed_cov_effects/tune_23
300,0.5966382507563558,0.8224541340583581,0.4259171297100077,1.0420230255152068,40,tune,1,23,0.7392865416232535,0.21790621405699814,0.9833872159338929,0.49631649359864194,0.9278802164669068,0.3745531151625903,0.980245468714647,0.26339726755130294,0.4995371932708256,0.5424858322443813,0.9492330655289785,SCoNE,1.0,False,/home/jupyter/repos/SCoNE/output/models/signed_cov_effects/tune_23
301,0.30910936744749234,0.6983891354801778,0.4411205576118868,1.0539913670028724,41,tune,1,23,0.3699499879489529,0.2433973878496229,0.9609914106239545,0.48327195437253495,0.7841447276857529,0.27996720534040437,0.9726222342440914,0.2573985447656115,0.5195476427747837,0.5344437242280886,0.9492330655289785,SCoNE,1.0,False,/home/jupyter/repos/SCoNE/output/models/signed_cov_effects/tune_23
302,0.49401211092879377,0.7883518995578012,0.4477392068547199,1.04722748448859,42,tune,1,23,0.5380880273116826,0.23365088153320512,0.977796649990223,0.49425222980174044,0.8872726665651871,0.32502881114772253,0.9728981757344353,0.2539033092483681,0.5039642057846929,0.5432632787038972,0.9492330655289785,SCoNE,1.0,False,/home/jupyter/repos/SCoNE/output/models/signed_cov_effects/tune_23
303,0.5613269233165826,0.8077414938955252,0.4379580007156821,1.0406259847799773,43,tune,1,23,0.6312107610542552,0.24085715673178879,0.9604834566125744,0.47293082790368063,0.9000400535095264,0.3439363853092464,0.9733031942907623,0.2799519861397831,0.4985868718615511,0.5420391129184261,0.9492330655289785,SCoNE,1.0,False,/home/jupyter/repos/SCoNE/output/models/signed_cov_effects/tune_23
304,0.623893151584905,0.8309512916974175,0.4261859608010486,1.0402784071321585,44,tune,1,23,0.6705716917081203,0.24261636953345442,0.9803410723078659,0.4893189392485076,0.9576407171898552,0.34485226997684393,0.9840094224703834,0.26839830589418995,0.5000538085626242,0.5402245985695343,0.9492330655289785,SCoNE,1.0,False,/home/jupyter/repos/SCoNE/output/models/signed_cov_effects/tune_23
305,0.5989954079152181,0.824345165126946,0.42161243738470566,1.0427759932968812,45,tune,1,23,0.7537714242432724,0.2274266278900915,0.9806972472548501,0.4888334941401758,0.9297188526085239,0.32947887443633694,0.9785345377292237,0.2998307639459947,0.5035962599931907,0.5391797333036905,0.9492330655289785,SCoNE,1.0,False,/home/jupyter/repos/SCoNE/output/models/signed_cov_effects/tune_23
306,0.4137713468169598,0.7591198749132001,0.4502489250537476,1.0453541609546937,46,tune,1,23,0.566863675981186,0.20697164452194777,0.9698720910047389,0.5054440857024094,0.84664276898885,0.3272700761413234,0.9575101573327061,0.24923710762015705,0.5163792834564389,0.5289748774982547,0.9492330655289785,SCoNE,1.0,False,/home/jupyter/repos/SCoNE/output/models/signed_cov_effects/tune_23
307,0.3022187667633241,0.6748383952004021,0.43364580499150107,1.0523743641740233,47,tune,1,23,0.33052346232713714,0.22516394245312302,0.9777981410264183,0.4992456866977743,0.7487158961560428,0.29069889544187977,0.9619674635462523,0.25704687011105676,0.531028409567657,0.5213459546063662,0.9492330655289785,SCoNE,1.0,False,/home/jupyter/repos/SCoNE/output/models/signed_cov_effects/tune_23
308,0.4169656842692466,0.7555073457184658,0.4400656200097841,1.0462879133030953,48,tune,1,23,0.5070411530887082,0.24335126541121846,0.9779292366316632,0.48185820006810354,0.8251070919148255,0.2979119169191421,0.984085685232105,0.26449219949215835,0.5162479495289739,0.5300399637741214,0.9492330655289785,SCoNE,1.0,False,/home/jupyter/repos/SCoNE/output/models/signed_cov_effects/tune_23
309,0.2597222725490615,0.6566020250037686,0.4421117352860001,1.0548617633431792,49,tune,1,23,0.38800480025458134,0.24188640951404042,0.9775096508830673,0.4986346801095413,0.6649006063621973,0.2770552736555493,0.9346641548920859,0.27122453823567894,0.5339870135291243,0.5208747498140548,0.9492330655289785,SCoNE,1.0,False,/home/jupyter/repos/SCoNE/output/models/signed_cov_effects/tune_23
310,0.6482018081285356,0.8434161681696984,0.4339122624057221,1.0350047532612974,0,tune,1,21,0.5620853760431794,0.2973040817636686,0.8778727809306107,0.40582761862980915,0.9059460858704982,0.3931256856379434,0.9191697060118531,0.23290469453227383,0.4924208712934157,0.5425838819678817,0.9792365424396927,SCoNE,0.01,False,/home/jupyter/repos/SCoNE/output/models/signed_cov_effects/tune_21
311,0.49319019308896905,0.7947911973168625,0.45446466926773604,1.037829680941185,1,tune,1,21,0.5200551239195255,0.2837493909365765,0.86461415788084,0.40237416696343714,0.8391437961459435,0.3579415740154618,0.8772236968644934,0.24154985791013325,0.49915822801556,0.538671452925625,0.9792365424396927,SCoNE,0.01,False,/home/jupyter/repos/SCoNE/output/models/signed_cov_effects/tune_21
312,0.56410118164645,0.8158688053505307,0.4494592150688813,1.0365087596560816,2,tune,1,21,0.5435249763356754,0.30810485161124584,0.8694497637494117,0.4015472061267702,0.8778212565885211,0.3718464906354755,0.8868083643519395,0.22538478937431033,0.4955469854430715,0.5409617742130101,0.9792365424396927,SCoNE,0.01,False,/home/jupyter/repos/SCoNE/output/models/signed_cov_effects/tune_21
313,0.6252827669341109,0.8354672746871723,0.4419415790120885,1.0358815240810484,3,tune,1,21,0.5594748712315236,0.30821485837743745,0.9067789499347436,0.4030136159146964,0.9145753430503635,0.3848135633006253,0.9285047490251555,0.22536009293310535,0.49609053299117706,0.5397909910898713,0.9792365424396927,SCoNE,0.01,False,/home/jupyter/repos/SCoNE/output/models/signed_cov_effects/tune_21
314,0.5801229994104147,0.8226691933865485,0.4495137902754119,1.0362729215119435,4,tune,1,21,0.5374385145367172,0.30409071401259063,0.8563599440591431,0.3638900999652374,0.8559625864814986,0.3982892486698582,0.8216305481103076,0.22512123805373932,0.4953013230515874,0.540971598460356,0.9792365424396927,SCoNE,0.01,False,/home/jupyter/repos/SCoNE/output/models/signed_cov_effects/tune_21
315,0.4831992739446012,0.7912726341391194,0.4361183488200402,1.0445629460779293,5,tune,1,21,0.5280472338268845,0.3140099944939534,0.9322223205915319,0.4207153716052548,0.8265238717178496,0.35915404893210623,0.9083399453516346,0.23607717751831103,0.5119275486584203,0.5326353974195089,0.9792365424396927,SCoNE,0.01,False,/home/jupyter/repos/SCoNE/output/models/signed_cov_effects/tune_21
316,0.6605037932809724,0.8491896907044256,0.4326790397124,1.035595491068982,6,tune,1,21,0.5623234158605821,0.31655859636517464,0.8799644959823377,0.40978582298067595,0.880300947467012,0.40307733594607675,0.8394017125680839,0.26823307523148165,0.4940068791985594,0.5415886118704225,0.9792365424396927,SCoNE,0.01,False,/home/jupyter/repos/SCoNE/output/models/signed_cov_effects/tune_21
317,0.5915810658205121,0.8258304088312616,0.44554253041925107,1.0357982601088995,7,tune,1,21,0.5460981894775816,0.302561071031248,0.8874687203547086,0.42817183746306076,0.8678484827240885,0.3947328070813692,0.8724024189981732,0.2190133653768652,0.495282275122326,0.5405159849865735,0.9792365424396927,SCoNE,0.01,False,/home/jupyter/repos/SCoNE/output/models/signed_cov_effects/tune_21
318,0.6005171957249602,0.8285839325022729,0.44135572092077097,1.0352371881689104,8,tune,1,21,0.5988232597529056,0.28100859931716676,0.9136328416607022,0.43657157012496695,0.8722769702595689,0.39134812377502576,0.8408324162830716,0.2183920699167749,0.4957445427025266,0.5394926454663838,0.9792365424396927,SCoNE,0.01,False,/home/jupyter/repos/SCoNE/output/models/signed_cov_effects/tune_21
319,0.6461077175809113,0.8482985835229041,0.43356733142160353,1.035259916409107,9,tune,1,21,0.5527391281381914,0.3136954740457432,0.8770181731883275,0.4039009414652912,0.8922931975246248,0.418141465188125,0.8866844283187582,0.24324055942970874,0.49413457009703443,0.5411253463120725,0.9792365424396927,SCoNE,0.01,False,/home/jupyter/repos/SCoNE/output/models/signed_cov_effects/tune_21
320,0.5535022596241844,0.8138797160254135,0.4497341180635373,1.0372804081202416,10,tune,1,21,0.5266424078265446,0.2927782344025157,0.8649451161028465,0.4058697244044621,0.8554661119451666,0.37136288258863304,0.8422393772629935,0.25814943469517815,0.49785163334577853,0.5394287747744632,0.9792365424396927,SCoNE,0.01,False,/home/jupyter/repos/SCoNE/output/models/signed_cov_effects/tune_21
321,0.6072862708457859,0.8278712616379671,0.4397102557298422,1.0350157257141752,11,tune,1,21,0.6132765770083525,0.27196329988986007,0.917333612867998,0.43199401139437954,0.9090068022289177,0.37048573730442463,0.9222482326548961,0.2371767404610548,0.49477129638979395,0.5402444293243812,0.9792365424396927,SCoNE,0.01,False,/home/jupyter/repos/SCoNE/output/models/signed_cov_effects/tune_21
322,0.5832434836603787,0.8216100595722967,0.44724093484572813,1.0360633195390712,12,tune,1,21,0.5595558601566737,0.2873337803359195,0.885337542269026,0.4257938607180005,0.8813738669205694,0.3934963967457728,0.9287687100532185,0.22447490159032937,0.4954090107655623,0.5406543087735088,0.9792365424396927,SCoNE,0.01,False,/home/jupyter/repos/SCoNE/output/models/signed_cov_effects/tune_21
323,0.6218791279336331,0.841269480819648,0.43209459830253416,1.0383562295381532,13,tune,1,21,0.5239346801366961,0.3141189586353137,0.8866840067468479,0.422695282348578,0.8682341737802107,0.40627264420086034,0.833175147149174,0.2225568252596611,0.5046864130862108,0.5336698164519426,0.9792365424396927,SCoNE,0.01,False,/home/jupyter/repos/SCoNE/output/models/signed_cov_effects/tune_21
324,0.5729375428464435,0.8148076228823004,0.4520769608341538,1.0382413177751573,14,tune,1,21,0.5294341519029063,0.2815796666547521,0.8872195415067207,0.42200150536752934,0.8630266679385765,0.3854777377324082,0.8452772432463198,0.25039283972723464,0.4959512164410264,0.5422901013341308,0.9792365424396927,SCoNE,0.01,False,/home/jupyter/repos/SCoNE/output/models/signed_cov_effects/tune_21
325,0.5968310866133177,0.821932290098604,0.44566533412474607,1.0358063558465647,15,tune,1,21,0.5380490370235413,0.3058550870775584,0.8571771364569523,0.3911152661099896,0.8819850032983089,0.3973389716147683,0.8954675664072174,0.21075493635873152,0.4934763439863208,0.5423300118602439,0.9792365424396927,SCoNE,0.01,False,/home/jupyter/repos/SCoNE/output/models/signed_cov_effects/tune_21
326,0.5876185665512825,0.8275843067737173,0.4394098397836476,1.0357560656742317,16,tune,1,21,0.5864024226138127,0.3109328477093429,0.9056238341607769,0.42000266345307474,0.8757392891854083,0.38348098494893856,0.8980046581214639,0.24876210539595328,0.4941735967226187,0.541582468951613,0.9792365424396927,SCoNE,0.01,False,/home/jupyter/repos/SCoNE/output/models/signed_cov_effects/tune_21
327,0.6007361212571328,0.8291545143295314,0.4408040315333996,1.0354186270048862,17,tune,1,21,0.568634328259677,0.2922058935121738,0.8832167584310456,0.40453682553994513,0.912531782800907,0.3658259960507214,0.9317879151323709,0.2260614478467112,0.4934675438828503,0.5419510831220358,0.9792365424396927,SCoNE,0.01,False,/home/jupyter/repos/SCoNE/output/models/signed_cov_effects/tune_21
328,0.540882524970589,0.810326565733902,0.4530788383079812,1.0372268115211438,18,tune,1,21,0.5131240292038242,0.3018162783917704,0.865122291091021,0.40575998363458415,0.850774036892909,0.3641080048529178,0.8582715751292211,0.21808454763839333,0.4981460396561365,0.5390807718650072,0.9792365424396927,SCoNE,0.01,False,/home/jupyter/repos/SCoNE/output/models/signed_cov_effects/tune_21
329,0.5929495484222856,0.8170695967197744,0.4487671138378804,1.036876199214585,19,tune,1,21,0.6198161367428389,0.28235314175295273,0.9224291393986634,0.4430084458711007,0.8544622900463146,0.36478594281616167,0.7929138412217291,0.21280234589692268,0.4986026731308269,0.5382735260837581,0.9792365424396927,SCoNE,0.01,False,/home/jupyter/repos/SCoNE/output/models/signed_cov_effects/tune_21
330,0.5712679828704699,0.819563735456102,0.44744490377851176,1.0362924535556026,20,tune,1,21,0.5414991019549785,0.2929192908624429,0.8706231757601766,0.39558198464321576,0.8931825456484083,0.37378101467567304,0.9392867088719703,0.23294312130726133,0.4947595312767126,0.5415329222788899,0.9792365424396927,SCoNE,0.01,False,/home/jupyter/repos/SCoNE/output/models/signed_cov_effects/tune_21
331,0.5888500839989081,0.8252669273183411,0.4464565588151205,1.035729612393362,21,tune,1,21,0.5527252707892479,0.28775584755888417,0.8802954399730675,0.41754535040207935,0.8678910078218905,0.3842601184976281,0.8317594007531394,0.21340579037571242,0.49578552954578675,0.5399440828475752,0.9792365424396927,SCoNE,0.01,False,/home/jupyter/repos/SCoNE/output/models/signed_cov_effects/tune_21
332,0.6666378113243191,0.8502336373046333,0.43540077063531885,1.0354990470823482,22,tune,1,21,0.5473521734883044,0.285652757489395,0.8666966911039059,0.4043371899745186,0.9033875858610837,0.4113107182303336,0.8940772483884993,0.2358845288917114,0.49401764639318585,0.5414814006891624,0.9792365424396927,SCoNE,0.01,False,/home/jupyter/repos/SCoNE/output/models/signed_cov_effects/tune_21
333,0.601535532801783,0.8271925393916639,0.4355113572047209,1.0367233808616785,23,tune,1,21,0.5719618529158316,0.30651869230045803,0.9008774295763267,0.4091535959601348,0.8920480297815844,0.38588547506309007,0.932692260964055,0.23640603829366222,0.4918815753984948,0.5448418054631836,0.9792365424396927,SCoNE,0.01,False,/home/jupyter/repos/SCoNE/output/models/signed_cov_effects/tune_21
334,0.6450614852016262,0.8467402986422216,0.43402698599685374,1.0352999817030812,24,tune,1,21,0.5585941919769374,0.28857302570474497,0.8779826228640892,0.39739526100309,0.8800781371381468,0.38866123811791276,0.8240345696429988,0.22262582716886092,0.4939074714871294,0.5413925102159518,0.9792365424396927,SCoNE,0.01,False,/home/jupyter/repos/SCoNE/output/models/signed_cov_effects/tune_21
335,0.6095274848049022,0.8311531894797111,0.4438612676152728,1.0363508619858346,25,tune,1,21,0.5607447032793874,0.31631495032369095,0.8802784766742833,0.3894346580455934,0.8732998312902611,0.39815954048916596,0.8341767078459198,0.2290892083353418,0.49356053715975406,0.5427903248260805,0.9792365424396927,SCoNE,0.01,False,/home/jupyter/repos/SCoNE/output/models/signed_cov_effects/tune_21
336,0.5214178527541508,0.8044251896701764,0.4504465328008652,1.036901173652763,26,tune,1,21,0.5493188372390482,0.2921399458185415,0.9021413961105824,0.4331938748928812,0.8651705208852251,0.37134713546841774,0.9314917820583781,0.21914347839503634,0.4968162254382051,0.5400849482145579,0.9792365424396927,SCoNE,0.01,False,/home/jupyter/repos/SCoNE/output/models/signed_cov_effects/tune_21
337,0.5776291532252291,0.8215372149704372,0.44620256357680416,1.0368473021651714,27,tune,1,21,0.5625707465122843,0.28431998438648054,0.9003249899055552,0.4192922732295164,0.8503178092538737,0.39613953308929567,0.8348979323002967,0.22797791211760224,0.4960453045897831,0.5408019975753883,0.9792365424396927,SCoNE,0.01,False,/home/jupyter/repos/SCoNE/output/models/signed_cov_effects/tune_21
338,0.27861426900212916,0.6753054632667573,0.45179373588132454,1.0518516946140473,28,tune,1,21,0.3586101035089011,0.25836771881264037,0.9331374098374519,0.44994498178491277,0.7823857828368952,0.38123002195394784,0.8978554172022337,0.2053689708359532,0.5191124374696333,0.5327392571444138,0.9792365424396927,SCoNE,0.01,False,/home/jupyter/repos/SCoNE/output/models/signed_cov_effects/tune_21
339,0.5866370965026437,0.8214218467073321,0.44846268425542735,1.0361283077752663,29,tune,1,21,0.5687281858061504,0.2918102118849197,0.8905611868942869,0.41562411295172397,0.873924793482754,0.3872402307620922,0.8898998517657998,0.22635248557547727,0.49506150043552777,0.5410668073397384,0.9792365424396927,SCoNE,0.01,False,/home/jupyter/repos/SCoNE/output/models/signed_cov_effects/tune_21
340,0.5879636571324808,0.8231607716143626,0.4459435117550728,1.0359924455030205,30,tune,1,21,0.5633274299684616,0.28603293669897084,0.8879942464396322,0.42477001986775165,0.8800851447223994,0.3813346305389794,0.888734894774953,0.23784760653153036,0.49524218254378416,0.5407502629592362,0.9792365424396927,SCoNE,0.01,False,/home/jupyter/repos/SCoNE/output/models/signed_cov_effects/tune_21
341,0.5969353000124431,0.8291993294262044,0.44433771097539837,1.0355192367288093,31,tune,1,21,0.6062577467374838,0.3044686013835214,0.9171944402670322,0.4138206672495455,0.8880093569103679,0.39470200818894113,0.8722142210591224,0.21110835298835642,0.49517071843105886,0.5403485182977503,0.9792365424396927,SCoNE,0.01,False,/home/jupyter/repos/SCoNE/output/models/signed_cov_effects/tune_21
342,0.6332339928818478,0.8414484981543603,0.4321092434860915,1.0337983441917993,32,tune,1,21,0.6441757906369636,0.2847701375788135,0.9409222100314248,0.43069673442749634,0.9224717344111887,0.38256984406361483,0.932406582447883,0.24658903372388072,0.49483218720239563,0.5389661569894036,0.9792365424396927,SCoNE,0.01,False,/home/jupyter/repos/SCoNE/output/models/signed_cov_effects/tune_21
343,0.5900238993128182,0.8278790005636733,0.4448088396438362,1.0357247266670169,33,tune,1,21,0.5334030348198527,0.31459628235653975,0.8558785668310157,0.403984927621206,0.8916372815218607,0.39143662937106255,0.915373647831869,0.21969929028112653,0.4939274050498767,0.5417973216171401,0.9792365424396927,SCoNE,0.01,False,/home/jupyter/repos/SCoNE/output/models/signed_cov_effects/tune_21
344,0.5556805311611513,0.8122967101577073,0.44482615700296585,1.0372937304722651,34,tune,1,21,0.5459209453733155,0.312153973096196,0.8764062811735973,0.4075604035653155,0.8711511765951812,0.369792625608206,0.9193870248124276,0.2474606241979276,0.4950782724093445,0.5422154580629206,0.9792365424396927,SCoNE,0.01,False,/home/jupyter/repos/SCoNE/output/models/signed_cov_effects/tune_21
345,0.5992693221355756,0.8293287555597498,0.44083170457508175,1.0361978510489698,35,tune,1,21,0.5616129040432206,0.276592478721188,0.8749090943487453,0.4021573570390501,0.8902441320159922,0.4027439881762186,0.9116088515647142,0.2300425652641737,0.4925744328598181,0.5436234181891516,0.9792365424396927,SCoNE,0.01,False,/home/jupyter/repos/SCoNE/output/models/signed_cov_effects/tune_21
346,0.6690802353449082,0.8496772926855131,0.43428437497832895,1.035676599627904,36,tune,1,21,0.5267434917282241,0.29600588348845713,0.8691094751233478,0.40465354155647326,0.9103617249110002,0.408677266003245,0.9039037421617159,0.2289228576806857,0.49331321413002793,0.5423633854978761,0.9792365424396927,SCoNE,0.01,False,/home/jupyter/repos/SCoNE/output/models/signed_cov_effects/tune_21
347,0.6546216597253964,0.8451874468231224,0.4325168078281725,1.0346564825837923,37,tune,1,21,0.6012087230431259,0.30283195202150526,0.9105340361787064,0.4211784955833383,0.9153085941969373,0.4061901804376924,0.9423073118907488,0.2240931356494295,0.4948782003349143,0.539778282248878,0.9792365424396927,SCoNE,0.01,False,/home/jupyter/repos/SCoNE/output/models/signed_cov_effects/tune_21
348,0.6310965006584452,0.8392130309086835,0.43343447803862634,1.0360734190902994,38,tune,1,21,0.5874482398040047,0.296318373767013,0.9014160368207744,0.40669470424448456,0.8942477891090156,0.39825239162266024,0.9225404289426589,0.22419893376185704,0.4922591974662679,0.5438142216240316,0.9792365424396927,SCoNE,0.01,False,/home/jupyter/repos/SCoNE/output/models/signed_cov_effects/tune_21
349,0.6447504617319209,0.8420650223695703,0.435476389481143,1.0348967986812312,39,tune,1,21,0.5805698610541591,0.2868468533148737,0.9116086493422437,0.4275390675235526,0.9218615169103875,0.38362306002395774,0.9435061994778431,0.24922970702572933,0.4944720564065672,0.540424742274664,0.9792365424396927,SCoNE,0.01,False,/home/jupyter/repos/SCoNE/output/models/signed_cov_effects/tune_21
350,0.631351085389436,0.8432012183073366,0.4341904131004316,1.0354004733445492,40,tune,1,21,0.5889156345606229,0.3076649283112605,0.9043625782415589,0.42430346447473516,0.8926861032881608,0.41072756298012064,0.9114832503971216,0.21830741615391677,0.4940451944039897,0.5413552789405596,0.9792365424396927,SCoNE,0.01,False,/home/jupyter/repos/SCoNE/output/models/signed_cov_effects/tune_21
351,0.5582900853379879,0.814348279328006,0.44864335889173357,1.0381611231559271,41,tune,1,21,0.5145593599900501,0.31086590144491777,0.8479754584627587,0.38449500876323595,0.8752235040352865,0.3716831274490681,0.8540033158187398,0.2343069530560125,0.49660470691002156,0.5415564162459056,0.9792365424396927,SCoNE,0.01,False,/home/jupyter/repos/SCoNE/output/models/signed_cov_effects/tune_21
352,0.5717809242656812,0.8167389440886043,0.45278364003128047,1.0383916079175184,42,tune,1,21,0.5584119636565483,0.2878455700410465,0.9127350221465299,0.429192534546097,0.8764678987514118,0.37104890568077004,0.9085449082014282,0.22147008131199467,0.49576978832673413,0.5426218195907844,0.9792365424396927,SCoNE,0.01,False,/home/jupyter/repos/SCoNE/output/models/signed_cov_effects/tune_21
353,0.5949015293780038,0.8284302765683089,0.44018586883465116,1.035489351199307,43,tune,1,21,0.5682277079478599,0.2868046124911372,0.8859014311434505,0.39919660517671524,0.8958278364891545,0.3763619295583483,0.898724164920364,0.24733511292994884,0.4938709483893784,0.5416184028099286,0.9792365424396927,SCoNE,0.01,False,/home/jupyter/repos/SCoNE/output/models/signed_cov_effects/tune_21
354,0.6699780427467794,0.8457657724314901,0.432040974419675,1.0348915093348119,44,tune,1,21,0.6007829388488191,0.292361946147893,0.9208694210759615,0.42958792942451346,0.932394185468249,0.37360354722973016,0.9291191010634174,0.2511235603652145,0.4944810731324852,0.5404104362023266,0.9792365424396927,SCoNE,0.01,False,/home/jupyter/repos/SCoNE/output/models/signed_cov_effects/tune_21
355,0.6461112399701192,0.8482359420170035,0.42905252225718604,1.035987941485422,45,tune,1,21,0.5703936374886088,0.3262957841300775,0.8992955199642066,0.41115567982546525,0.8971644171893401,0.3757800724115924,0.9104954270880791,0.2714137933906054,0.49569790451364326,0.5402900369717789,0.9792365424396927,SCoNE,0.01,False,/home/jupyter/repos/SCoNE/output/models/signed_cov_effects/tune_21
356,0.565898850847822,0.8176619495118502,0.45073479426032526,1.035840588230582,46,tune,1,21,0.5675084331086383,0.27669459682856734,0.8867613722658103,0.42301410002244416,0.8785036804182557,0.3944617422250902,0.896458552781023,0.2049633410569993,0.4970096504107824,0.5388309378197996,0.9792365424396927,SCoNE,0.01,False,/home/jupyter/repos/SCoNE/output/models/signed_cov_effects/tune_21
357,0.2891453005639598,0.6859069495924737,0.4592368266998548,1.052458101226327,47,tune,1,21,0.4059560520713144,0.2888463979389839,0.9225814508028176,0.42998863134113763,0.7452090485942201,0.3387166654061459,0.8773255317516069,0.22383501686725182,0.5164962198429163,0.5359618813834107,0.9792365424396927,SCoNE,0.01,False,/home/jupyter/repos/SCoNE/output/models/signed_cov_effects/tune_21
358,0.5747696733604761,0.8204729838728732,0.450944163208009,1.037214615455766,48,tune,1,21,0.5620556979936989,0.2982290050431139,0.8904870050931845,0.39783167391914526,0.8461428602302516,0.3900168812511125,0.8175233457128969,0.2193088124503031,0.49608089398553973,0.5411337214702262,0.9792365424396927,SCoNE,0.01,False,/home/jupyter/repos/SCoNE/output/models/signed_cov_effects/tune_21
359,0.2750054532740779,0.7035948302414331,0.4466936030426054,1.0503468130726632,49,tune,1,21,0.4118374935498006,0.26834882297218265,0.9622794722597088,0.46990441758341495,0.7500246416344685,0.34491400914432546,0.8881583433114058,0.2441325305292681,0.5211892157345639,0.5291575973380994,0.9792365424396927,SCoNE,0.01,False,/home/jupyter/repos/SCoNE/output/models/signed_cov_effects/tune_21
360,0.6587299176388691,0.8428071332128203,0.4327346717984845,1.0348570930047072,0,tune,1,22,0.6131754400923455,0.2816681338437731,0.925872448022437,0.4444017382386066,0.9131351413345996,0.38055425906666096,0.9251266798446096,0.24861317407211098,0.494360416918205,0.5404966760865021,0.9746763480374742,SCoNE,0.1,False,/home/jupyter/repos/SCoNE/output/models/signed_cov_effects/tune_22
361,0.5305836817294693,0.8005913358937761,0.45353012774472495,1.0370393607563986,1,tune,1,22,0.5585477105431065,0.25851428962033524,0.8947308996489283,0.44159366201087297,0.8476452466689934,0.35036224332198346,0.8802619649902947,0.25159012420416405,0.4992776273670221,0.5377617333893766,0.9746763480374742,SCoNE,0.1,False,/home/jupyter/repos/SCoNE/output/models/signed_cov_effects/tune_22
362,0.5856654351169933,0.8189225353225162,0.4494970768422696,1.0365995830539212,2,tune,1,22,0.5478098668539072,0.29812516266247885,0.8659092616637126,0.411769823785476,0.889521036400125,0.36498901273633666,0.9119375219946453,0.23811695777157246,0.49442903195907845,0.5421705510948427,0.9746763480374742,SCoNE,0.1,False,/home/jupyter/repos/SCoNE/output/models/signed_cov_effects/tune_22
363,0.6348444731448866,0.8369779010824554,0.43796273743499553,1.0352394290546807,3,tune,1,22,0.5883829891258257,0.2879138186301323,0.9226937884715094,0.43281746291455453,0.9316352647910646,0.38565099291204474,0.9578340254498108,0.2293500040851165,0.49597403390770783,0.5392653951469728,0.9746763480374742,SCoNE,0.1,False,/home/jupyter/repos/SCoNE/output/models/signed_cov_effects/tune_22
364,0.2715844862641167,0.6595179425671039,0.4406053327414621,1.0518496152421828,4,tune,1,22,0.321272679020733,0.2341457808229282,0.9576947766405868,0.46171135102457767,0.8216597358693013,0.3704175036639591,0.9479493538648092,0.23320441936694325,0.5182247804278935,0.5336248348142891,0.9746763480374742,SCoNE,0.1,False,/home/jupyter/repos/SCoNE/output/models/signed_cov_effects/tune_22
365,0.49063087806746286,0.7921125331785052,0.4351601038212152,1.0439595478089456,5,tune,1,22,0.5462418471391379,0.3040517461506526,0.9490541957959846,0.4396256561877653,0.8199186962163079,0.34505423643097616,0.8677002117571772,0.24732222033011822,0.5138702058433811,0.5300893419655646,0.9746763480374742,SCoNE,0.1,False,/home/jupyter/repos/SCoNE/output/models/signed_cov_effects/tune_22
366,0.6604715600087477,0.8458611081738845,0.43375453996528107,1.0355148100460312,6,tune,1,22,0.5919312665042589,0.30715811118425757,0.9109554676043615,0.43921629775055093,0.8851198697208285,0.40737391568838943,0.8413544153565533,0.2636566292302868,0.49546801236843485,0.5400467976775962,0.9746763480374742,SCoNE,0.1,False,/home/jupyter/repos/SCoNE/output/models/signed_cov_effects/tune_22
367,0.5802909920991565,0.8211159595315441,0.44578795386197423,1.0357852877643567,7,tune,1,22,0.5919629970930668,0.29080863744635127,0.9191857461760893,0.45426363440372297,0.8761647707701402,0.38553933541317315,0.8922867364185512,0.23287874788809987,0.49649656884995047,0.5392887189144062,0.9746763480374742,SCoNE,0.1,False,/home/jupyter/repos/SCoNE/output/models/signed_cov_effects/tune_22
368,0.5830033440503204,0.822296857678477,0.4429335783463059,1.0353428244231022,8,tune,1,22,0.6192235541387202,0.26557610626557104,0.9297527170399045,0.4569404743693213,0.8844917697930084,0.37902506428425653,0.8687401042519793,0.2326538498466233,0.4965548183774757,0.5387880060456264,0.9746763480374742,SCoNE,0.1,False,/home/jupyter/repos/SCoNE/output/models/signed_cov_effects/tune_22
369,0.6402736035855379,0.8427570251205265,0.4305619188523248,1.0348746581982766,9,tune,1,22,0.6553797332075945,0.2988706453713428,0.9468567045360652,0.44695321909245433,0.914196341871795,0.4046321587368487,0.9295184024720601,0.2587052638485112,0.4951266140558859,0.5397480441423907,0.9746763480374742,SCoNE,0.1,False,/home/jupyter/repos/SCoNE/output/models/signed_cov_effects/tune_22
370,0.5687691087574751,0.8158556542034103,0.4475994739654181,1.0361776959781266,10,tune,1,22,0.5777724667328342,0.2750287181005063,0.9051508568396281,0.4421178545121113,0.8923085250618219,0.36705498716865265,0.9338265554876223,0.2564421792062498,0.49752299852173376,0.5386546974563928,0.9746763480374742,SCoNE,0.1,False,/home/jupyter/repos/SCoNE/output/models/signed_cov_effects/tune_22
371,0.5985934147442221,0.8216428954311469,0.44235222858081813,1.035753015707409,11,tune,1,22,0.5649257637275041,0.24778274989566562,0.8850497601258569,0.43615694248603454,0.9043394724465892,0.3446948038894966,0.9193819027509055,0.24935306547773314,0.4937243016484746,0.5420287140589345,0.9746763480374742,SCoNE,0.1,False,/home/jupyter/repos/SCoNE/output/models/signed_cov_effects/tune_22
372,0.5740389438016126,0.8192926359643238,0.4518684445274993,1.0366784052563862,12,tune,1,22,0.5204766458184606,0.2778759022460536,0.8532147585775234,0.422627907430204,0.8572343084771773,0.38370227508431737,0.8690542985748101,0.22364156006902786,0.496693560157553,0.5399848450988333,0.9746763480374742,SCoNE,0.1,False,/home/jupyter/repos/SCoNE/output/models/signed_cov_effects/tune_22
373,0.6092375065991403,0.8307943058275595,0.4441803441727721,1.038099844649969,13,tune,1,22,0.5042386558281676,0.30516308537483844,0.8492920618194566,0.41600199490970374,0.8486522159933253,0.39700763872908085,0.7260572061701698,0.218532605884877,0.5024103139680672,0.5356895306819017,0.9746763480374742,SCoNE,0.1,False,/home/jupyter/repos/SCoNE/output/models/signed_cov_effects/tune_22
374,0.5839881107456145,0.8170946383299906,0.4486090015177329,1.0367041121631786,14,tune,1,22,0.5540489436587982,0.28613389063380607,0.8981245202860785,0.4280791624373962,0.8689246770263247,0.3808002066873165,0.865835846392507,0.25389801974804693,0.4951198491128358,0.5415842630503427,0.9746763480374742,SCoNE,0.1,False,/home/jupyter/repos/SCoNE/output/models/signed_cov_effects/tune_22
375,0.5818351805850854,0.8178507924096867,0.44905804122213006,1.0361366860081218,15,tune,1,22,0.5646889529559221,0.2923138245527829,0.8906224980128978,0.42541618268351544,0.8688170472291296,0.37976083897559176,0.8328449963908434,0.22118841950289905,0.4957122991119849,0.5404243868961368,0.9746763480374742,SCoNE,0.1,False,/home/jupyter/repos/SCoNE/output/models/signed_cov_effects/tune_22
376,0.580732512625818,0.8234684558247836,0.43734153875903126,1.035167960101539,16,tune,1,22,0.6526469187431433,0.28062264481821225,0.9433203300076978,0.45558031979538605,0.8899461131218374,0.3806780173734239,0.9272868955072012,0.25380536786197466,0.4953331807299806,0.5398347793715585,0.9746763480374742,SCoNE,0.1,False,/home/jupyter/repos/SCoNE/output/models/signed_cov_effects/tune_22
377,0.5879153526874248,0.8223752189123467,0.4450024837516387,1.0358566231644384,17,tune,1,22,0.5755118476914697,0.28474894963503133,0.8972664714169093,0.4218771169505466,0.8905122150952319,0.35850747672701055,0.8861058405087837,0.22485706764766614,0.49488996009570746,0.5409666630687309,0.9746763480374742,SCoNE,0.1,False,/home/jupyter/repos/SCoNE/output/models/signed_cov_effects/tune_22
378,0.5306287886250612,0.8021700103245041,0.45619377381669257,1.0379997522108164,18,tune,1,22,0.4942340175084174,0.2903133578463688,0.8672928537860541,0.41952913354939014,0.8343841517755678,0.3529312084162668,0.8038399538269557,0.22088070051121952,0.4997551252385203,0.5382446269722962,0.9746763480374742,SCoNE,0.1,False,/home/jupyter/repos/SCoNE/output/models/signed_cov_effects/tune_22
379,0.5886785714326708,0.81734509691145,0.44783840056341484,1.0367162668999441,19,tune,1,22,0.6389562803303737,0.27202657078365866,0.934277621473389,0.45659477739771875,0.8761178952738837,0.3557830453604673,0.8660048565334609,0.23535490134199566,0.49730210842748507,0.5394141584724591,0.9746763480374742,SCoNE,0.1,False,/home/jupyter/repos/SCoNE/output/models/signed_cov_effects/tune_22
380,0.5696850801505514,0.8181997009463797,0.4450180169231526,1.0363204073920689,20,tune,1,22,0.5732631308357387,0.2759215262305917,0.9061532522745533,0.4299519762748488,0.8984617366363176,0.3592938758904613,0.945194367143694,0.24798443653008828,0.4948807795109242,0.5414396278811446,0.9746763480374742,SCoNE,0.1,False,/home/jupyter/repos/SCoNE/output/models/signed_cov_effects/tune_22
381,0.5840983682573874,0.8205466115926254,0.44813979796666203,1.0358850826954804,21,tune,1,22,0.5738658995747398,0.2846575823985528,0.9007324228161498,0.43312571081071377,0.8708633983400462,0.3776986654077033,0.8500925582981963,0.2202846445295229,0.49675318685924014,0.5391318958362402,0.9746763480374742,SCoNE,0.1,False,/home/jupyter/repos/SCoNE/output/models/signed_cov_effects/tune_22
382,0.6477856245348909,0.8438628413196722,0.4347552062427914,1.0352547602326494,22,tune,1,22,0.641816728519562,0.2788784383343865,0.9389616157415908,0.4418647402857059,0.8964119244011125,0.3962126704204709,0.8630736290122271,0.25003694987716013,0.49571069037397564,0.5395440698586736,0.9746763480374742,SCoNE,0.1,False,/home/jupyter/repos/SCoNE/output/models/signed_cov_effects/tune_22
383,0.591054054521394,0.8254735442520793,0.43718005910701385,1.0369833535806798,23,tune,1,22,0.5696500318612695,0.2925975707594722,0.8947022217344507,0.4186349908426476,0.8807429559992315,0.377328709054891,0.9025645084083327,0.24028585376974548,0.4922301948409024,0.5447531587397774,0.9746763480374742,SCoNE,0.1,False,/home/jupyter/repos/SCoNE/output/models/signed_cov_effects/tune_22
384,0.6454550153665447,0.8447810985357666,0.4317295324452088,1.0350204316483387,24,tune,1,22,0.6084718715248143,0.2694448577752867,0.9180762511464555,0.43235336577440475,0.9001750545041663,0.3970464764227946,0.8855141785193097,0.22959693015218977,0.49475661000570686,0.5402638216426318,0.9746763480374742,SCoNE,0.1,False,/home/jupyter/repos/SCoNE/output/models/signed_cov_effects/tune_22
385,0.629246555169079,0.8331845053401312,0.43776001949892207,1.035205995375493,25,tune,1,22,0.6310435988743667,0.2889498275559881,0.9325193714606426,0.4382232352756476,0.9054933822855202,0.3945898184977512,0.8956626315151123,0.24691144053830036,0.4941153039790432,0.5410906913964498,0.9746763480374742,SCoNE,0.1,False,/home/jupyter/repos/SCoNE/output/models/signed_cov_effects/tune_22
386,0.561432797438203,0.8135967857258276,0.44623902965134454,1.0364717023055325,26,tune,1,22,0.5563053571564214,0.2856939515028558,0.8912309517378906,0.4344571568758094,0.885614738098845,0.36957847523376297,0.9552581757959546,0.2326645238197105,0.49381822396848774,0.5426534783370448,0.9746763480374742,SCoNE,0.1,False,/home/jupyter/repos/SCoNE/output/models/signed_cov_effects/tune_22
387,0.5787415878870419,0.8204131885978169,0.4410280229175622,1.0357030382656767,27,tune,1,22,0.625326895113573,0.2691331704867276,0.935677566901561,0.4481651966349387,0.8935307294247476,0.3955609107744325,0.935905862529787,0.2421359595388454,0.4957728084966182,0.5399302297690586,0.9746763480374742,SCoNE,0.1,False,/home/jupyter/repos/SCoNE/output/models/signed_cov_effects/tune_22
388,0.27136009830087304,0.6735662166048075,0.4468037837432384,1.0506034081273352,28,tune,1,22,0.36090090925813717,0.24029553901557846,0.951650467614185,0.47459961170747933,0.7911716299757666,0.3676678435268795,0.9250093588838982,0.22186616994513442,0.5221295941188226,0.5284738140085126,0.9746763480374742,SCoNE,0.1,False,/home/jupyter/repos/SCoNE/output/models/signed_cov_effects/tune_22
389,0.5844599888358017,0.8193324347993958,0.44625484632290474,1.0356255380249926,29,tune,1,22,0.61754551785289,0.27091719128746666,0.9228655207155365,0.4462507658900084,0.8825776867494097,0.3781331528052092,0.9082841001475322,0.23873241823460295,0.49543798628060176,0.5401875517443907,0.9746763480374742,SCoNE,0.1,False,/home/jupyter/repos/SCoNE/output/models/signed_cov_effects/tune_22
390,0.582861464121184,0.8238160425428293,0.442386266018412,1.035667431372623,30,tune,1,22,0.6006501725280178,0.27324117144772436,0.9156375931499664,0.4488929872271549,0.8918264379346806,0.3724038898493336,0.9043768053462973,0.25272135531456447,0.49445634442571346,0.5412110869469097,0.9746763480374742,SCoNE,0.1,False,/home/jupyter/repos/SCoNE/output/models/signed_cov_effects/tune_22
391,0.581272671588745,0.820445756642777,0.44738162759422306,1.0357125187676572,31,tune,1,22,0.6142911604283701,0.27992121095152295,0.9246174321997831,0.4406792394372686,0.8866813834246925,0.37493159038934193,0.8819962452299003,0.23158471751521803,0.4955383170820571,0.5401742016856002,0.9746763480374742,SCoNE,0.1,False,/home/jupyter/repos/SCoNE/output/models/signed_cov_effects/tune_22
392,0.6487258418791986,0.8384428860608935,0.43543360981025103,1.0339017520231357,32,tune,1,22,0.6553106330602185,0.26793254533603034,0.9465044001011533,0.44943240599458745,0.9226048128960191,0.38009949956308303,0.9240388837067143,0.24604040978057026,0.49635530805546585,0.5375464439676699,0.9746763480374742,SCoNE,0.1,False,/home/jupyter/repos/SCoNE/output/models/signed_cov_effects/tune_22
393,0.6347880477144616,0.8434977774908804,0.4339504045462925,1.0360155182961233,33,tune,1,22,0.5745413127396951,0.32124883870842835,0.9108238664147784,0.4391961375085235,0.9063365321045913,0.3826155567508993,0.9093759314212018,0.24070497898657364,0.4982919079706143,0.5377236103255089,0.9746763480374742,SCoNE,0.1,False,/home/jupyter/repos/SCoNE/output/models/signed_cov_effects/tune_22
394,0.57120524854055,0.8173865761562145,0.44015905981880443,1.0353800863924896,34,tune,1,22,0.6564175523583475,0.30742456337821095,0.9456398122614221,0.44922901645978025,0.8917775528811731,0.36314330780489185,0.9331788134734453,0.25601520198060734,0.4954486914098981,0.5399313949825914,0.9746763480374742,SCoNE,0.1,False,/home/jupyter/repos/SCoNE/output/models/signed_cov_effects/tune_22
395,0.6089233351976739,0.8281517403986879,0.43958695443223766,1.0364720266360092,35,tune,1,22,0.5645650773835788,0.2605632763554925,0.8881419298231827,0.4247403457703225,0.9038090035764523,0.39083441469417046,0.9350421457603213,0.24339282599816653,0.49216086300663114,0.5443111636293781,0.9746763480374742,SCoNE,0.1,False,/home/jupyter/repos/SCoNE/output/models/signed_cov_effects/tune_22
396,0.6606652588623209,0.8452105679151529,0.4351227040596404,1.0354532778167829,36,tune,1,22,0.5570452704310335,0.281628649009253,0.8960324656191169,0.43078037981829453,0.9126335457729812,0.39035809792310255,0.8985622509826616,0.24425803848981215,0.4938767169455305,0.5415765608712523,0.9746763480374742,SCoNE,0.1,False,/home/jupyter/repos/SCoNE/output/models/signed_cov_effects/tune_22
397,0.6618514227765858,0.8446836736181226,0.43411469210983733,1.0352040624160783,37,tune,1,22,0.5941645683722131,0.2933559250145059,0.9040064895386676,0.42569431182882767,0.8946003510266936,0.3980902227829472,0.8819853257065517,0.22492273116965256,0.494802174566243,0.5404018878498352,0.9746763480374742,SCoNE,0.1,False,/home/jupyter/repos/SCoNE/output/models/signed_cov_effects/tune_22
398,0.5978451123360938,0.8296692492844756,0.4419598977474691,1.0376850675109548,38,tune,1,22,0.5469024409408371,0.28701031539750976,0.8645857767654388,0.4018567001812773,0.8617519698951512,0.38781696833210966,0.8579865351178085,0.2238724250653977,0.4934360434653653,0.5442490240455896,0.9746763480374742,SCoNE,0.1,False,/home/jupyter/repos/SCoNE/output/models/signed_cov_effects/tune_22
399,0.6430699333328463,0.8409357414161162,0.4338824177720811,1.0349940683339944,39,tune,1,22,0.6063914884859892,0.2800951943105523,0.9225980924901659,0.43878262395697953,0.9339722386984047,0.3797459647603611,0.9633697896050679,0.25439678368418694,0.49451185430703465,0.5404822140269597,0.9746763480374742,SCoNE,0.1,False,/home/jupyter/repos/SCoNE/output/models/signed_cov_effects/tune_22
400,0.6423932428037402,0.8420868597328935,0.43254596026515346,1.0351025842738566,40,tune,1,22,0.6264407084976577,0.2846657723496579,0.9276219102654375,0.4526909720269724,0.8968062832634232,0.4103746877607651,0.9132312141819138,0.22062415082075593,0.49498695954080646,0.5401156247330502,0.9746763480374742,SCoNE,0.1,False,/home/jupyter/repos/SCoNE/output/models/signed_cov_effects/tune_22
401,0.5835599595109302,0.8200775763331934,0.4459611856424332,1.0366899056004546,41,tune,1,22,0.558287772863275,0.3052321124545328,0.89146919914371,0.4029249540758004,0.8974775767151716,0.3636247577978142,0.9257447612132863,0.2398360800522186,0.49460786076894475,0.5420820448315098,0.9746763480374742,SCoNE,0.1,False,/home/jupyter/repos/SCoNE/output/models/signed_cov_effects/tune_22
402,0.5828642949377865,0.8177040136111083,0.4467025044307119,1.0365764288719348,42,tune,1,22,0.6326336745281703,0.27369158138361604,0.9420178351002684,0.45194577696022215,0.9001774390422957,0.36207943444072027,0.9557619846592693,0.22916699296056817,0.49502483121590224,0.5415515976560326,0.9746763480374742,SCoNE,0.1,False,/home/jupyter/repos/SCoNE/output/models/signed_cov_effects/tune_22
403,0.5862700907945886,0.8220814816792575,0.44248865568278306,1.03573639047229,43,tune,1,22,0.576046560897193,0.2695879562087891,0.8969930016802139,0.4227264887526512,0.8945744196255022,0.3658591468934967,0.919108061700523,0.2558958609368137,0.4948744466587659,0.5408619438135243,0.9746763480374742,SCoNE,0.1,False,/home/jupyter/repos/SCoNE/output/models/signed_cov_effects/tune_22
404,0.6540815773961633,0.8437534870893593,0.4304514029482268,1.0349645383261539,44,tune,1,22,0.6199558461777078,0.2800718811421885,0.9345717776295034,0.44574155505945606,0.945023022578398,0.36776262150873196,0.952702736797913,0.25343769145747574,0.4947053301441112,0.5402592081820425,0.9746763480374742,SCoNE,0.1,False,/home/jupyter/repos/SCoNE/output/models/signed_cov_effects/tune_22
405,0.6421298114258764,0.8472267337569404,0.4306692639407876,1.0363022818760932,45,tune,1,22,0.5352496145786934,0.3041046478623811,0.8685154335286621,0.4201445352048683,0.8913304163046524,0.36979599871447943,0.9001773568386525,0.2738064135332001,0.4957463163842679,0.5405559654918252,0.9746763480374742,SCoNE,0.1,False,/home/jupyter/repos/SCoNE/output/models/signed_cov_effects/tune_22
406,0.5499847630944802,0.8131634123181402,0.4514218800644428,1.036423763621946,46,tune,1,22,0.5779516183100174,0.26503467451924945,0.8970500313644476,0.44210766810758506,0.8807867594608728,0.3874210602130427,0.9042942745453588,0.2147446401090549,0.49809256943683844,0.5383311941851076,0.9746763480374742,SCoNE,0.1,False,/home/jupyter/repos/SCoNE/output/models/signed_cov_effects/tune_22
407,0.28452801798543703,0.6807769893192207,0.4536535828449226,1.0511734116826599,47,tune,1,22,0.3988460402709286,0.2798714794201807,0.9394955945721868,0.4510507535622497,0.7567040447508347,0.3391193833804739,0.922838887066734,0.23064851758967164,0.5197139074803282,0.5314595042023318,0.9746763480374742,SCoNE,0.1,False,/home/jupyter/repos/SCoNE/output/models/signed_cov_effects/tune_22
408,0.5474666113057172,0.8076122489670988,0.45273446654146055,1.0377195111576407,48,tune,1,22,0.5390945011863137,0.2794844824044581,0.8921348239678458,0.4207809968430347,0.8489632508810286,0.374480676579928,0.8729990715549804,0.24381692493687965,0.49784439770984595,0.5398751134477948,0.9746763480374742,SCoNE,0.1,False,/home/jupyter/repos/SCoNE/output/models/signed_cov_effects/tune_22
409,0.5512525700664441,0.8020933310415543,0.44578435065563354,1.0368503240196298,49,tune,1,22,0.7656930768902179,0.21971148489630207,0.9813198979480823,0.4629987571459132,0.8764031457845051,0.3561771005061369,0.895979804816809,0.24778338789915214,0.5030879850174333,0.5337623390021965,0.9746763480374742,SCoNE,0.1,False,/home/jupyter/repos/SCoNE/output/models/signed_cov_effects/tune_22
410,0.6524026818019408,0.8431653283119134,0.43375375694586604,1.0348480861540907,0,tune,1,20,0.5735456794374837,0.29961950949049426,0.8926587321235525,0.41163593451683395,0.9062488653649902,0.38985836668104334,0.9147615434635284,0.23488001345393936,0.49277488828148575,0.5420731978726049,0.9783897852527369,SCoNE,0.001,False,/home/jupyter/repos/SCoNE/output/models/signed_cov_effects/tune_20
411,0.4991604380397215,0.7944395919197035,0.45510697175900383,1.0380698917318152,1,tune,1,20,0.5046894502155048,0.2812849991653497,0.8495629040705331,0.3968352705625736,0.8459863702811642,0.3584682122894265,0.9054162604010287,0.2426925297501449,0.4988757999425379,0.5391940917892774,0.9783897852527369,SCoNE,0.001,False,/home/jupyter/repos/SCoNE/output/models/signed_cov_effects/tune_20
412,0.5443977718351908,0.8071435509682027,0.4540309772386283,1.0376437785472221,2,tune,1,20,0.5131326379991165,0.3052456272284816,0.8530919831889423,0.39593710083694217,0.858467568422068,0.3617395023804931,0.8516649633909972,0.2297430459893656,0.49683624819090233,0.5408075303563198,0.9783897852527369,SCoNE,0.001,False,/home/jupyter/repos/SCoNE/output/models/signed_cov_effects/tune_20
413,0.6446410647653468,0.8397012150475549,0.4386276815950428,1.034865872205813,3,tune,1,20,0.579160793562064,0.31432788756696445,0.9104729160329551,0.39768801537916965,0.9189860848213239,0.3951771986840307,0.9332665138503361,0.2151895852426205,0.4956114351587685,0.5392544370470446,0.9783897852527369,SCoNE,0.001,False,/home/jupyter/repos/SCoNE/output/models/signed_cov_effects/tune_20
414,0.5876005577915614,0.8242347236303046,0.44833296256251143,1.0360465946117638,4,tune,1,20,0.5326093851734082,0.30437962258750295,0.8536977412912348,0.3626022166526412,0.8775108216330376,0.4018936814544236,0.8901318550772664,0.2240558583318978,0.49490636244617164,0.5411402321655923,0.9783897852527369,SCoNE,0.001,False,/home/jupyter/repos/SCoNE/output/models/signed_cov_effects/tune_20
415,0.4834691358436747,0.7865117106910334,0.43766219350742225,1.0454048199325028,5,tune,1,20,0.5195968635081747,0.3174141338874662,0.9296659719314542,0.4165323533367593,0.8228064806991129,0.3646101774081702,0.9166624027605795,0.22939224842554007,0.5119520890987173,0.5334527308337856,0.9783897852527369,SCoNE,0.001,False,/home/jupyter/repos/SCoNE/output/models/signed_cov_effects/tune_20
416,0.6602522360753972,0.8489783037134343,0.4333299607839497,1.03558032663509,6,tune,1,20,0.5601844316069914,0.3168423309454084,0.8800651179824364,0.41082933346270073,0.8791067479125629,0.4030416068701572,0.8377616763322407,0.2658325498210605,0.4944255719849092,0.5411547546501809,0.9783897852527369,SCoNE,0.001,False,/home/jupyter/repos/SCoNE/output/models/signed_cov_effects/tune_20
417,0.5881143038011265,0.8244969608095855,0.4471471546212182,1.0364888235594227,7,tune,1,20,0.5397271129603103,0.3068904035481699,0.8871947210796921,0.4235902674473537,0.8565950612508596,0.38249428692883697,0.841741062340281,0.22835031057470068,0.49550681748623593,0.5409820060731867,0.9783897852527369,SCoNE,0.001,False,/home/jupyter/repos/SCoNE/output/models/signed_cov_effects/tune_20
418,0.5976144872457441,0.8260395620926129,0.44402889524016165,1.0354639185025318,8,tune,1,20,0.5742721145766881,0.2816049549953936,0.8972737894757913,0.429608367207353,0.8665167079758332,0.38691279765341724,0.8199866475615729,0.21662591013856766,0.49582773295903804,0.5396361855434938,0.9783897852527369,SCoNE,0.001,False,/home/jupyter/repos/SCoNE/output/models/signed_cov_effects/tune_20
419,0.6461077175809113,0.8487546792413937,0.4326707412916571,1.035239572090782,9,tune,1,20,0.5570181144580191,0.3162823257568678,0.8821674253285464,0.40287998800841235,0.8979315694325362,0.4201901698410024,0.9038194486723418,0.2423439879720223,0.4939895405985379,0.5412500314922443,0.9783897852527369,SCoNE,0.001,False,/home/jupyter/repos/SCoNE/output/models/signed_cov_effects/tune_20
420,0.5449173573367226,0.81207153641432,0.4504813127525458,1.0374855672388996,10,tune,1,20,0.5358512694882451,0.29784218773846777,0.8737944868523134,0.4050581541262649,0.8596764479514163,0.37015205902203,0.8602767828945493,0.2596847099149955,0.49835922985816744,0.5391263373807321,0.9783897852527369,SCoNE,0.001,False,/home/jupyter/repos/SCoNE/output/models/signed_cov_effects/tune_20
421,0.6419554974847389,0.8382509388023858,0.43432818397580414,1.0346778634020688,11,tune,1,20,0.5913299999439987,0.2742038877684028,0.9090136208941964,0.4297484975889909,0.9309494123899402,0.37161291675892827,0.9506667719369821,0.2409236074221703,0.4945385320374438,0.5401393313646249,0.9783897852527369,SCoNE,0.001,False,/home/jupyter/repos/SCoNE/output/models/signed_cov_effects/tune_20
422,0.5743963847026777,0.8177652985450851,0.45173759484008225,1.036793194544371,12,tune,1,20,0.5446508058614008,0.28827927741457715,0.8798358684408055,0.4237838086190876,0.8468386826988284,0.3893915817765587,0.8472299896780578,0.21267577312505462,0.49774157749214903,0.5390516170522218,0.9783897852527369,SCoNE,0.001,False,/home/jupyter/repos/SCoNE/output/models/signed_cov_effects/tune_20
423,0.5418318113913942,0.8141253328246393,0.44960544449283496,1.0368086735047668,13,tune,1,20,0.5433171425783702,0.2931581056558689,0.8770673557527159,0.41736205391767034,0.8402104802422526,0.3985312708537746,0.7959138315198044,0.21990985156340453,0.49581638698845526,0.5409922865163116,0.9783897852527369,SCoNE,0.001,False,/home/jupyter/repos/SCoNE/output/models/signed_cov_effects/tune_20
424,0.589828728753051,0.820824435392124,0.44595435392485483,1.0367207547707387,14,tune,1,20,0.5461728511675401,0.28610259080268763,0.8851196353702787,0.420310711914688,0.8736281326240486,0.38842258705793187,0.8672056471949801,0.24971392493458913,0.4943927714408142,0.5423279833299245,0.9783897852527369,SCoNE,0.001,False,/home/jupyter/repos/SCoNE/output/models/signed_cov_effects/tune_20
425,0.5865237042935904,0.8210935833821049,0.44594019919283207,1.0362080010394956,15,tune,1,20,0.5412847053492965,0.298804697310439,0.8505282642384673,0.3973079111575108,0.8719733986242186,0.3820437731174413,0.8485384413202194,0.22385242102891983,0.493767952429124,0.5424400486103717,0.9783897852527369,SCoNE,0.001,False,/home/jupyter/repos/SCoNE/output/models/signed_cov_effects/tune_20
426,0.5931942989806376,0.8254071177494224,0.44297372338545615,1.0360835384979339,16,tune,1,20,0.5557997070133787,0.3212670823740097,0.8903046118753003,0.4067862199211434,0.8695212141197844,0.38775113620148827,0.8957808158170237,0.24016677768685984,0.49422220495099956,0.5418613335469344,0.9783897852527369,SCoNE,0.001,False,/home/jupyter/repos/SCoNE/output/models/signed_cov_effects/tune_20
427,0.590976032912232,0.8265325294964508,0.44114017706584774,1.0355821328559385,17,tune,1,20,0.5739802375532904,0.29525370698932774,0.887779804346481,0.4038177334061558,0.8856870499148535,0.35739233411882415,0.8694793837072167,0.22433537013420454,0.4936173506094552,0.5419647822464834,0.9783897852527369,SCoNE,0.001,False,/home/jupyter/repos/SCoNE/output/models/signed_cov_effects/tune_20
428,0.529002882392081,0.8056152257809404,0.45344260919116464,1.0384994193919554,18,tune,1,20,0.49928888824096657,0.303620904574849,0.8577576511986813,0.39981879062998643,0.8352004245835365,0.35870785177277326,0.8276731858941543,0.22382514223554076,0.4986392465215181,0.5398601728704374,0.9783897852527369,SCoNE,0.001,False,/home/jupyter/repos/SCoNE/output/models/signed_cov_effects/tune_20
429,0.5942529283385806,0.8178712477220196,0.4471842646970901,1.036708464249313,19,tune,1,20,0.6234412822268836,0.28536883805590746,0.9254461230720691,0.4407756110531341,0.8648753727741855,0.366567161374872,0.8473851891593365,0.22226241412521716,0.4979357331791795,0.5387727310701335,0.9783897852527369,SCoNE,0.001,False,/home/jupyter/repos/SCoNE/output/models/signed_cov_effects/tune_20
430,0.5730546739993058,0.8222871253138285,0.44613095843248957,1.0363476846480688,20,tune,1,20,0.5289423263744597,0.2924780551285646,0.8447294537640253,0.384454486913112,0.8932435004350584,0.3769116711821298,0.9420400035135423,0.23084166741140888,0.4937508105885032,0.5425968740595656,0.9783897852527369,SCoNE,0.001,False,/home/jupyter/repos/SCoNE/output/models/signed_cov_effects/tune_20
431,0.5897673629040796,0.8260285748630752,0.4462423865537478,1.035816177054322,21,tune,1,20,0.5477966333176113,0.2902274980887304,0.872983695141857,0.41044354036197206,0.8727276360192624,0.3851239248875936,0.8490748140778723,0.21486265252669476,0.4953505727615001,0.540465604292822,0.9783897852527369,SCoNE,0.001,False,/home/jupyter/repos/SCoNE/output/models/signed_cov_effects/tune_20
432,0.6641726442974942,0.8505358222724445,0.4364496208296897,1.035716351933834,22,tune,1,20,0.5464458247774375,0.28765572135223744,0.8637098255642885,0.40022455186249467,0.8953104781092868,0.41115035358373264,0.8689932490228457,0.23405375003091686,0.494117515174778,0.5415988367590558,0.9783897852527369,SCoNE,0.001,False,/home/jupyter/repos/SCoNE/output/models/signed_cov_effects/tune_20
433,0.6071064293793642,0.827338448124939,0.43570197322262716,1.036998981140174,23,tune,1,20,0.5649786816529458,0.3063832661401444,0.8957508729254874,0.4075396751987748,0.8938178092531217,0.3861302618793625,0.94026576464162,0.23730307333598333,0.49150950393902626,0.5454894772011479,0.9783897852527369,SCoNE,0.001,False,/home/jupyter/repos/SCoNE/output/models/signed_cov_effects/tune_20
434,0.6490369393027251,0.8461161213741334,0.4334625752164186,1.0352223040697905,24,tune,1,20,0.5801579061249981,0.2888920064845213,0.8982397809692053,0.4071677085231903,0.8766006771862329,0.3884639759820545,0.8110037928151008,0.2209907266263908,0.4946868908030292,0.5405354132667614,0.9783897852527369,SCoNE,0.001,False,/home/jupyter/repos/SCoNE/output/models/signed_cov_effects/tune_20
435,0.617927200844022,0.8348225902093219,0.4404948319805059,1.035727425871407,25,tune,1,20,0.5820841143057037,0.31167365198831914,0.900159098129306,0.40456561995351625,0.8832414034169866,0.4012873384205571,0.8482239392929656,0.2286623754853224,0.4940985850144045,0.5416288408570027,0.9783897852527369,SCoNE,0.001,False,/home/jupyter/repos/SCoNE/output/models/signed_cov_effects/tune_20
436,0.5246580358536344,0.805125909535272,0.45106992437048454,1.0369112406019103,26,tune,1,20,0.5361434868158568,0.290750440122075,0.8913208597384981,0.42907652931231427,0.8747681765864402,0.36987359971133904,0.945159035442524,0.2218291575432558,0.49643004688429127,0.5404811937176192,0.9783897852527369,SCoNE,0.001,False,/home/jupyter/repos/SCoNE/output/models/signed_cov_effects/tune_20
437,0.580706372686374,0.8254279876548541,0.4419556800734856,1.0357663732704157,27,tune,1,20,0.5875599970610089,0.2858145166658417,0.9078715161777781,0.4208968058679458,0.8877085366004566,0.40428173607609286,0.9175874843811226,0.23116072571220886,0.4947917948515272,0.5409745784188885,0.9783897852527369,SCoNE,0.001,False,/home/jupyter/repos/SCoNE/output/models/signed_cov_effects/tune_20
438,0.28710717380365247,0.6871551007578272,0.4476516784621857,1.0489680316573375,28,tune,1,20,0.36332413318069495,0.25736174223684677,0.9449615466807416,0.46527239592444763,0.8237112078787278,0.3769438928760184,0.9365039869928578,0.20088978159077414,0.5220976713404895,0.5268703603168481,0.9783897852527369,SCoNE,0.001,False,/home/jupyter/repos/SCoNE/output/models/signed_cov_effects/tune_20
439,0.5765727998431401,0.8187451056755927,0.4498418260674585,1.036538371600693,29,tune,1,20,0.5520890480810503,0.29937100583957954,0.8807505530036092,0.4035543872002739,0.8623146131171341,0.3822238303901887,0.8706547302992461,0.22651986043204578,0.4950024265699304,0.5415359450307626,0.9783897852527369,SCoNE,0.001,False,/home/jupyter/repos/SCoNE/output/models/signed_cov_effects/tune_20
440,0.5885683727111505,0.8240943084503821,0.4443411843225452,1.035783721891804,30,tune,1,20,0.5701766066742844,0.2915771616114606,0.8979219303532402,0.4238279426729964,0.8830166089425044,0.37928176980366607,0.8913730619636823,0.24102031041805197,0.4949310848562608,0.5408526370355432,0.9783897852527369,SCoNE,0.001,False,/home/jupyter/repos/SCoNE/output/models/signed_cov_effects/tune_20
441,0.6021237753016756,0.8301089982207099,0.44332058644869354,1.0354747412313512,31,tune,1,20,0.6105005493437845,0.3029489678887224,0.9204269645544343,0.4177628856576743,0.8899798705295704,0.3915568787230971,0.878493683695389,0.2182808521527166,0.4952043345020707,0.5402704067292806,0.9783897852527369,SCoNE,0.001,False,/home/jupyter/repos/SCoNE/output/models/signed_cov_effects/tune_20
442,0.6403780505219987,0.8423720692375769,0.4339769536491188,1.0339080778640681,32,tune,1,20,0.610863070997611,0.28432415724628934,0.9223462926792304,0.4245904953049254,0.917133454710096,0.38536682914350257,0.9186551732186649,0.24001154860116455,0.4947260063937094,0.5391820714703588,0.9783897852527369,SCoNE,0.001,False,/home/jupyter/repos/SCoNE/output/models/signed_cov_effects/tune_20
443,0.5861765314536382,0.8284440057575055,0.4442169580416474,1.0356242554119184,33,tune,1,20,0.5478981854027323,0.31916598410837854,0.8764904162631513,0.41001617072651597,0.8857210876001688,0.3886025751773283,0.8978467781743084,0.2220051085213191,0.49453424081104513,0.5410900146008732,0.9783897852527369,SCoNE,0.001,False,/home/jupyter/repos/SCoNE/output/models/signed_cov_effects/tune_20
444,0.5566581366194963,0.8149158185778234,0.4441207764440756,1.0364996320366027,34,tune,1,20,0.5541530280885416,0.31480474623341703,0.8849227890543362,0.4086594109889093,0.8753508784534131,0.3766334516945055,0.9168944397265179,0.23830202030881162,0.49521322394439143,0.5412864080922112,0.9783897852527369,SCoNE,0.001,False,/home/jupyter/repos/SCoNE/output/models/signed_cov_effects/tune_20
445,0.6004114878340325,0.825521805136238,0.443801476980382,1.0364167490082359,35,tune,1,20,0.5649066727615647,0.2790770185832542,0.8799812465672296,0.403664673853109,0.8772098248455749,0.3967527029287983,0.8820848585487385,0.23155242299399567,0.4938360965895238,0.5425806524187121,0.9783897852527369,SCoNE,0.001,False,/home/jupyter/repos/SCoNE/output/models/signed_cov_effects/tune_20
446,0.6676136690830001,0.849447132586743,0.43445089091084255,1.035493837713741,36,tune,1,20,0.5334744354066342,0.2995239169544203,0.8714704101879022,0.4024941138289024,0.9120318720399171,0.4099875881788207,0.9113704979689323,0.22702344836546812,0.49336400411801745,0.5421298335957235,0.9783897852527369,SCoNE,0.001,False,/home/jupyter/repos/SCoNE/output/models/signed_cov_effects/tune_20
447,0.6658609587444844,0.8468670460956784,0.43598294588034214,1.0353125889526278,37,tune,1,20,0.565413065749287,0.31040846182618503,0.8881602244279111,0.4063397707118932,0.8850390559350211,0.39525982566428425,0.8412763913725742,0.2167193318525715,0.4951065322377187,0.540206056714909,0.9783897852527369,SCoNE,0.001,False,/home/jupyter/repos/SCoNE/output/models/signed_cov_effects/tune_20
448,0.6198148050352393,0.8361872485670775,0.4364508194695996,1.0364436589680426,38,tune,1,20,0.5589890464208999,0.29455403107563627,0.8765158970828891,0.3978541656286599,0.8944234817630039,0.39363131394952594,0.9239703075695959,0.2256192540787154,0.4919942164179911,0.5444494425500515,0.9783897852527369,SCoNE,0.001,False,/home/jupyter/repos/SCoNE/output/models/signed_cov_effects/tune_20
449,0.6371307426958696,0.8415454797368346,0.43498070070648,1.0348761788061809,39,tune,1,20,0.5933903073674833,0.29098280341461796,0.9162403858205961,0.42421817150024316,0.9238949941823851,0.3876783927371523,0.9521964416229838,0.24792085327730862,0.49429365866885755,0.5405825201373233,0.9783897852527369,SCoNE,0.001,False,/home/jupyter/repos/SCoNE/output/models/signed_cov_effects/tune_20
450,0.6369124105974155,0.843394703262405,0.43320538430527633,1.035146618758919,40,tune,1,20,0.6129840701791438,0.30929652516076506,0.9198464548841745,0.42817158974001857,0.8911292041162752,0.41718375562856735,0.9144512619843616,0.21247053912050162,0.49470596656699684,0.5404406521919222,0.9783897852527369,SCoNE,0.001,False,/home/jupyter/repos/SCoNE/output/models/signed_cov_effects/tune_20
451,0.565995047994905,0.8191044822921933,0.44789600892117254,1.0376503077037125,41,tune,1,20,0.5012740794504619,0.30838843959951334,0.8286048087225428,0.37605174849878353,0.8802357929774353,0.37437644510490226,0.8687675513056159,0.22877990318049427,0.495919749097684,0.5417305586060285,0.9783897852527369,SCoNE,0.001,False,/home/jupyter/repos/SCoNE/output/models/signed_cov_effects/tune_20
452,0.5802190930368942,0.8195359141141964,0.451062927244089,1.0373625173828547,42,tune,1,20,0.5689930898591549,0.29171238059317367,0.907263435373772,0.4212716880344987,0.8778265760599543,0.38094326826324126,0.9082085425246575,0.20707191413850154,0.49547364906119035,0.5418888683216643,0.9783897852527369,SCoNE,0.001,False,/home/jupyter/repos/SCoNE/output/models/signed_cov_effects/tune_20
453,0.5910849392411129,0.8272362229924721,0.4403465703409117,1.0354259205487164,43,tune,1,20,0.5789260214313872,0.28757736916511284,0.8949537581425872,0.4030179968634837,0.8949916895543744,0.3798208825879993,0.9048864346169939,0.24381992678313746,0.49430691200580157,0.541119008542915,0.9783897852527369,SCoNE,0.001,False,/home/jupyter/repos/SCoNE/output/models/signed_cov_effects/tune_20
454,0.6624876475857604,0.8468266287382239,0.4328608882487869,1.0354455586123528,44,tune,1,20,0.5742403583401838,0.3091756728280404,0.9047702209487448,0.4111963740143773,0.9343986532475504,0.3797119987390556,0.9341473670710475,0.24949539303501794,0.4939391060169686,0.5415064525953841,0.9783897852527369,SCoNE,0.001,False,/home/jupyter/repos/SCoNE/output/models/signed_cov_effects/tune_20
455,0.6382231466362288,0.8497027954345826,0.4292351949661789,1.0364751506564756,45,tune,1,20,0.5242608725344582,0.32292156991860893,0.845657923342299,0.3893884462317628,0.901859324585959,0.37899193446309076,0.9283156680819908,0.274714389202858,0.49418186238190615,0.5422932882745694,0.9783897852527369,SCoNE,0.001,False,/home/jupyter/repos/SCoNE/output/models/signed_cov_effects/tune_20
456,0.5748419058995915,0.8198894307260728,0.44912806849800696,1.0356054070148484,46,tune,1,20,0.5683918588335269,0.27496442415837546,0.8897847190577944,0.4257723356823685,0.8863276106392409,0.39906824730366,0.9155990042561266,0.2024878919401345,0.49642444811987474,0.5391809588949735,0.9783897852527369,SCoNE,0.001,False,/home/jupyter/repos/SCoNE/output/models/signed_cov_effects/tune_20
457,0.3319531088006922,0.7186520448986828,0.4578902734586705,1.051801763822547,47,tune,1,20,0.4290283450673192,0.29376824773029514,0.9294133647842254,0.43332228588751287,0.7591187331666842,0.3344406816321882,0.8352580972555808,0.22625065960017918,0.5167407924382826,0.5350609713842643,0.9783897852527369,SCoNE,0.001,False,/home/jupyter/repos/SCoNE/output/models/signed_cov_effects/tune_20
458,0.5933846345131212,0.8234254328707433,0.4490041508563741,1.037358859167837,48,tune,1,20,0.5531027557891365,0.3023186738818695,0.8794668236844981,0.38931923802164986,0.851323908213581,0.3923008479942122,0.8413739094169448,0.22459676696355474,0.4949474799624263,0.5424113792054109,0.9783897852527369,SCoNE,0.001,False,/home/jupyter/repos/SCoNE/output/models/signed_cov_effects/tune_20
459,0.4507877369552697,0.7806889924536934,0.44612472728588903,1.0409070117022936,49,tune,1,20,0.6695256251194424,0.2504712070212624,0.9690345186753555,0.4586337084161233,0.8468791079964266,0.36087786696620083,0.8679386904729469,0.23848944919919568,0.507955116057705,0.5329518956445887,0.9783897852527369,SCoNE,0.001,False,/home/jupyter/repos/SCoNE/output/models/signed_cov_effects/tune_20
460,0.06715983436119492,0.036737454813300485,0.03600878349887014,0.283569482974579,0,tune,0,7,0.031640256975690874,0.07837291019462352,0.558409695172879,0.16444923175418505,0.16286686519787313,0.06463158204477007,0.5133076975412466,-0.07349541330544943,0.04386551435118099,0.23970396862339802,0.7923949343086596,SCoNE,0.0,True,/home/jupyter/repos/SCoNE/output/models/signed_cov_effects/tune_7
461,0.04553133611050134,0.048612190480496205,0.047814144644778074,0.25418395128014165,1,tune,0,7,0.03123988524076615,0.08138140627116083,0.5257562109843169,0.17494921401111424,0.2834138770642079,0.1524439337566166,0.5310295222596465,-0.07900754697417921,0.021028180468391854,0.2331557708117498,0.7923949343086596,SCoNE,0.0,True,/home/jupyter/repos/SCoNE/output/models/signed_cov_effects/tune_7
462,0.009333877868021536,0.035324964240847495,0.03348339868307683,0.2607150239243842,2,tune,0,7,0.0031306096392045707,0.058326530772322006,0.5365356567075743,0.16721934583735276,0.17537559245656426,0.06761647243594021,0.5278121264739609,-0.06724270989505,0.035648598075832934,0.22506642584855127,0.7923949343086596,SCoNE,0.0,True,/home/jupyter/repos/SCoNE/output/models/signed_cov_effects/tune_7
463,0.26491149320628465,0.03728087342801226,0.03659736092965029,0.2646264118397343,3,tune,0,7,0.02042603360906543,0.08324616928105921,0.5402254139357654,0.15270261125647927,0.17274220924125414,0.059911629642673374,0.5279345994618971,-0.07777674054688298,0.029340506481580663,0.2352859053581536,0.7923949343086596,SCoNE,0.0,True,/home/jupyter/repos/SCoNE/output/models/signed_cov_effects/tune_7
464,0.04254887796484347,0.04354964382654775,0.043155191607249614,0.25581067363826526,4,tune,0,7,0.04788298168476727,0.10065347381511908,0.5135611551868913,0.14278589414156076,0.28199395361762913,0.20510950131407474,0.5326558612623047,-0.07004895324341026,0.02227065208020581,0.23354002155805947,0.7923949343086596,SCoNE,0.0,True,/home/jupyter/repos/SCoNE/output/models/signed_cov_effects/tune_7
465,0.08730727253130598,0.05231984314037242,0.0503626206907826,0.23456008223128386,5,tune,0,7,0.03204549440283096,0.05020131734529649,0.5746190739278423,0.17907896851115232,0.3523374477626955,0.1582014886147526,0.5292606489438508,-0.07157775686395433,0.01145408808061814,0.2231059941506657,0.7923949343086596,SCoNE,0.0,True,/home/jupyter/repos/SCoNE/output/models/signed_cov_effects/tune_7
466,0.08177271242347012,0.05440650465720911,0.052229742961400615,0.2370440075501738,6,tune,0,7,0.016026582507157102,0.04868780237840751,0.6311917966576182,0.22612254392766304,0.19287272422267443,0.06051870993857288,0.5184267099866943,-0.02350107555906927,0.0120876853269601,0.22495632222321368,0.7923949343086596,SCoNE,0.0,True,/home/jupyter/repos/SCoNE/output/models/signed_cov_effects/tune_7
467,0.07422235306135128,0.03806982437746553,0.036410714190165755,0.2399090107948107,7,tune,0,7,0.009759207261943497,0.0700405702831092,0.5225778898572068,0.1646246870656986,0.18062660020596966,0.06281023626093388,0.5030924918977818,-0.06777322510692683,0.022883636347444024,0.21702537444736666,0.7923949343086596,SCoNE,0.0,True,/home/jupyter/repos/SCoNE/output/models/signed_cov_effects/tune_7
468,0.005035325197721011,0.03768546553342655,0.036542258388335455,0.26461395043442815,8,tune,0,7,0.005029045918908109,0.09562655082230603,0.5223453664314086,0.15605020859922925,0.17462389744684703,0.05635644619069974,0.53312716906312,-0.05134653221692629,0.03173477336974924,0.23287917706467892,0.7923949343086596,SCoNE,0.0,True,/home/jupyter/repos/SCoNE/output/models/signed_cov_effects/tune_7
469,0.013241194242924406,0.04675220718838194,0.037124897161192695,0.2762606399370533,9,tune,0,7,0.0066417147091950976,0.06114213846722717,0.5108685588973362,0.1663580140784492,0.17641116506210106,0.1154571040244204,0.5335295987189199,-0.06442911512475198,0.025512700345664996,0.2507479395913883,0.7923949343086596,SCoNE,0.0,True,/home/jupyter/repos/SCoNE/output/models/signed_cov_effects/tune_7
470,0.04476368762642147,0.041924419476600805,0.04040665003769821,0.25191431986461627,10,tune,0,7,0.004488782240687996,0.08028623344965517,0.5583767929054033,0.17885744287216462,0.17377518674482015,0.08920442260539987,0.5229437542731395,-0.06309152957609446,0.020246332041384915,0.23166798782323134,0.7923949343086596,SCoNE,0.0,True,/home/jupyter/repos/SCoNE/output/models/signed_cov_effects/tune_7
471,0.05744345317791807,0.3094263513906718,0.15562228156025265,0.2049138653390751,11,tune,0,7,0.0038637435960640954,0.07694852481565775,0.5467962416456643,0.17074513060989424,0.35852730091294016,0.13916073110357588,0.5107261192762884,-0.07426525034865573,0.019991160495008688,0.18492270484406642,0.7923949343086596,SCoNE,0.0,True,/home/jupyter/repos/SCoNE/output/models/signed_cov_effects/tune_7
472,0.09282099214556082,0.053850013446806046,0.04883393173614521,0.25595303851244516,12,tune,0,7,0.00901049210389217,0.04768329760848009,0.6391609870877096,0.20094596399486583,0.24880568028307493,0.09956681202043871,0.5228227782683471,-0.06531360378908167,0.022188773982049922,0.23376426453039525,0.7923949343086596,SCoNE,0.0,True,/home/jupyter/repos/SCoNE/output/models/signed_cov_effects/tune_7
473,0.03649700222635854,0.04271472758316322,0.041641972072983195,0.25033025428280786,13,tune,0,7,0.008651846612306772,0.06305304196961248,0.510108226156968,0.1637764589088041,0.17450110616591677,0.05822666059778261,0.5317586103807991,-0.06118302464136636,0.018412683962193647,0.23191757032061422,0.7923949343086596,SCoNE,0.0,True,/home/jupyter/repos/SCoNE/output/models/signed_cov_effects/tune_7
474,0.04860753687892397,0.054115452874768606,0.05183421023443362,0.24057924106568912,14,tune,0,7,0.027534946738420937,0.06073888629291449,0.6088904470226677,0.22718231280229229,0.33667493555452577,0.17497147960398418,0.5257324738729967,-0.05283633729199727,0.013949685696640065,0.22662955536904905,0.7923949343086596,SCoNE,0.0,True,/home/jupyter/repos/SCoNE/output/models/signed_cov_effects/tune_7
475,0.0433488157424119,0.042146392419551384,0.03938767498674146,0.2405405690856326,15,tune,0,7,0.005026861032670405,0.051314891431400264,0.5523772669014654,0.18469866411904387,0.1703045262793318,0.08413274878506001,0.5251332797240484,-0.04421153513444961,0.021329657591423537,0.21921091149420904,0.7923949343086596,SCoNE,0.0,True,/home/jupyter/repos/SCoNE/output/models/signed_cov_effects/tune_7
476,0.09981049723687682,0.04711874489398258,0.046709481164612834,0.23436191545036367,16,tune,0,7,0.021053904412951335,0.10669195310766248,0.5290058858507383,0.16658502989715315,0.18802333293095555,0.06046724055371504,0.5010412437497496,-0.059675071100079365,0.017016653186576837,0.21734526226378684,0.7923949343086596,SCoNE,0.0,True,/home/jupyter/repos/SCoNE/output/models/signed_cov_effects/tune_7
477,0.04528982941395368,0.04286734921219558,0.04006552794783959,0.2600394350446934,17,tune,0,7,0.0057316882706452245,0.06404111275372379,0.5459576348244731,0.17854765697974367,0.17049921679119887,0.0655643568579344,0.5290828630119355,-0.05501904852127519,0.028547712790419472,0.23149172225427392,0.7923949343086596,SCoNE,0.0,True,/home/jupyter/repos/SCoNE/output/models/signed_cov_effects/tune_7
478,0.15034147445043333,0.09455699317300689,0.060185121367695486,0.23224345785802758,18,tune,0,7,0.003916726549145252,0.07768887808290312,0.5462694726394445,0.1845051897068641,0.2729738391821079,0.159246395753445,0.515566776298388,-0.09497942343790848,0.019551742488128184,0.2126917153698994,0.7923949343086596,SCoNE,0.0,True,/home/jupyter/repos/SCoNE/output/models/signed_cov_effects/tune_7
479,0.2798324894515267,0.2945061162661876,0.14138250779876008,0.20090508674873847,19,tune,0,7,0.004440987212522775,0.046018211654572906,0.545987004575098,0.18380579409383327,0.3163983985217632,0.1332390897788511,0.5484468090452279,-0.05643513855877314,0.022652758878582344,0.17825232787015613,0.7923949343086596,SCoNE,0.0,True,/home/jupyter/repos/SCoNE/output/models/signed_cov_effects/tune_7
480,0.0439105555137689,0.038543385732867204,0.03699465611830124,0.2663736475145099,20,tune,0,7,0.003843414796943651,0.0641565534501286,0.5518680776594845,0.17220938470045827,0.17872803745138302,0.05156143682429487,0.528512252251256,-0.0629516945437898,0.027880583536085683,0.23849306397842426,0.7923949343086596,SCoNE,0.0,True,/home/jupyter/repos/SCoNE/output/models/signed_cov_effects/tune_7
481,0.0879945064362547,0.051477458504604674,0.04497341551303267,0.3011349548385687,21,tune,0,7,0.0027968551803288387,0.04921168940479793,0.5126195377032531,0.1986068223504348,0.2771260748378337,0.12511057806699413,0.5311338928711825,-0.07536740192580457,0.026351797432004845,0.2747831574065639,0.7923949343086596,SCoNE,0.0,True,/home/jupyter/repos/SCoNE/output/models/signed_cov_effects/tune_7
482,0.061003675960527706,0.040722950505840974,0.03923861758283422,0.2709102189765561,22,tune,0,7,0.008567082267756602,0.04944926124873596,0.5757768013219652,0.17664102545200638,0.18050354529662263,0.06463931834133553,0.5303144373000326,-0.0818714279057052,0.0356763715872993,0.23523384738925682,0.7923949343086596,SCoNE,0.0,True,/home/jupyter/repos/SCoNE/output/models/signed_cov_effects/tune_7
483,0.001467998643270433,0.0398009132545559,0.03699909786555807,0.24465928143568846,23,tune,0,7,0.003702897419965216,0.08185922060138948,0.5070697196465553,0.17546616931665718,0.17767177849138263,0.0553429933041424,0.5293225299959395,-0.06324247489248397,0.015377290442403609,0.22928199099328486,0.7923949343086596,SCoNE,0.0,True,/home/jupyter/repos/SCoNE/output/models/signed_cov_effects/tune_7
484,0.042634184112778466,0.04852691255722625,0.04726355868430113,0.25265655922334523,24,tune,0,7,0.049074663796378495,0.08521643510720985,0.6155858975004513,0.17530123182818677,0.17650658902210817,0.06421157444115645,0.5197763046275932,-0.06285588780067643,0.02067991788358528,0.23197664133975995,0.7923949343086596,SCoNE,0.0,True,/home/jupyter/repos/SCoNE/output/models/signed_cov_effects/tune_7
485,0.08504884455178222,0.04329256940647245,0.04190309970087235,0.25791776798041033,25,tune,0,7,0.011609989604537789,0.08500880956505544,0.5359455079512926,0.17057628906764738,0.17830559949580638,0.058107754128411175,0.5330542661758763,-0.04979514423615172,0.02568732563656697,0.23223044234384338,0.7923949343086596,SCoNE,0.0,True,/home/jupyter/repos/SCoNE/output/models/signed_cov_effects/tune_7
486,0.004354736008645713,0.06850377059584752,0.04597147366738134,0.25673278059872756,26,tune,0,7,0.005695355208681045,0.075352808820128,0.48991721293563134,0.16323357031694008,0.2747981946467388,0.14005820974650066,0.5037075784351077,-0.0724402387942125,0.021616183679932583,0.235116596918795,0.7923949343086596,SCoNE,0.0,True,/home/jupyter/repos/SCoNE/output/models/signed_cov_effects/tune_7
487,0.08895430045772247,0.04567346468817478,0.04346743444320498,0.24897245503489837,27,tune,0,7,0.01587495328173247,0.08682347322217634,0.5955389180387776,0.20404464568239267,0.32748885640847086,0.14238637890461953,0.5277626413043159,-0.06342549743352816,0.019825890930053613,0.22914656410484477,0.7923949343086596,SCoNE,0.0,True,/home/jupyter/repos/SCoNE/output/models/signed_cov_effects/tune_7
488,0.0029655381779863602,0.3102053851195124,0.18561528559690368,0.20091399337379562,28,tune,0,7,0.0037352337541496712,0.08047518979955536,0.48770355172648255,0.17414717679728292,0.34925603475422795,0.14182769471859377,0.435498808656942,-0.06447400148262829,0.027549294106031512,0.1733646992677641,0.7923949343086596,SCoNE,0.0,True,/home/jupyter/repos/SCoNE/output/models/signed_cov_effects/tune_7
489,0.041466156087931,0.23122342003218954,0.14593041893193,0.25149879218861304,29,tune,0,7,0.0004849288424499787,0.03077071810936375,0.6115082832140682,0.17160201455441043,0.012306804349183294,0.12038323213255898,0.5273363170483188,-0.06413430349673752,0.024092360837228374,0.22740643135138466,0.7923949343086596,SCoNE,0.0,True,/home/jupyter/repos/SCoNE/output/models/signed_cov_effects/tune_7
490,4.324346792339494e-05,0.06952657568104441,0.058112385595788595,0.3213313871406067,30,tune,0,7,0.0061761372095125505,0.0699994957702478,0.5703121459592949,0.17802781749692848,0.2830383614382206,0.11258483280557079,0.48945940846278163,-0.08067200042490866,0.017393284306385766,0.30393810283422096,0.7923949343086596,SCoNE,0.0,True,/home/jupyter/repos/SCoNE/output/models/signed_cov_effects/tune_7
491,0.07202836048691566,0.0420977645292236,0.04114146100502094,0.2539055185605796,31,tune,0,7,0.0057815474135426885,0.06023859105095612,0.523717812762985,0.15393607996549527,0.16565370986216496,0.10072081059082157,0.5328921670534478,-0.0653169151256234,0.022027786522330332,0.23187773203824927,0.7923949343086596,SCoNE,0.0,True,/home/jupyter/repos/SCoNE/output/models/signed_cov_effects/tune_7
492,0.0018458598227383304,0.04204473548457008,0.03905875881929398,0.5009716933653711,32,tune,0,7,0.004285157227138207,0.06850403931591903,0.5368751002635909,0.16107234468967643,0.41429941800069103,0.19660851143025174,0.48041978128581214,-0.03450678669045876,0.04231862280860067,0.45865307055677035,0.7923949343086596,SCoNE,0.0,True,/home/jupyter/repos/SCoNE/output/models/signed_cov_effects/tune_7
493,0.06885166872232451,0.045438087784246406,0.04420273108329475,0.24783388125523004,33,tune,0,7,0.009005863143527415,0.06009799669262174,0.5405944253100384,0.17007408052189937,0.18541604001159714,0.07011978751752775,0.5331284951311688,-0.07233038310123194,0.018812840932089504,0.22902104032314052,0.7923949343086596,SCoNE,0.0,True,/home/jupyter/repos/SCoNE/output/models/signed_cov_effects/tune_7
494,0.034138035943494696,0.045666303103983286,0.04507345791555104,0.2560537931376494,34,tune,0,7,0.03370956707564283,0.10584909110905617,0.554681547214036,0.17544329717756857,0.23631464699938862,0.09955248583938463,0.5308312594657079,-0.05470345003062171,0.022054396149946198,0.2339993969877032,0.7923949343086596,SCoNE,0.0,True,/home/jupyter/repos/SCoNE/output/models/signed_cov_effects/tune_7
495,0.007365318754750228,0.0441348491426192,0.04102523596606405,0.3733106300132855,35,tune,0,7,0.006468782105255989,0.09699189709576697,0.5252666547544771,0.18278417941950642,0.2591687721621619,0.14634281702481106,0.5220091914709372,-0.046784598663122345,0.028233495724154213,0.3450771342891313,0.7923949343086596,SCoNE,0.0,True,/home/jupyter/repos/SCoNE/output/models/signed_cov_effects/tune_7
496,0.046005310861207405,0.04343816631503746,0.0416447222998661,0.2502174162878092,36,tune,0,7,0.005551640735483889,0.08063980684477723,0.5733096907433768,0.19762085983390104,0.18155598839910206,0.07063472908424595,0.5316684641852236,-0.10574691566176027,0.024977238943093425,0.22524017734471574,0.7923949343086596,SCoNE,0.0,True,/home/jupyter/repos/SCoNE/output/models/signed_cov_effects/tune_7
497,0.018643713497635522,0.03895074042604177,0.037516747657228,0.30114079482018635,37,tune,0,7,0.0017941194049530835,0.04692999355327512,0.5371397762021832,0.1580317491429002,0.05096095748101613,0.12734404375664338,0.5281529059448626,-0.05459182286059734,0.029471763147159324,0.27166903167302703,0.7923949343086596,SCoNE,0.0,True,/home/jupyter/repos/SCoNE/output/models/signed_cov_effects/tune_7
498,0.07780906762625711,0.049841816199497034,0.04817812596104551,0.24208875041253278,38,tune,0,7,0.021958710762965055,0.09039150210078681,0.6038442893682376,0.19181413519079377,0.3173813279268916,0.14363185270098724,0.529847145862743,-0.09842011300244843,0.013292996036048658,0.2287957543764841,0.7923949343086596,SCoNE,0.0,True,/home/jupyter/repos/SCoNE/output/models/signed_cov_effects/tune_7
499,0.011549418957689959,0.08102102111940356,0.06959211643722987,0.2443876425131901,39,tune,0,7,0.004694307002500051,0.04728022859911346,0.5423212029451071,0.19819995391154216,0.20207186164998286,0.07816706534997608,0.5328915215367769,-0.05411154587818121,0.01972560614309577,0.22466203637009433,0.7923949343086596,SCoNE,0.0,True,/home/jupyter/repos/SCoNE/output/models/signed_cov_effects/tune_7
500,0.01622170830848672,0.03935956492295059,0.03581795539005619,0.2760804155168849,40,tune,0,7,0.0031995762123858996,0.05005318686378653,0.5631145776027595,0.17085852960356576,0.17771421925114933,0.05846873502111756,0.5285117744773318,-0.04917042053847156,0.04119352741140959,0.2348868881054753,0.7923949343086596,SCoNE,0.0,True,/home/jupyter/repos/SCoNE/output/models/signed_cov_effects/tune_7
501,0.012146968446298728,0.08536286634504404,0.05931386841225665,0.2851334537145533,41,tune,0,7,0.005105886127252467,0.059346427189131204,0.5947265702396101,0.1571541195931588,0.3419265330273282,0.16076541519625775,0.5282719835728145,-0.09448969049895148,0.023500529864035124,0.2616329238505182,0.7923949343086596,SCoNE,0.0,True,/home/jupyter/repos/SCoNE/output/models/signed_cov_effects/tune_7
502,0.0018321504546099498,0.06490923757157713,0.044386910823772156,0.3375644381851602,42,tune,0,7,0.003830340813765686,0.054864930861429295,0.535378877783092,0.1653164126282174,0.29316643002678544,0.1286744963869098,0.4263908838759435,-0.07897606122845607,0.0318435950874376,0.30572084309772257,0.7923949343086596,SCoNE,0.0,True,/home/jupyter/repos/SCoNE/output/models/signed_cov_effects/tune_7
503,0.022947497177162005,0.04075824390311349,0.03596432096344945,0.2631441574502443,43,tune,0,7,0.007146060242504316,0.05494408594923568,0.5097026281045753,0.15659465243574064,0.18693194192539694,0.0705356139097443,0.5317199462261802,-0.052825901167415645,0.02742008385199083,0.23572407359825343,0.7923949343086596,SCoNE,0.0,True,/home/jupyter/repos/SCoNE/output/models/signed_cov_effects/tune_7
504,0.026404404920449463,0.04843860781016895,0.046983112473087264,0.2455158093932777,44,tune,0,7,0.039723905813724675,0.09915308466562575,0.5511591377304439,0.17986122742519786,0.17906687605066746,0.07221720436239161,0.5322846769537283,-0.07565323590018087,0.01459912216353279,0.2309166872297449,0.7923949343086596,SCoNE,0.0,True,/home/jupyter/repos/SCoNE/output/models/signed_cov_effects/tune_7
505,0.038080548114743165,0.045120908570233355,0.04430941111072523,0.26580927852015146,45,tune,0,7,0.04375429127457448,0.07785908161639654,0.5848947594943964,0.17032794838111456,0.3510083369818274,0.14086075300286915,0.5281320759606696,-0.02605301017259495,0.030764926983244744,0.2350443515369067,0.7923949343086596,SCoNE,0.0,True,/home/jupyter/repos/SCoNE/output/models/signed_cov_effects/tune_7
506,0.05865957742269454,0.04468441522021033,0.04321095160114554,0.24548929032217526,46,tune,0,7,0.015892046155284587,0.05523388013755967,0.5402602157915611,0.19084166960111112,0.19726927892463791,0.07519826287203825,0.5327141391321185,-0.07436420876243079,0.016927914671077973,0.22856137565109727,0.7923949343086596,SCoNE,0.0,True,/home/jupyter/repos/SCoNE/output/models/signed_cov_effects/tune_7
507,0.1434910534739093,0.04255271429413765,0.03917865359147156,0.235184958382997,47,tune,0,7,0.006868189036519198,0.05483035466114144,0.5272172372260673,0.16546965055296678,0.1785872866122026,0.054525049426846814,0.5302685573838513,-0.056208416360329465,0.012994694708759502,0.2221902636742375,0.7923949343086596,SCoNE,0.0,True,/home/jupyter/repos/SCoNE/output/models/signed_cov_effects/tune_7
508,0.020964137871305022,0.039272202331674576,0.03787205479873291,0.2781158984667397,48,tune,0,7,0.009629969491187062,0.057725630562760165,0.5682648109610668,0.16648340972614054,0.16891584321359165,0.06741211289796008,0.528756778965717,-0.09878946592498256,0.040022282796805114,0.2380936156699346,0.7923949343086596,SCoNE,0.0,True,/home/jupyter/repos/SCoNE/output/models/signed_cov_effects/tune_7
509,0.06549732793229178,0.04744601799336307,0.045798921872429475,0.2419913929066842,49,tune,0,7,0.013802632979968707,0.06266888496666809,0.5790303103304982,0.16358320591881959,0.18278247486134408,0.06976296401205338,0.5232818215686662,-0.06871139185412849,0.013584612808833626,0.22840678009785056,0.7923949343086596,SCoNE,0.0,True,/home/jupyter/repos/SCoNE/output/models/signed_cov_effects/tune_7
510,0.038996738439344446,0.45916666666666656,0.33112500000000006,-0.038996738439344446,0,train,0,6,,,,,,,,,,,,MVBC,1.0,True,/home/jupyter/repos/SCoNE/output/models/signed_cov_effects/train_6
511,0.003937372258616912,0.24192050490647826,0.2298244796611543,-0.003937372258616912,0,train,1,18,,,,,,,,,,,,MVBC,1.0,False,/home/jupyter/repos/SCoNE/output/models/signed_cov_effects/train_18
512,0.2577535322331384,0.607827780233957,0.40036872594412015,0.14076656036535537,0,train,1,13,0.49775296367715416,0.29651196895790266,,,0.860743779352092,0.3765286079597621,,,0.04357329696970095,0.09719326339565443,0.9885736505554269,HNMF(res),0.0,False,/home/jupyter/repos/SCoNE/output/models/signed_cov_effects/train_13
513,0.26553665020452394,0.6085476714685716,0.40008899731174635,0.14069906769972343,1,train,1,13,0.49266725890629737,0.3064626597261801,,,0.8599184273046656,0.37697925604156024,,,0.043592648106926105,0.09710641959279732,0.9885736505554269,HNMF(res),0.0,False,/home/jupyter/repos/SCoNE/output/models/signed_cov_effects/train_13
514,0.2553819849095986,0.6088870150932321,0.40182395174336044,0.14070263160016944,2,train,1,13,0.4965288630162978,0.3056855184331259,,,0.8617657080950727,0.3749193541332466,,,0.04360402412197961,0.09709860747818984,0.9885736505554269,HNMF(res),0.0,False,/home/jupyter/repos/SCoNE/output/models/signed_cov_effects/train_13
515,0.2657042506961563,0.6066523007323269,0.39942458922847524,0.14048551669166168,3,train,1,13,0.4855464045915963,0.2828986003548725,,,0.8595191208045282,0.3929621608053165,,,0.04368946752127321,0.09679604917038848,0.9885736505554269,HNMF(res),0.0,False,/home/jupyter/repos/SCoNE/output/models/signed_cov_effects/train_13
516,0.264892909859516,0.6053950648594499,0.40113130323351115,0.14058461108775952,4,train,1,13,0.4868306833327986,0.28762191454066666,,,0.858780733569544,0.3694539500192211,,,0.04364008181521938,0.09694452927254013,0.9885736505554269,HNMF(res),0.0,False,/home/jupyter/repos/SCoNE/output/models/signed_cov_effects/train_13
517,0.21442545438254132,0.5115622614129206,0.3942359892700021,0.14137632677612177,5,train,1,13,0.5179580188919245,0.312216380559361,,,0.5866422542694915,0.3359343310897711,,,0.04703160506162226,0.09434472171449952,0.9885736505554269,HNMF(res),0.0,False,/home/jupyter/repos/SCoNE/output/models/signed_cov_effects/train_13
518,0.26632466208665045,0.6092350481306419,0.4009992794909426,0.14064576563651104,6,train,1,13,0.4919880009397079,0.29390045096672696,,,0.8617706241987719,0.38173698271152473,,,0.043611892266025236,0.09703387337048582,0.9885736505554269,HNMF(res),0.0,False,/home/jupyter/repos/SCoNE/output/models/signed_cov_effects/train_13
519,0.2656940323934044,0.6060783237296664,0.40029044158105387,0.14059871067059154,7,train,1,13,0.4708659444903744,0.2769134718532213,,,0.8475577688648835,0.38968625487103487,,,0.043615355660029886,0.09698335501056164,0.9885736505554269,HNMF(res),0.0,False,/home/jupyter/repos/SCoNE/output/models/signed_cov_effects/train_13
520,0.25440167602400016,0.6086414660861384,0.39996907467572895,0.14058971547992355,8,train,1,13,0.48934815224462186,0.29826236749456136,,,0.8599644856430932,0.3828085469876353,,,0.04365628373932861,0.09693343174059493,0.9885736505554269,HNMF(res),0.0,False,/home/jupyter/repos/SCoNE/output/models/signed_cov_effects/train_13
521,0.2647716764073879,0.6088187992805469,0.3984668622688837,0.14068080403063452,9,train,1,13,0.4999350951646911,0.30128428932281476,,,0.8637161507032233,0.37991131585286214,,,0.04361832462955955,0.09706247940107497,0.9885736505554269,HNMF(res),0.0,False,/home/jupyter/repos/SCoNE/output/models/signed_cov_effects/train_13
522,0.2596164274896612,0.6087084194822613,0.4009773076638535,0.14059297233436488,10,train,1,13,0.493139971677805,0.2879738998834697,,,0.8618491279068079,0.36546330313923187,,,0.043647478338245956,0.09694549399611892,0.9885736505554269,HNMF(res),0.0,False,/home/jupyter/repos/SCoNE/output/models/signed_cov_effects/train_13
523,0.26187918229306056,0.6072841116519987,0.3979642271617429,0.14082041190439848,11,train,1,13,0.4838733728155034,0.2801172534962573,,,0.8589808610986632,0.3798587313828118,,,0.043529860081331265,0.0972905518230672,0.9885736505554269,HNMF(res),0.0,False,/home/jupyter/repos/SCoNE/output/models/signed_cov_effects/train_13
524,0.25540519297492215,0.6083985439110461,0.4019791736202267,0.140676153440113,12,train,1,13,0.4883112002625373,0.29059759406090935,,,0.8544207735754412,0.3707785283640385,,,0.04359277797322476,0.09708337546688825,0.9885736505554269,HNMF(res),0.0,False,/home/jupyter/repos/SCoNE/output/models/signed_cov_effects/train_13
525,0.26540258818618623,0.6072069771834248,0.401772604288051,0.14057006860661136,13,train,1,13,0.48425947068213887,0.28777556502898366,,,0.8559479161658166,0.3752387665542573,,,0.04362730049779089,0.09694276810882048,0.9885736505554269,HNMF(res),0.0,False,/home/jupyter/repos/SCoNE/output/models/signed_cov_effects/train_13
526,0.2616208480178962,0.6079480421129285,0.4011890746212366,0.1406774104275084,14,train,1,13,0.49221267871886265,0.30381354951706063,,,0.8611949511306571,0.3720441517860643,,,0.04361065415681132,0.09706675627069708,0.9885736505554269,HNMF(res),0.0,False,/home/jupyter/repos/SCoNE/output/models/signed_cov_effects/train_13
527,0.2605080369655339,0.6076411493477156,0.40383836298818876,0.14062545375876484,15,train,1,13,0.48389644984237146,0.29210547410811993,,,0.8495651522305158,0.36360841474103295,,,0.043634371319677165,0.09699108243908768,0.9885736505554269,HNMF(res),0.0,False,/home/jupyter/repos/SCoNE/output/models/signed_cov_effects/train_13
528,0.2617796151211036,0.6051651043401806,0.3986278439977703,0.14061985287097198,16,train,1,13,0.4807878135517064,0.2904079368740341,,,0.8590202550563094,0.37267758725573125,,,0.04361852267735658,0.0970013301936154,0.9885736505554269,HNMF(res),0.0,False,/home/jupyter/repos/SCoNE/output/models/signed_cov_effects/train_13
529,0.08566009488670294,0.5026706575308195,0.40317980469158843,0.14549113223760612,17,train,1,13,0.49204740822233367,0.32359368789963455,,,0.6132767582342901,0.3835726181385157,,,0.04499564385598759,0.10049548838161854,0.9885736505554269,HNMF(res),0.0,False,/home/jupyter/repos/SCoNE/output/models/signed_cov_effects/train_13
530,0.26541163215445396,0.6081483252297559,0.39792419782371125,0.14069590390587025,18,train,1,13,0.4937564476491957,0.28431198964300786,,,0.8617969815495634,0.3766261552916283,,,0.04358788394982487,0.09710801995604539,0.9885736505554269,HNMF(res),0.0,False,/home/jupyter/repos/SCoNE/output/models/signed_cov_effects/train_13
531,0.2626206679649595,0.609037267671164,0.39935441369027225,0.14058687939147274,19,train,1,13,0.482857215097138,0.2927830036864888,,,0.8493982065484318,0.38814616838583127,,,0.04364709739886181,0.09693978199261093,0.9885736505554269,HNMF(res),0.0,False,/home/jupyter/repos/SCoNE/output/models/signed_cov_effects/train_13
532,0.2627128925954664,0.606570503773514,0.39596152083544306,0.14078432717804212,20,train,1,13,0.47879473081279217,0.2834359723594641,,,0.8573981439445953,0.36891796251874565,,,0.043553090457352034,0.09723123672069009,0.9885736505554269,HNMF(res),0.0,False,/home/jupyter/repos/SCoNE/output/models/signed_cov_effects/train_13
533,0.27322339678303736,0.6071325657797598,0.40014091957449727,0.14026265406600746,21,train,1,13,0.47185142419152315,0.29485696337922435,,,0.8502776738319819,0.3725129547963562,,,0.0437772295714906,0.09648542449451687,0.9885736505554269,HNMF(res),0.0,False,/home/jupyter/repos/SCoNE/output/models/signed_cov_effects/train_13
534,0.26133252365502285,0.6061715063884515,0.39967241408567517,0.1405513780865753,22,train,1,13,0.47581068003411126,0.28723270479124285,,,0.8562554758656894,0.37595380547701845,,,0.043641715486891136,0.09690966259968416,0.9885736505554269,HNMF(res),0.0,False,/home/jupyter/repos/SCoNE/output/models/signed_cov_effects/train_13
535,0.25829084029743404,0.6067394275876066,0.3989559667225938,0.14063056951092237,23,train,1,13,0.48293567927148806,0.2886483519574976,,,0.8612096654052146,0.3859070551014381,,,0.04361854357828083,0.09701202593264154,0.9885736505554269,HNMF(res),0.0,False,/home/jupyter/repos/SCoNE/output/models/signed_cov_effects/train_13
536,0.26199091674913644,0.6072841750094359,0.4010756398331609,0.1407090016603579,24,train,1,13,0.48996379139061275,0.2869611658260971,,,0.8637369223908448,0.38036669945787227,,,0.04358755405343254,0.09712144760692537,0.9885736505554269,HNMF(res),0.0,False,/home/jupyter/repos/SCoNE/output/models/signed_cov_effects/train_13
537,0.26953330963434596,0.6072811455591304,0.4014187439917983,0.14049952221871148,25,train,1,13,0.4691366506286453,0.29634501145291986,,,0.8438646357398573,0.36784514061866125,,,0.043673584456946614,0.09682593776176487,0.9885736505554269,HNMF(res),0.0,False,/home/jupyter/repos/SCoNE/output/models/signed_cov_effects/train_13
538,0.25733567900335735,0.606568891301428,0.4014250122294186,0.14069235466118651,26,train,1,13,0.4905678270364908,0.2926327759748018,,,0.8616447035830794,0.3805445616347087,,,0.043598175694131484,0.09709417896705502,0.9885736505554269,HNMF(res),0.0,False,/home/jupyter/repos/SCoNE/output/models/signed_cov_effects/train_13
539,0.25952959942146,0.6082858434491707,0.4003472446945615,0.14084125064570796,27,train,1,13,0.5000523899036596,0.31110145704482706,,,0.8656447788640234,0.36616902706896604,,,0.043548604989209136,0.09729264565649884,0.9885736505554269,HNMF(res),0.0,False,/home/jupyter/repos/SCoNE/output/models/signed_cov_effects/train_13
540,0.2569908862512201,0.6082604683370589,0.3996126283757089,0.14074307886094678,28,train,1,13,0.5036667447659539,0.2900390982450046,,,0.8665841086779006,0.38439064451822624,,,0.04360257341658029,0.0971405054443665,0.9885736505554269,HNMF(res),0.0,False,/home/jupyter/repos/SCoNE/output/models/signed_cov_effects/train_13
541,0.25789804926006543,0.6069721643033545,0.400506896161238,0.14049594888780736,29,train,1,13,0.47135222929514475,0.2958563695001305,,,0.8429247600440594,0.3835828349747396,,,0.04368787894742078,0.09680806994038657,0.9885736505554269,HNMF(res),0.0,False,/home/jupyter/repos/SCoNE/output/models/signed_cov_effects/train_13
542,0.2604940530465241,0.6086696077185241,0.4006415773593408,0.14066728203763473,30,train,1,13,0.4975864559307535,0.297168687101574,,,0.8643442261767009,0.37414300320074906,,,0.043611668890789726,0.09705561314684502,0.9885736505554269,HNMF(res),0.0,False,/home/jupyter/repos/SCoNE/output/models/signed_cov_effects/train_13
543,0.26802134319027116,0.6078800044359549,0.4032284081358708,0.1406317855886951,31,train,1,13,0.4812947786272799,0.2784843574017711,,,0.8561188156258168,0.3792800954335084,,,0.04360277383725544,0.09702901175143964,0.9885736505554269,HNMF(res),0.0,False,/home/jupyter/repos/SCoNE/output/models/signed_cov_effects/train_13
544,0.2614569400972958,0.6082031066530328,0.39987203982484515,0.14065717514410206,32,train,1,13,0.49812122783765206,0.2881247408023943,,,0.8624844004183218,0.388202488965909,,,0.04361687208435004,0.09704030305975202,0.9885736505554269,HNMF(res),0.0,False,/home/jupyter/repos/SCoNE/output/models/signed_cov_effects/train_13
545,0.2673747558266438,0.6052778776050487,0.3989888526534252,0.14058209627135249,33,train,1,13,0.4761992412257822,0.2896546994013875,,,0.8520458948509548,0.3774190789930662,,,0.043627809973553935,0.09695428629779855,0.9885736505554269,HNMF(res),0.0,False,/home/jupyter/repos/SCoNE/output/models/signed_cov_effects/train_13
546,0.25942229586979554,0.6077753386628363,0.40068134126058247,0.14050562016361057,34,train,1,13,0.48124785782611706,0.29547026933511134,,,0.8520347626491277,0.377037573258967,,,0.04368170153011284,0.09682391863349772,0.9885736505554269,HNMF(res),0.0,False,/home/jupyter/repos/SCoNE/output/models/signed_cov_effects/train_13
547,0.2651096866327361,0.6048561383223824,0.39871120539563587,0.1405184266425007,35,train,1,13,0.47752891608278375,0.2860623892959808,,,0.8543844332339244,0.3742232949212998,,,0.0436638203657802,0.09685460627672049,0.9885736505554269,HNMF(res),0.0,False,/home/jupyter/repos/SCoNE/output/models/signed_cov_effects/train_13
548,0.25105821766895986,0.6069341096009536,0.4010623069680336,0.14075461652031063,36,train,1,13,0.4960449821572976,0.3041011332095502,,,0.8620623612754211,0.3840538697542286,,,0.043585866751833444,0.09716874976847718,0.9885736505554269,HNMF(res),0.0,False,/home/jupyter/repos/SCoNE/output/models/signed_cov_effects/train_13
549,0.2650022428483667,0.6070201212585731,0.3996545196427624,0.140749587462586,37,train,1,13,0.48161449817517116,0.2882411995176744,,,0.8539772736708403,0.38792722322721424,,,0.04355834559518581,0.09719124186740019,0.9885736505554269,HNMF(res),0.0,False,/home/jupyter/repos/SCoNE/output/models/signed_cov_effects/train_13
550,0.262029528939041,0.608543472141523,0.4014077888595012,0.1407369652184246,38,train,1,13,0.504586947110869,0.30050485866918103,,,0.8690555911704437,0.36993756441031195,,,0.04361348476645255,0.09712348045197206,0.9885736505554269,HNMF(res),0.0,False,/home/jupyter/repos/SCoNE/output/models/signed_cov_effects/train_13
551,0.25973580610740976,0.6061411963409082,0.4019022915933561,0.14064677759748423,39,train,1,13,0.4838811591536062,0.2749372875014003,,,0.8490904863014319,0.37416192660615766,,,0.043613598264083675,0.09703317933340055,0.9885736505554269,HNMF(res),0.0,False,/home/jupyter/repos/SCoNE/output/models/signed_cov_effects/train_13
552,0.2553429888336957,0.6078411899607148,0.3988192836968686,0.14075717100562032,40,train,1,13,0.49385950372418463,0.2978263342178973,,,0.8569299099788096,0.39198681746089564,,,0.043578089646031305,0.09717908135958903,0.9885736505554269,HNMF(res),0.0,False,/home/jupyter/repos/SCoNE/output/models/signed_cov_effects/train_13
553,0.26514076290594785,0.6073947417456022,0.39946601615926314,0.14045437267527977,41,train,1,13,0.4814331453536468,0.29907679853872904,,,0.8566012400787133,0.39411432735383267,,,0.0437046524826623,0.09674972019261746,0.9885736505554269,HNMF(res),0.0,False,/home/jupyter/repos/SCoNE/output/models/signed_cov_effects/train_13
554,0.26112291170700086,0.6070005922297704,0.40227360503536375,0.14064549956487302,42,train,1,13,0.48010143627287327,0.2845216430028269,,,0.8491729118616889,0.3951880900683329,,,0.04362897741849695,0.09701652214637607,0.9885736505554269,HNMF(res),0.0,False,/home/jupyter/repos/SCoNE/output/models/signed_cov_effects/train_13
555,0.26223752436902487,0.6102198631761774,0.4011346232399228,0.1407266096540199,43,train,1,13,0.49901021531433043,0.3042785662898489,,,0.8628702431873222,0.37096222576641774,,,0.04361027174192482,0.09711633791209509,0.9885736505554269,HNMF(res),0.0,False,/home/jupyter/repos/SCoNE/output/models/signed_cov_effects/train_13
556,0.26166814067639305,0.6070408485402197,0.4017489343879392,0.14045743047184212,44,train,1,13,0.48566083250804964,0.30309441905370643,,,0.8587397644430369,0.36012575556681015,,,0.04370837572856627,0.09674905474327583,0.9885736505554269,HNMF(res),0.0,False,/home/jupyter/repos/SCoNE/output/models/signed_cov_effects/train_13
557,0.26378754874854676,0.6078911218149978,0.39931873678070945,0.140523938389165,45,train,1,13,0.48079610677000234,0.2779061885565264,,,0.8558722877900093,0.3809522671658085,,,0.04365706198332383,0.09686687640584117,0.9885736505554269,HNMF(res),0.0,False,/home/jupyter/repos/SCoNE/output/models/signed_cov_effects/train_13
558,0.2566722251100709,0.6081706841859108,0.4018458540867199,0.1407360572701108,46,train,1,13,0.49502123634878237,0.28508363943690784,,,0.8624762455592652,0.37860243863503434,,,0.04364917484605091,0.0970868824240599,0.9885736505554269,HNMF(res),0.0,False,/home/jupyter/repos/SCoNE/output/models/signed_cov_effects/train_13
559,0.25058513396424914,0.6080181576793962,0.4010545387611674,0.14075695575838595,47,train,1,13,0.49235445113755005,0.31001298479685807,,,0.8579411584722788,0.3809272782336413,,,0.043599532767625106,0.09715742299076086,0.9885736505554269,HNMF(res),0.0,False,/home/jupyter/repos/SCoNE/output/models/signed_cov_effects/train_13
560,0.2619689765472104,0.6081189875888547,0.39947103083914287,0.14081346561966096,48,train,1,13,0.49556933334084463,0.28985921115407964,,,0.8606219167219387,0.3756931937562442,,,0.04353909260821219,0.09727437301144876,0.9885736505554269,HNMF(res),0.0,False,/home/jupyter/repos/SCoNE/output/models/signed_cov_effects/train_13
561,0.26195300290277285,0.6077436560489949,0.3977487122563296,0.14078958773139755,49,train,1,13,0.4834903540364763,0.28546830806353013,,,0.8587440575481023,0.3633730581487988,,,0.043542922050129884,0.09724666568126766,0.9885736505554269,HNMF(res),0.0,False,/home/jupyter/repos/SCoNE/output/models/signed_cov_effects/train_13
562,0.30222704656255805,0.6445356190301051,0.42746924153736676,1.0707460913062268,0,train,1,12,0.3066844963198573,0.3285002051378925,,,0.7390535519199679,0.35497714038183764,,,0.44022733548116594,0.6305187558250608,0.9679535071116603,HNMF,0.0,False,/home/jupyter/repos/SCoNE/output/models/signed_cov_effects/train_12
563,0.37517933635389433,0.691522842649438,0.41805871818365786,1.0604759228385838,1,train,1,12,0.3392306119135143,0.32617688077031504,,,0.771770069650416,0.36350887369125245,,,0.4360648688532544,0.6244110539853295,0.9679535071116603,HNMF,0.0,False,/home/jupyter/repos/SCoNE/output/models/signed_cov_effects/train_12
564,0.17750604476161513,0.5804851142610198,0.41141011707493447,1.1221911455982092,2,train,1,12,0.39036806685169556,0.36225215994302656,,,0.6314433360857942,0.3661339878663385,,,0.463211855086417,0.6589792905117923,0.9679535071116603,HNMF,0.0,False,/home/jupyter/repos/SCoNE/output/models/signed_cov_effects/train_12
565,0.34426756193121183,0.6807685921802459,0.4352784706825373,1.0655900788916965,3,train,1,12,0.31206414492774304,0.2919322645679517,,,0.7448941584491177,0.34437652812500164,,,0.4379274066827514,0.6276626722089452,0.9679535071116603,HNMF,0.0,False,/home/jupyter/repos/SCoNE/output/models/signed_cov_effects/train_12
566,0.39070103693645436,0.6921508744375284,0.4212879062340189,1.059732714321346,4,train,1,12,0.3341062769103731,0.3253773201305718,,,0.773011082875769,0.3638613858932764,,,0.43441415288793644,0.6253185614334095,0.9679535071116603,HNMF,0.0,False,/home/jupyter/repos/SCoNE/output/models/signed_cov_effects/train_12
567,0.05819585585254236,0.5093337549389095,0.4292050138861551,1.143485095856722,5,train,1,12,0.3067939517103434,0.3512823246649949,,,0.6889006375931196,0.36818585213723,,,0.4614076872846827,0.6820774085720392,0.9679535071116603,HNMF,0.0,False,/home/jupyter/repos/SCoNE/output/models/signed_cov_effects/train_12
568,0.36336334519895075,0.6750575810271847,0.4260787947783106,1.06032080334491,6,train,1,12,0.30959396523714283,0.31615143442231636,,,0.7531389549316081,0.361750705766664,,,0.43482560863801983,0.6254951947068903,0.9679535071116603,HNMF,0.0,False,/home/jupyter/repos/SCoNE/output/models/signed_cov_effects/train_12
569,0.36178176573434917,0.683979031793839,0.4248290562148827,1.062270848308169,7,train,1,12,0.33153010317846876,0.31915575144035624,,,0.7684203716837493,0.3715291840577526,,,0.43437329498263005,0.6278975533255391,0.9679535071116603,HNMF,0.0,False,/home/jupyter/repos/SCoNE/output/models/signed_cov_effects/train_12
570,0.33640326917404934,0.6737121785852879,0.42540045799559933,1.0622111909748813,8,train,1,12,0.3271136102328713,0.328259006510375,,,0.762862323766268,0.3637642876414453,,,0.43589842199292617,0.6263127689819552,0.9679535071116603,HNMF,0.0,False,/home/jupyter/repos/SCoNE/output/models/signed_cov_effects/train_12
571,0.3645427355441072,0.6788818649239143,0.4271289316625794,1.061450418190866,9,train,1,12,0.32553060721639665,0.3326374662920329,,,0.7622349385202523,0.3466872625177939,,,0.435133516411131,0.6263169017797349,0.9679535071116603,HNMF,0.0,False,/home/jupyter/repos/SCoNE/output/models/signed_cov_effects/train_12
572,0.3537945021315411,0.6783536747189549,0.4331780427366805,1.0661185636622066,10,train,1,12,0.3139446327824382,0.29985035938999727,,,0.7406682486845235,0.3341850114753042,,,0.43623177521252077,0.6298867884496858,0.9679535071116603,HNMF,0.0,False,/home/jupyter/repos/SCoNE/output/models/signed_cov_effects/train_12
573,0.379130737878134,0.6817471238885946,0.4277173121568159,1.0596399721960823,11,train,1,12,0.3155075404448433,0.32237188652070337,,,0.7583657637418524,0.35063846810772786,,,0.43418948657204215,0.6254504856240402,0.9679535071116603,HNMF,0.0,False,/home/jupyter/repos/SCoNE/output/models/signed_cov_effects/train_12
574,0.3886341739970093,0.6945723157191999,0.41996319013524724,1.0610373945028688,12,train,1,12,0.33619715490700763,0.3251599641831076,,,0.7692658717444728,0.3601486460081296,,,0.4350351717241178,0.626002222778751,0.9679535071116603,HNMF,0.0,False,/home/jupyter/repos/SCoNE/output/models/signed_cov_effects/train_12
575,0.3622816568245029,0.6905026664170897,0.42876816670265916,1.0634755378909129,13,train,1,12,0.3431869535210171,0.3201114676817857,,,0.7655245154148755,0.3455423294406815,,,0.4377954569424483,0.6256800809484645,0.9679535071116603,HNMF,0.0,False,/home/jupyter/repos/SCoNE/output/models/signed_cov_effects/train_12
576,0.30756287011177746,0.6507719141604514,0.43256556315573663,1.069549936387011,14,train,1,12,0.3071095792654789,0.3211567058721231,,,0.7445331052308203,0.3381752310870339,,,0.43933958525574923,0.6302103511312617,0.9679535071116603,HNMF,0.0,False,/home/jupyter/repos/SCoNE/output/models/signed_cov_effects/train_12
577,0.3532902865342768,0.6748155577415966,0.4270731278399319,1.0616463958982292,15,train,1,12,0.3199439844520235,0.3308097527306791,,,0.7553956582757532,0.34369516155201013,,,0.43558104074306886,0.6260653551551603,0.9679535071116603,HNMF,0.0,False,/home/jupyter/repos/SCoNE/output/models/signed_cov_effects/train_12
578,0.3777131474718475,0.692043420088013,0.4253318343037714,1.0619261855427227,16,train,1,12,0.34279006890997293,0.32133509963858087,,,0.7691558854855529,0.34340008502802855,,,0.4366075754023098,0.6253186101404128,0.9679535071116603,HNMF,0.0,False,/home/jupyter/repos/SCoNE/output/models/signed_cov_effects/train_12
579,0.3902038607985501,0.6787779356501842,0.42657120123578046,1.0594401399470257,17,train,1,12,0.3056216683984043,0.32776046645894474,,,0.7467968338344728,0.3472259589986546,,,0.4354159154167881,0.6240242245302376,0.9679535071116603,HNMF,0.0,False,/home/jupyter/repos/SCoNE/output/models/signed_cov_effects/train_12
580,0.3660827397386005,0.6729302609538894,0.42423060067723406,1.061228374220448,18,train,1,12,0.30408922182959375,0.3193897181210536,,,0.7515419630701429,0.34946737351012525,,,0.4353151011089768,0.6259132731114713,0.9679535071116603,HNMF,0.0,False,/home/jupyter/repos/SCoNE/output/models/signed_cov_effects/train_12
581,0.01914062967668538,0.5088881127680831,0.44835912362462677,1.1423375254486987,19,train,1,12,0.22372692426450608,0.27630526738249317,,,0.6501852626255117,0.3645767698783045,,,0.45296854100811823,0.6893689844405806,0.9679535071116603,HNMF,0.0,False,/home/jupyter/repos/SCoNE/output/models/signed_cov_effects/train_12
582,0.0325129954649548,0.573530418994085,0.45252815031093085,1.1407561595848659,20,train,1,12,0.2649213668780481,0.3187191741992023,,,0.6076226038923722,0.34724094172199144,,,0.45479135721560404,0.6859648023692619,0.9679535071116603,HNMF,0.0,False,/home/jupyter/repos/SCoNE/output/models/signed_cov_effects/train_12
583,0.3685198784778236,0.6880875345675083,0.4218814787718314,1.0605576399000631,21,train,1,12,0.3322308241945428,0.32974782987700474,,,0.7661182055209518,0.36021350235341826,,,0.43411003060905345,0.6264476092910096,0.9679535071116603,HNMF,0.0,False,/home/jupyter/repos/SCoNE/output/models/signed_cov_effects/train_12
584,0.3538815404577116,0.6889484573425965,0.43023383820185096,1.0661834960479017,22,train,1,12,0.3347298280434998,0.31279018269965,,,0.7521557477590135,0.34773652359903473,,,0.43947118219047143,0.6267123138574303,0.9679535071116603,HNMF,0.0,False,/home/jupyter/repos/SCoNE/output/models/signed_cov_effects/train_12
585,0.3506763634850586,0.6756058156382243,0.4293387767512663,1.0623927096698589,23,train,1,12,0.32008205406111034,0.3323040144233021,,,0.7576941688016597,0.3581289946328217,,,0.43407102395149344,0.6283216857183654,0.9679535071116603,HNMF,0.0,False,/home/jupyter/repos/SCoNE/output/models/signed_cov_effects/train_12
586,0.38775552768511334,0.6902916086105635,0.426824996895358,1.061212302465448,24,train,1,12,0.3409166771704362,0.32616367399233837,,,0.7672449147032595,0.3546806846756773,,,0.4356407265429361,0.625571575922512,0.9679535071116603,HNMF,0.0,False,/home/jupyter/repos/SCoNE/output/models/signed_cov_effects/train_12
587,0.3779683234415039,0.6779714797126674,0.4246460924610826,1.061044965241344,25,train,1,12,0.30949254515780006,0.3250387009491724,,,0.7540809861496937,0.35494798977856334,,,0.4327735053182168,0.6282714599231272,0.9679535071116603,HNMF,0.0,False,/home/jupyter/repos/SCoNE/output/models/signed_cov_effects/train_12
588,0.37427793487721595,0.6918072475979746,0.4241383116837782,1.0604393467708055,26,train,1,12,0.332256332863392,0.32725793385850666,,,0.7693483704649984,0.36329428854953144,,,0.43450928386402726,0.6259300629067782,0.9679535071116603,HNMF,0.0,False,/home/jupyter/repos/SCoNE/output/models/signed_cov_effects/train_12
589,0.38905823611423773,0.6833493306585058,0.4249740771621909,1.0583563520065997,27,train,1,12,0.3178555830201626,0.32816365881840814,,,0.7584220381471195,0.3400702579245869,,,0.4342468428721339,0.6241095091344658,0.9679535071116603,HNMF,0.0,False,/home/jupyter/repos/SCoNE/output/models/signed_cov_effects/train_12
590,0.09823156412690835,0.5846748305152224,0.4286919292373777,1.1216704756820883,28,train,1,12,0.42127918112768586,0.340938354098455,,,0.6735012065683316,0.34986093700343246,,,0.45577876089027913,0.6658917147918093,0.9679535071116603,HNMF,0.0,False,/home/jupyter/repos/SCoNE/output/models/signed_cov_effects/train_12
591,0.37246552356133206,0.685215879940092,0.4263504784090271,1.0617348908650013,29,train,1,12,0.3272689270105768,0.32191137813864734,,,0.7594378077379972,0.36374028370575817,,,0.4360912631151831,0.6256436277498182,0.9679535071116603,HNMF,0.0,False,/home/jupyter/repos/SCoNE/output/models/signed_cov_effects/train_12
592,0.3785556854200302,0.6977790789265228,0.4182687259193689,1.0616059405459812,30,train,1,12,0.34021035689058876,0.319840094968942,,,0.776984628671667,0.35251923727041606,,,0.4374261538414589,0.6241797867045223,0.9679535071116603,HNMF,0.0,False,/home/jupyter/repos/SCoNE/output/models/signed_cov_effects/train_12
593,0.36889306326350296,0.6910280912726182,0.42118871278548636,1.060434357887759,31,train,1,12,0.33202790761138223,0.33205000227645654,,,0.7710398126421795,0.36482546689750345,,,0.43397614170818355,0.6264582161795755,0.9679535071116603,HNMF,0.0,False,/home/jupyter/repos/SCoNE/output/models/signed_cov_effects/train_12
594,0.30624664223857234,0.6826190098072528,0.43140309462164134,1.0688548182505646,32,train,1,12,0.3369915719605269,0.29525768939470515,,,0.7592013940992602,0.34114399976832493,,,0.44100056068835236,0.6278542575622124,0.9679535071116603,HNMF,0.0,False,/home/jupyter/repos/SCoNE/output/models/signed_cov_effects/train_12
595,0.34674934921822825,0.6792080575866125,0.43628356796113044,1.0674124587308889,33,train,1,12,0.32175144055219446,0.2959632526848001,,,0.7254338166799623,0.32605739970053377,,,0.4368827153834392,0.6305297433474497,0.9679535071116603,HNMF,0.0,False,/home/jupyter/repos/SCoNE/output/models/signed_cov_effects/train_12
596,0.3643287788868643,0.6757827363495658,0.42622522322297746,1.060713976321527,34,train,1,12,0.315377093949012,0.3280369987850891,,,0.7530926946355904,0.3525734690993294,,,0.4345823241727841,0.6261316521487428,0.9679535071116603,HNMF,0.0,False,/home/jupyter/repos/SCoNE/output/models/signed_cov_effects/train_12
597,0.3668422901324467,0.6778755511640726,0.4254888321364733,1.0610778679181616,35,train,1,12,0.31176050095395214,0.3179460550540447,,,0.7530412844726347,0.35903424398882244,,,0.4342860167572987,0.6267918511608629,0.9679535071116603,HNMF,0.0,False,/home/jupyter/repos/SCoNE/output/models/signed_cov_effects/train_12
598,0.36919994891527125,0.6807448412874623,0.4271833041278966,1.0619837942227297,36,train,1,12,0.3303757661745888,0.3374156913642221,,,0.768071193087602,0.36429182190894466,,,0.43421956938800105,0.6277642248347286,0.9679535071116603,HNMF,0.0,False,/home/jupyter/repos/SCoNE/output/models/signed_cov_effects/train_12
599,0.39103917572791774,0.6812360128531221,0.4295904301123421,1.060304199999384,37,train,1,12,0.31428635575322356,0.31669032219898996,,,0.7404160369661639,0.3398578128639322,,,0.4347596312606864,0.6255445687386976,0.9679535071116603,HNMF,0.0,False,/home/jupyter/repos/SCoNE/output/models/signed_cov_effects/train_12
600,0.36875551171007764,0.6886915984335373,0.4241426335215788,1.0623278427352278,38,train,1,12,0.3353960257397396,0.3313909638778968,,,0.7674445822863359,0.35350282312869047,,,0.43666592853187175,0.625661914203356,0.9679535071116603,HNMF,0.0,False,/home/jupyter/repos/SCoNE/output/models/signed_cov_effects/train_12
601,0.3598163771426973,0.6861192868700132,0.42808831882526965,1.0626312651678278,39,train,1,12,0.3235359442629662,0.3046397842738013,,,0.7599344943150658,0.3521977514358338,,,0.43678012941281097,0.6258511357550169,0.9679535071116603,HNMF,0.0,False,/home/jupyter/repos/SCoNE/output/models/signed_cov_effects/train_12
602,0.3657478290587236,0.6843096038399207,0.4190569809965894,1.0613362701219635,40,train,1,12,0.33024800533450044,0.3273220592064389,,,0.7674143073515161,0.36961003663145503,,,0.4353566006027845,0.625979669519179,0.9679535071116603,HNMF,0.0,False,/home/jupyter/repos/SCoNE/output/models/signed_cov_effects/train_12
603,0.2977271019926435,0.6764325484264352,0.43928863313407085,1.070458728361365,41,train,1,12,0.31354931917211076,0.3098602678910566,,,0.7355853736759214,0.34511780500101885,,,0.43916033845340835,0.6312983899079565,0.9679535071116603,HNMF,0.0,False,/home/jupyter/repos/SCoNE/output/models/signed_cov_effects/train_12
604,0.37224661726889907,0.6875774208166331,0.4219131525214284,1.0616304138696289,42,train,1,12,0.33305617478940164,0.323670546681725,,,0.7676833579267203,0.3747453066281452,,,0.4351191446484847,0.6265112692211442,0.9679535071116603,HNMF,0.0,False,/home/jupyter/repos/SCoNE/output/models/signed_cov_effects/train_12
605,0.36076143768432173,0.6748296821343394,0.4301226693077536,1.061511208551217,43,train,1,12,0.3231631542765602,0.32390167513351015,,,0.7588790555830639,0.3534979609839067,,,0.43498093496422924,0.6265302735869879,0.9679535071116603,HNMF,0.0,False,/home/jupyter/repos/SCoNE/output/models/signed_cov_effects/train_12
606,0.376525284854757,0.6946093001719852,0.4199718211673686,1.0616143689117656,44,train,1,12,0.33933449885187755,0.3269536320108291,,,0.778486708698397,0.3625394075163753,,,0.43462549158030245,0.6269888773314632,0.9679535071116603,HNMF,0.0,False,/home/jupyter/repos/SCoNE/output/models/signed_cov_effects/train_12
607,0.36408102737209624,0.6760616111037844,0.4244666349424718,1.0605664256553928,45,train,1,12,0.31388071599191913,0.32867266022643704,,,0.7543543239007882,0.3518829178829607,,,0.4344889549064527,0.6260774707489403,0.9679535071116603,HNMF,0.0,False,/home/jupyter/repos/SCoNE/output/models/signed_cov_effects/train_12
608,0.38393443218287615,0.6942229867526384,0.4221447976001004,1.060482873822315,46,train,1,12,0.33781794345585076,0.31865494708701136,,,0.7740007533755997,0.35609873227811634,,,0.43626057545414293,0.6242222983681721,0.9679535071116603,HNMF,0.0,False,/home/jupyter/repos/SCoNE/output/models/signed_cov_effects/train_12
609,0.34171540682508733,0.6731615118080254,0.4304922843794811,1.064781897408557,47,train,1,12,0.31351669075028804,0.32424304973572476,,,0.7530944464932053,0.34831102235313066,,,0.43372457280265064,0.6310573246059064,0.9679535071116603,HNMF,0.0,False,/home/jupyter/repos/SCoNE/output/models/signed_cov_effects/train_12
610,0.38587577843911935,0.6936365722044651,0.4226439833241667,1.061547672194642,48,train,1,12,0.3354638074824005,0.3242192877730967,,,0.7707738078921561,0.35283729895667926,,,0.43416338406833976,0.6273842881263022,0.9679535071116603,HNMF,0.0,False,/home/jupyter/repos/SCoNE/output/models/signed_cov_effects/train_12
611,0.37097706127887997,0.6772730790598748,0.4284283442218673,1.0617004114720825,49,train,1,12,0.32030891804545303,0.3253779442367811,,,0.7540188308311521,0.3507897407803965,,,0.4347327951676124,0.6269676163044702,0.9679535071116603,HNMF,0.0,False,/home/jupyter/repos/SCoNE/output/models/signed_cov_effects/train_12
612,0.4089421637154632,0.7505857366682406,0.43622733604374436,1.0347125313803607,0,train,1,21,0.5571871429807791,0.37267147672941325,0.9332688084652503,0.35292825191890614,0.8071203600126158,0.33206949153850457,0.9516383664014396,0.2605404603354568,0.440302803474464,0.5944097279058967,0.9287460931989207,SCoNE,0.01,False,/home/jupyter/repos/SCoNE/output/models/signed_cov_effects/train_21
613,0.44275995532157214,0.7702095231941638,0.4329901066340272,1.0326750527454587,1,train,1,21,0.6269459035540028,0.34045362806826907,0.9539359176799094,0.3647748940043802,0.8695508839769264,0.34345066118457546,0.9848486676318368,0.25989475320693417,0.43174931682506895,0.6009257359203898,0.9287460931989207,SCoNE,0.01,False,/home/jupyter/repos/SCoNE/output/models/signed_cov_effects/train_21
614,0.31183207044486294,0.6511334226810438,0.4438617032914042,1.0427492291647515,2,train,1,21,0.5351060881001656,0.35111031355603395,0.9352218964109199,0.3511052213332598,0.7475195817744732,0.33868293979676567,0.9674602585695011,0.282013185495717,0.432908333058262,0.6098408961064896,0.9287460931989207,SCoNE,0.01,False,/home/jupyter/repos/SCoNE/output/models/signed_cov_effects/train_21
615,0.560029594853348,0.816060437341766,0.417611162575434,1.0309462301907204,3,train,1,21,0.6695350046733392,0.3527418765871623,0.963285308784382,0.36290773481964933,0.9310021515281285,0.3505413814013276,0.9778667318453601,0.26986937772736863,0.43349451279120416,0.5974517173995163,0.9287460931989207,SCoNE,0.01,False,/home/jupyter/repos/SCoNE/output/models/signed_cov_effects/train_21
616,0.39915086111927717,0.6937860665853718,0.42071887530970786,1.0518415526909985,4,train,1,21,0.4607953865890001,0.31592424175544265,0.9683187440302367,0.3777729060209427,0.8247305885320461,0.3213669906325486,0.9378699752147011,0.2691290112584439,0.4302678694282742,0.6215736832627243,0.9287460931989207,SCoNE,0.01,False,/home/jupyter/repos/SCoNE/output/models/signed_cov_effects/train_21
617,0.5292611334118792,0.7997816202180199,0.4183622081072143,1.0313948913215474,5,train,1,21,0.6927843442621273,0.3645442740502164,0.9715734802194305,0.3773351124375212,0.9221236560889137,0.32677533460521674,0.9797037279356052,0.2699299701054739,0.43248076758003107,0.5989141237415163,0.9287460931989207,SCoNE,0.01,False,/home/jupyter/repos/SCoNE/output/models/signed_cov_effects/train_21
618,0.3185659097343583,0.6619215008481975,0.4413888238785673,1.0395768851187612,6,train,1,21,0.501683243294204,0.35114828258471564,0.9344264020105434,0.35416295648909185,0.7103601610057284,0.2920772258197498,0.9575735754547198,0.2670005379374577,0.4415288944133282,0.598047990705433,0.9287460931989207,SCoNE,0.01,False,/home/jupyter/repos/SCoNE/output/models/signed_cov_effects/train_21
619,0.5657976725297026,0.8116625706983137,0.4138114327757416,1.0310651694720916,7,train,1,21,0.6298175956420446,0.35217473333714994,0.9631783665743968,0.3629318208929287,0.8955784911764872,0.36262081561145787,0.9719764925574623,0.26866970933352957,0.43446744172028634,0.5965977277518052,0.9287460931989207,SCoNE,0.01,False,/home/jupyter/repos/SCoNE/output/models/signed_cov_effects/train_21
620,0.48723975174033507,0.7840878873632943,0.42361630609768564,1.0334404241340502,8,train,1,21,0.5983279568780795,0.32255200812893103,0.9600457038641771,0.38783342080919747,0.8914916930676887,0.3266024762169263,0.9743371727830858,0.2756532589826028,0.4359432731805868,0.5974971509534635,0.9287460931989207,SCoNE,0.01,False,/home/jupyter/repos/SCoNE/output/models/signed_cov_effects/train_21
621,0.5362898269419641,0.8068752477666272,0.4241263948901375,1.028827655491606,9,train,1,21,0.6471466931174569,0.3548807988764638,0.9597260471999711,0.365619717349283,0.8929112290734622,0.340271082695713,0.9668775729999979,0.27054866563277924,0.44171300470335917,0.5871146507882469,0.9287460931989207,SCoNE,0.01,False,/home/jupyter/repos/SCoNE/output/models/signed_cov_effects/train_21
622,0.4022580321945126,0.6997384595182041,0.42359631120522734,1.0482055150642149,10,train,1,21,0.46811434014344583,0.3377535894822799,0.967001802640996,0.3515805902588138,0.8056217011565739,0.3434781560386262,0.9325992044502075,0.2748519366850639,0.43904420356093005,0.6091613115032848,0.9287460931989207,SCoNE,0.01,False,/home/jupyter/repos/SCoNE/output/models/signed_cov_effects/train_21
623,0.5501710139329102,0.8120804084308116,0.4160179632645525,1.0301803731941348,11,train,1,21,0.6310925078008871,0.35125848854817704,0.9500928398548774,0.35408589178506666,0.9075851304365382,0.3657961736817689,0.9716954580746682,0.2504499757662671,0.4346212416049569,0.5955591315891778,0.9287460931989207,SCoNE,0.01,False,/home/jupyter/repos/SCoNE/output/models/signed_cov_effects/train_21
624,0.36359941857339717,0.7036833757343486,0.44182740755580757,1.0409103184786652,12,train,1,21,0.5195693935651472,0.3513067740781503,0.9150092948290288,0.3803958514509531,0.8042052821597828,0.3453205114184965,0.9670335290083214,0.28330956056897255,0.4315358074303211,0.6093745110483441,0.9287460931989207,SCoNE,0.01,False,/home/jupyter/repos/SCoNE/output/models/signed_cov_effects/train_21
625,0.3404779486127266,0.6604567259352783,0.43488465535050475,1.045426183215528,13,train,1,21,0.429124300025713,0.33744735941168,0.950681842111956,0.377628061059892,0.7191672448639583,0.31129778372389905,0.9321952636297044,0.283321494292767,0.4428511966865662,0.6025749865289618,0.9287460931989207,SCoNE,0.01,False,/home/jupyter/repos/SCoNE/output/models/signed_cov_effects/train_21
626,0.4649012576540137,0.7782908362543466,0.4299440557023129,1.032372278772888,14,train,1,21,0.6719303118247594,0.3427789740385847,0.9744805702028158,0.36154501292248775,0.861261454170933,0.31763680662160515,0.968928839986759,0.2973506522121987,0.44105446684480504,0.5913178119280829,0.9287460931989207,SCoNE,0.01,False,/home/jupyter/repos/SCoNE/output/models/signed_cov_effects/train_21
627,0.336213904865169,0.6617218946238559,0.43101754571274964,1.0392352541361218,15,train,1,21,0.554972884507832,0.34572125492941813,0.9411370850709097,0.35664919248594384,0.7616119522867807,0.31772061593722684,0.9862975201497556,0.26509414200391607,0.43330766771228274,0.6059275864238391,0.9287460931989207,SCoNE,0.01,False,/home/jupyter/repos/SCoNE/output/models/signed_cov_effects/train_21
628,0.5107231767212469,0.8017168827082585,0.42148713050527187,1.0323912392495327,16,train,1,21,0.6003426430877173,0.3680540439914535,0.9478635303994251,0.3665788561826348,0.9110487398504519,0.3528778847583386,0.9772936615232267,0.2942375790917959,0.4367982607416009,0.5955929785079317,0.9287460931989207,SCoNE,0.01,False,/home/jupyter/repos/SCoNE/output/models/signed_cov_effects/train_21
629,0.4336108936382076,0.7480258017986753,0.42464511589328546,1.0397152069144129,17,train,1,21,0.6487660590453863,0.37459680527881745,0.97333827248517,0.3780190675290104,0.8418059351534828,0.3228543028681786,0.9645417375216943,0.2672926245974243,0.4381357117426715,0.6015794951717414,0.9287460931989207,SCoNE,0.01,False,/home/jupyter/repos/SCoNE/output/models/signed_cov_effects/train_21
630,0.5036378366944576,0.791230813640725,0.42584176577662525,1.0359905245258996,18,train,1,21,0.5625041513298386,0.33886686799060856,0.9360430086975642,0.3587553716475633,0.9168167325376766,0.3250534434530073,0.9772626662376114,0.2752595558137876,0.43234104589640254,0.603649478629497,0.9287460931989207,SCoNE,0.01,False,/home/jupyter/repos/SCoNE/output/models/signed_cov_effects/train_21
631,0.31726267982222384,0.5807563494647022,0.417256543164288,1.0461055576789489,19,train,1,21,0.4535922891493126,0.2798523360172125,0.9754064622955011,0.3494469677886009,0.741091407718983,0.29994532765196014,0.972898899871862,0.297111087488029,0.44226884086133367,0.6038367168176152,0.9287460931989207,SCoNE,0.01,False,/home/jupyter/repos/SCoNE/output/models/signed_cov_effects/train_21
632,0.453947275179445,0.7728112435517588,0.436896699065928,1.031269540387167,20,train,1,21,0.5698711388894631,0.35075947186322465,0.9217271158695464,0.3456596204363802,0.8532443548931806,0.3107040040904197,0.9856523037619491,0.2768017794326484,0.4350498274747002,0.5962197129124668,0.9287460931989207,SCoNE,0.01,False,/home/jupyter/repos/SCoNE/output/models/signed_cov_effects/train_21
633,0.3615219927797524,0.6974199598530475,0.43715642017711376,1.0365834330899986,21,train,1,21,0.5346857396213761,0.319694925895042,0.9523473467466675,0.38029524776220014,0.8272378762825756,0.3370026660555724,0.9585872899396021,0.2637738989560732,0.43678444693117485,0.5997989861588237,0.9287460931989207,SCoNE,0.01,False,/home/jupyter/repos/SCoNE/output/models/signed_cov_effects/train_21
634,0.43447576086361606,0.7519183277738671,0.4269009118857763,1.033107819659867,22,train,1,21,0.6201002141031005,0.3493935162217995,0.9678497726060548,0.3408272041539668,0.8390933357877546,0.3219734715584991,0.9719142883698673,0.25494294785890936,0.4355176754461582,0.5975901442137088,0.9287460931989207,SCoNE,0.01,False,/home/jupyter/repos/SCoNE/output/models/signed_cov_effects/train_21
635,0.37764577647062975,0.6901684022487544,0.4311033836385984,1.045381078232606,23,train,1,21,0.5113524872858128,0.3110712187632393,0.9702938623001673,0.3465925359935698,0.7854932352452882,0.3276176567570424,0.9289802877902014,0.2798730507520334,0.4374799946634186,0.6079010835691876,0.9287460931989207,SCoNE,0.01,False,/home/jupyter/repos/SCoNE/output/models/signed_cov_effects/train_21
636,0.353601667229417,0.6512339599469711,0.427773124699627,1.0432465104551571,24,train,1,21,0.5123340726879301,0.338995837771779,0.9694593308827297,0.34142917010811197,0.7324785841207168,0.30091981602471857,0.9602942894717994,0.26469029164037233,0.4414589270102841,0.6017875834448732,0.9287460931989207,SCoNE,0.01,False,/home/jupyter/repos/SCoNE/output/models/signed_cov_effects/train_21
637,0.45380052221734335,0.7744738794554843,0.44248452124433174,1.0314205929589852,25,train,1,21,0.598249197297465,0.3673142919970098,0.9378987379095175,0.3558859605947637,0.8550869543985384,0.3498725200455101,0.9737194167205667,0.29031340132616135,0.4340409365585388,0.5973796564004465,0.9287460931989207,SCoNE,0.01,False,/home/jupyter/repos/SCoNE/output/models/signed_cov_effects/train_21
638,0.5497349699498968,0.8027990096520811,0.42363566067670066,1.0314845569508795,26,train,1,21,0.6558168811583078,0.3643137553843141,0.9718625880085457,0.38288918079653683,0.9224820903317948,0.34560159606135454,0.9793412218576997,0.27541028852915694,0.43592065961205273,0.5955638973388268,0.9287460931989207,SCoNE,0.01,False,/home/jupyter/repos/SCoNE/output/models/signed_cov_effects/train_21
639,0.4639369033254743,0.7712885657787537,0.43827200108885817,1.0301189349808952,27,train,1,21,0.5765583787307189,0.3529079004141261,0.9376481000140442,0.3576034366174338,0.8651261283578716,0.32327027091976196,0.9780813749668826,0.2634509757156306,0.43661903912684874,0.5934998958540464,0.9287460931989207,SCoNE,0.01,False,/home/jupyter/repos/SCoNE/output/models/signed_cov_effects/train_21
640,0.4501444183728949,0.7740959277641805,0.4330976504278585,1.0321856714143065,28,train,1,21,0.6447094160176701,0.35162033253310226,0.9716237046595346,0.3521714369307864,0.836796630216193,0.30580532639865465,0.9531281653394401,0.2643569983943147,0.4420450868802389,0.5901405845340677,0.9287460931989207,SCoNE,0.01,False,/home/jupyter/repos/SCoNE/output/models/signed_cov_effects/train_21
641,0.3625975374926129,0.6707703385629278,0.4338915619613208,1.0436990496970207,29,train,1,21,0.5078133690668787,0.3330660871893922,0.9615836162764088,0.3639474113752976,0.740698716583464,0.32928552288697793,0.9640767702051765,0.2886132719705214,0.43670143700026715,0.6069976126967535,0.9287460931989207,SCoNE,0.01,False,/home/jupyter/repos/SCoNE/output/models/signed_cov_effects/train_21
642,0.3304534179964347,0.6910908032682764,0.4488160523512301,1.042086585521644,30,train,1,21,0.5418775596888263,0.3281072797536168,0.9097904720778246,0.35109552483503664,0.7379708053030616,0.3011929708735999,0.9689637107848788,0.25859451876402567,0.43162042165981884,0.610466163861825,0.9287460931989207,SCoNE,0.01,False,/home/jupyter/repos/SCoNE/output/models/signed_cov_effects/train_21
643,0.4303445483087891,0.7545607187537908,0.43019463803619634,1.0329689137535845,31,train,1,21,0.6640271727592092,0.34013117589376696,0.9729532878437134,0.3507216397737358,0.8358765955226564,0.3514976059056871,0.9738583908302443,0.28886507953798973,0.4323468389741321,0.6006220747794523,0.9287460931989207,SCoNE,0.01,False,/home/jupyter/repos/SCoNE/output/models/signed_cov_effects/train_21
644,0.38172506604281137,0.674729423195503,0.42749104605252847,1.044440512720394,32,train,1,21,0.47669948893319014,0.314846761536526,0.9530303910210424,0.36862457074309485,0.7803886876706035,0.3165945235912402,0.9565416982492085,0.2800101440575432,0.4350498955690826,0.6093906171513115,0.9287460931989207,SCoNE,0.01,False,/home/jupyter/repos/SCoNE/output/models/signed_cov_effects/train_21
645,0.5080487429811704,0.7986993728359877,0.42296197493520404,1.029360918694029,33,train,1,21,0.6232079495483283,0.36324611271287466,0.9560540912146179,0.3755596512402958,0.8866972566045593,0.3366241353111095,0.9609160091879079,0.2749014537306826,0.4403076641502631,0.5890532545437659,0.9287460931989207,SCoNE,0.01,False,/home/jupyter/repos/SCoNE/output/models/signed_cov_effects/train_21
646,0.5081040928777728,0.796400780712922,0.4219916485639146,1.0339409479369452,34,train,1,21,0.5906435426084742,0.3605959931775229,0.9540545646571673,0.3545267881614075,0.9183009931326123,0.36273035526459063,0.9783855250716005,0.30527571256389413,0.43259163454916777,0.6013493133877775,0.9287460931989207,SCoNE,0.01,False,/home/jupyter/repos/SCoNE/output/models/signed_cov_effects/train_21
647,0.4325743379111137,0.7523601729793761,0.42998682358330614,1.031943323012834,35,train,1,21,0.715532876836227,0.33737417073620146,0.9840184880272326,0.3749002191520138,0.8217143739343526,0.3538617017010789,0.9636073014992561,0.27609369976971354,0.4339700947725225,0.5979732282403116,0.9287460931989207,SCoNE,0.01,False,/home/jupyter/repos/SCoNE/output/models/signed_cov_effects/train_21
648,0.3942114316782785,0.6903210334782877,0.4230621393925762,1.0529198402822353,36,train,1,21,0.4310108383588947,0.32881491134126395,0.969259561312129,0.3499406081466519,0.8035853927065131,0.3300038160626293,0.9432630439875879,0.27839462154808364,0.43445652981332217,0.6184633104689131,0.9287460931989207,SCoNE,0.01,False,/home/jupyter/repos/SCoNE/output/models/signed_cov_effects/train_21
649,0.5343996372981598,0.7992341903497231,0.429149390869843,1.0341695069210903,37,train,1,21,0.5793400097223045,0.3180238395564318,0.9198776307546732,0.36514204575653936,0.9282197753154889,0.35346694204055057,0.9783402127463107,0.28589439832338537,0.42954696101969414,0.6046225459013963,0.9287460931989207,SCoNE,0.01,False,/home/jupyter/repos/SCoNE/output/models/signed_cov_effects/train_21
650,0.45736056117975654,0.7810057766995695,0.4368145606837871,1.0348691521694335,38,train,1,21,0.5977370481386384,0.3659720677965298,0.9246515395734065,0.3519483899381043,0.87868366781871,0.3388837737348071,0.9775555518560848,0.27240665657493485,0.4299092413301572,0.6049599108392762,0.9287460931989207,SCoNE,0.01,False,/home/jupyter/repos/SCoNE/output/models/signed_cov_effects/train_21
651,0.562104281829818,0.8143216262010242,0.4246701451431894,1.0304992106171504,39,train,1,21,0.5803625757832961,0.3279537101754416,0.9267963457708563,0.3491053395550781,0.903841218059817,0.3645418107486414,0.9746869991674871,0.2764026762877851,0.436328982514306,0.5941702281028445,0.9287460931989207,SCoNE,0.01,False,/home/jupyter/repos/SCoNE/output/models/signed_cov_effects/train_21
652,0.5561786408685916,0.8125575670247716,0.42304957369654644,1.0317066590398976,40,train,1,21,0.5865020810656291,0.33807857180999223,0.9313575151590621,0.3502714869460995,0.9150440462831433,0.3547567970548194,0.9770850660882523,0.2598473606557075,0.4345519159213365,0.5971547431185611,0.9287460931989207,SCoNE,0.01,False,/home/jupyter/repos/SCoNE/output/models/signed_cov_effects/train_21
653,0.5011935515158523,0.7885367782996575,0.4241827946672828,1.0380433158792106,41,train,1,21,0.5464494836483,0.3544336825230097,0.9277988043047705,0.3552969778808314,0.9141888384204312,0.35657587965554605,0.9742386459147392,0.2707792846014529,0.42955893099122544,0.6084843848879852,0.9287460931989207,SCoNE,0.01,False,/home/jupyter/repos/SCoNE/output/models/signed_cov_effects/train_21
654,0.5230265741785324,0.7908473357768587,0.4185165549321022,1.0297070707021503,42,train,1,21,0.7142337319313623,0.3372230387490175,0.9807512792662364,0.3746088822549909,0.8900120754143067,0.3399079019919858,0.9735628800590175,0.27937091398189196,0.43354548767245843,0.5961615830296918,0.9287460931989207,SCoNE,0.01,False,/home/jupyter/repos/SCoNE/output/models/signed_cov_effects/train_21
655,0.3840112618882064,0.6887683585977828,0.4277093567896907,1.0536967916980378,43,train,1,21,0.38432079076022685,0.32369698429093846,0.9297420570046189,0.3506845451095388,0.8142777284670947,0.31852157229774725,0.9387547699343323,0.3036532294597126,0.43096900606508315,0.6227277856329545,0.9287460931989207,SCoNE,0.01,False,/home/jupyter/repos/SCoNE/output/models/signed_cov_effects/train_21
656,0.41385793231793533,0.747155455062476,0.430443378359383,1.0335744461922667,44,train,1,21,0.6615489289714079,0.32928841762636357,0.9845547134842371,0.3495201478179645,0.8322897929662452,0.3096413186514239,0.9534787269947363,0.2663033680504709,0.43925967102884483,0.5943147751634218,0.9287460931989207,SCoNE,0.01,False,/home/jupyter/repos/SCoNE/output/models/signed_cov_effects/train_21
657,0.502354464358618,0.8012777490773682,0.43154646520976336,1.0340271106871164,45,train,1,21,0.5748389428841912,0.3499065967110447,0.9221783272436195,0.3417584115454953,0.9124127724794698,0.3525894615923435,0.9810378549854181,0.2992004592993114,0.431124540475728,0.6029025702113885,0.9287460931989207,SCoNE,0.01,False,/home/jupyter/repos/SCoNE/output/models/signed_cov_effects/train_21
658,0.5380078623208676,0.805388816535219,0.4243343439189683,1.0295748354596628,46,train,1,21,0.5957849351990274,0.35246048993148366,0.9313577925321946,0.3576892800577069,0.9012084683612658,0.34514957559560505,0.9665796835083065,0.2624816208411281,0.43882098521750307,0.5907538502421597,0.9287460931989207,SCoNE,0.01,False,/home/jupyter/repos/SCoNE/output/models/signed_cov_effects/train_21
659,0.5234058990881543,0.8014076171761491,0.42545991187352733,1.031565982631989,47,train,1,21,0.6292566731347206,0.34281198834976656,0.9477317922622145,0.3610027363467502,0.8879216045287883,0.3499782984838757,0.9727607527901677,0.27434283459056846,0.43235673644772354,0.5992092461842654,0.9287460931989207,SCoNE,0.01,False,/home/jupyter/repos/SCoNE/output/models/signed_cov_effects/train_21
660,0.4646385520775267,0.7716483416401513,0.4354331784094134,1.0317471650436625,48,train,1,21,0.5652351279581692,0.3590000242578785,0.9323631244803741,0.3608453375339769,0.8611046243650194,0.35806315344623274,0.9697514060940403,0.26113196088154234,0.434344876225814,0.5974022888178484,0.9287460931989207,SCoNE,0.01,False,/home/jupyter/repos/SCoNE/output/models/signed_cov_effects/train_21
661,0.40638921848876697,0.7634265499391074,0.44405687710907465,1.0331943498665868,49,train,1,21,0.6231641186317597,0.33985741368738936,0.9406898529501991,0.3652156397433939,0.8358221114804462,0.3382938750478865,0.9694159208187776,0.2597235227110388,0.43578233063092353,0.5974120192356632,0.9287460931989207,SCoNE,0.01,False,/home/jupyter/repos/SCoNE/output/models/signed_cov_effects/train_21
662,0.00901298959197064,0.3979506341386914,0.33313575494561226,0.3059173960329883,0,train,0,0,0.030461001075403775,0.13131775214423352,,,0.3427077146439094,0.09515947324543231,,,0.16463835206399574,0.14127904396899252,0.9386186234649968,HNMF,0.0,True,/home/jupyter/repos/SCoNE/output/models/signed_cov_effects/train_0
663,0.0007543856361805986,0.2760058261481503,0.221355756923258,0.35246423576753827,1,train,0,0,0.06493937364244062,0.16579586076392863,,,0.4266877783773275,0.1353432165986764,,,0.20586894285481905,0.14659529291271922,0.9386186234649968,HNMF,0.0,True,/home/jupyter/repos/SCoNE/output/models/signed_cov_effects/train_0
664,0.0015729245074865156,0.22205785366324787,0.18123897743087056,0.3970432484544648,2,train,0,0,0.07223425867119883,0.19586197343844394,,,0.44539520235758706,0.14834945485757633,,,0.22681860923331598,0.17022463922114886,0.9386186234649968,HNMF,0.0,True,/home/jupyter/repos/SCoNE/output/models/signed_cov_effects/train_0
665,0.0006100684201642455,0.17057116723526844,0.1486201929812215,0.3454250793750644,3,train,0,0,0.13881880130566143,0.22219788115024344,,,0.30380821598957414,0.09054190768145898,,,0.20839333296378432,0.13703174641128008,0.9386186234649968,HNMF,0.0,True,/home/jupyter/repos/SCoNE/output/models/signed_cov_effects/train_0
666,0.0014762793446168954,0.2455608496326303,0.2100003352228582,0.38313849763109187,4,train,0,0,0.08590356613540492,0.20324101995686625,,,0.43846142973975366,0.157706017853352,,,0.1994503230426969,0.18368817458839498,0.9386186234649968,HNMF,0.0,True,/home/jupyter/repos/SCoNE/output/models/signed_cov_effects/train_0
667,0.000273432459494388,0.28368832357015594,0.24725268617755422,0.30819458619990125,5,train,0,0,0.11250412343389225,0.2071444976038414,,,0.27894278010555223,0.07508147003336918,,,0.17454085417470433,0.13365373202519695,0.9386186234649968,HNMF,0.0,True,/home/jupyter/repos/SCoNE/output/models/signed_cov_effects/train_0
668,0.001550075747333406,0.28032281879958604,0.233931889869929,0.3784683582312379,6,train,0,0,0.10275120426568111,0.22641019913818186,,,0.4442168951537478,0.15931336770588825,,,0.19171571720360667,0.18675264102763126,0.9386186234649968,HNMF,0.0,True,/home/jupyter/repos/SCoNE/output/models/signed_cov_effects/train_0
669,0.0025421225205410607,0.2946040995168754,0.2316961827676629,0.3564467563733912,7,train,0,0,0.12117587070597861,0.20483411579080882,,,0.4205361215892872,0.11393212278770382,,,0.19238271834112092,0.1640640380322703,0.9386186234649968,HNMF,0.0,True,/home/jupyter/repos/SCoNE/output/models/signed_cov_effects/train_0
670,0.0062578296610131265,0.3270406810092011,0.23947142473930197,0.37918104670909863,8,train,0,0,0.1959006813049053,0.20348250336728474,,,0.3047340211219072,0.09800766339110574,,,0.2031845970813979,0.17599644962770072,0.9386186234649968,HNMF,0.0,True,/home/jupyter/repos/SCoNE/output/models/signed_cov_effects/train_0
671,0.0012292314628478747,0.2617671223793957,0.2177472107901783,0.3786902492317869,9,train,0,0,0.0765965790087339,0.18779511674060323,,,0.43116968590490706,0.12772555655142206,,,0.19463748438220532,0.18405276484958158,0.9386186234649968,HNMF,0.0,True,/home/jupyter/repos/SCoNE/output/models/signed_cov_effects/train_0
672,0.004744925848737589,0.382906957255622,0.32341285587261986,0.3097331939428174,10,train,0,0,0.036622564514781526,0.12640073968435053,,,0.34884220432927726,0.1045331445297673,,,0.16115902372036525,0.14857417022245215,0.9386186234649968,HNMF,0.0,True,/home/jupyter/repos/SCoNE/output/models/signed_cov_effects/train_0
673,0.0003276804848955789,0.20845531370315443,0.1794842188654549,0.37650523631702226,11,train,0,0,0.12459758515599727,0.2375669319776864,,,0.34028946210693395,0.11230999919597588,,,0.20528385718139827,0.17122137913562396,0.9386186234649968,HNMF,0.0,True,/home/jupyter/repos/SCoNE/output/models/signed_cov_effects/train_0
674,0.0007370446155495246,0.255898264152001,0.21214089302888403,0.3586265284141351,12,train,0,0,0.12953332906666642,0.22355837289264713,,,0.4192185008522933,0.13040728799378246,,,0.2028010664164318,0.1558254619977033,0.9386186234649968,HNMF,0.0,True,/home/jupyter/repos/SCoNE/output/models/signed_cov_effects/train_0
675,0.0015581628435979557,0.23968183220090303,0.19604223232466847,0.36548482684630856,13,train,0,0,0.08112838601255631,0.1970863806089731,,,0.43776413013748766,0.13327642447723942,,,0.20099932690810995,0.16448549993819858,0.9386186234649968,HNMF,0.0,True,/home/jupyter/repos/SCoNE/output/models/signed_cov_effects/train_0
676,0.0026579312139423726,0.29315169194307744,0.2398356574857636,0.35366300165690184,14,train,0,0,0.08224735597198742,0.19807736511953622,,,0.4030197108567552,0.1126112669180681,,,0.17667458418073176,0.17698841747617008,0.9386186234649968,HNMF,0.0,True,/home/jupyter/repos/SCoNE/output/models/signed_cov_effects/train_0
677,0.0015168800403935379,0.29950899125351543,0.27301486440259104,0.3019242083008483,15,train,0,0,0.06092727707659964,0.1442875274584627,,,0.3486946961550356,0.0963395782555431,,,0.1624686402044483,0.1394555680964,0.9386186234649968,HNMF,0.0,True,/home/jupyter/repos/SCoNE/output/models/signed_cov_effects/train_0
678,0.004926920929864693,0.14684474709422216,0.11522807886711631,0.41173259605280144,16,train,0,0,0.13828825364924885,0.22522049826407112,,,0.4820851815159741,0.13184654853472708,,,0.24246668707913005,0.16926590897367141,0.9386186234649968,HNMF,0.0,True,/home/jupyter/repos/SCoNE/output/models/signed_cov_effects/train_0
679,0.0010173558378107138,0.28476440966900357,0.23672168730408905,0.32780324785231685,17,train,0,0,0.14763842909788968,0.2170423077115987,,,0.31394632435265146,0.0972572231310656,,,0.18941674224565191,0.13838650560666493,0.9386186234649968,HNMF,0.0,True,/home/jupyter/repos/SCoNE/output/models/signed_cov_effects/train_0
680,0.001654515182099856,0.29031536944665265,0.2338422895564085,0.392259759508502,18,train,0,0,0.13474744284047954,0.22439481961508206,,,0.4007325055425048,0.12900255439933747,,,0.20388880023534253,0.18837095927315944,0.9386186234649968,HNMF,0.0,True,/home/jupyter/repos/SCoNE/output/models/signed_cov_effects/train_0
681,0.01825445606013583,0.30430738215479125,0.23018118617450714,0.32680754961483155,19,train,0,0,0.05962439381790657,0.15330709520006947,,,0.3364001026243229,0.1005933626639829,,,0.18955819474130098,0.13724935487353057,0.9386186234649968,HNMF,0.0,True,/home/jupyter/repos/SCoNE/output/models/signed_cov_effects/train_0
682,0.019101865815971012,0.42542095438268773,0.3223713878948821,0.30096478697316686,20,train,0,0,0.04675911329985956,0.1498196330937016,,,0.3522781417432749,0.1065015705057955,,,0.15735256546000226,0.14361222151316458,0.9386186234649968,HNMF,0.0,True,/home/jupyter/repos/SCoNE/output/models/signed_cov_effects/train_0
683,0.0015482968666560705,0.1408686393903005,0.12209599044323795,0.4272372271594814,21,train,0,0,0.11462566238786824,0.24945834346322104,,,0.48356783940390746,0.1588497774156886,,,0.2338913300112426,0.19334589714823883,0.9386186234649968,HNMF,0.0,True,/home/jupyter/repos/SCoNE/output/models/signed_cov_effects/train_0
684,0.0006074932751911798,0.2727076820709182,0.233237141645212,0.33971252989083517,22,train,0,0,0.14560513536581607,0.22819347718396404,,,0.3069939437055148,0.09097333441743846,,,0.1895734300876941,0.15013909980314108,0.9386186234649968,HNMF,0.0,True,/home/jupyter/repos/SCoNE/output/models/signed_cov_effects/train_0
685,0.0003078068671770026,0.2874928156217701,0.23775059117191963,0.3408879841241364,23,train,0,0,0.10061034015785271,0.2114918777685644,,,0.38929124934641196,0.11811326485226094,,,0.18477162456277452,0.15611635956136188,0.9386186234649968,HNMF,0.0,True,/home/jupyter/repos/SCoNE/output/models/signed_cov_effects/train_0
686,0.030054552173408983,0.38675724324230776,0.27224871038203086,0.3262830193036167,24,train,0,0,0.0683806890702478,0.17610584377288344,,,0.356399025869612,0.11137795792164247,,,0.17347875411995123,0.1528042651836655,0.9386186234649968,HNMF,0.0,True,/home/jupyter/repos/SCoNE/output/models/signed_cov_effects/train_0
687,0.0037319750640140226,0.23522027280179814,0.1990404695284797,0.3230713811289414,25,train,0,0,0.07601950847668286,0.15868065879187093,,,0.36327428851359983,0.10716684495887698,,,0.18633459363467583,0.13673678749426557,0.9386186234649968,HNMF,0.0,True,/home/jupyter/repos/SCoNE/output/models/signed_cov_effects/train_0
688,0.026369279329210096,0.43477883696169295,0.3247436323217683,0.28995115614893313,26,train,0,0,0.04391244599935162,0.14518178499747983,,,0.3445535847548774,0.11651689937606456,,,0.16098308552289933,0.1289680706260338,0.9386186234649968,HNMF,0.0,True,/home/jupyter/repos/SCoNE/output/models/signed_cov_effects/train_0
689,0.0035667648235853345,0.33463442237680996,0.2814307145640263,0.28632101369637597,27,train,0,0,0.056758392601881646,0.15015468981570224,,,0.337198010519586,0.10818709470908437,,,0.158561158050096,0.12775985564627995,0.9386186234649968,HNMF,0.0,True,/home/jupyter/repos/SCoNE/output/models/signed_cov_effects/train_0
690,0.002863025692664806,0.23734053432206356,0.2076379765244077,0.39164144703509396,28,train,0,0,0.10349736809979115,0.22005271170105328,,,0.4392614865398739,0.12429827129365785,,,0.19946276981868175,0.19217867721641219,0.9386186234649968,HNMF,0.0,True,/home/jupyter/repos/SCoNE/output/models/signed_cov_effects/train_0
691,0.0018748148880584575,0.25267818000365283,0.2000994447891227,0.3785958033429141,29,train,0,0,0.08394674945269276,0.18664947253266184,,,0.42786166656737923,0.14887770418045634,,,0.2030760986852227,0.1755197046576914,0.9386186234649968,HNMF,0.0,True,/home/jupyter/repos/SCoNE/output/models/signed_cov_effects/train_0
692,0.0008516829118208619,0.1945245270841562,0.17048052908391986,0.3281319691203087,30,train,0,0,0.09370474611291338,0.1671865943547581,,,0.35618043214233563,0.11308781769609284,,,0.18300782996596882,0.14512413915433986,0.9386186234649968,HNMF,0.0,True,/home/jupyter/repos/SCoNE/output/models/signed_cov_effects/train_0
693,0.0006806989354482105,0.28158052525735433,0.23535772871565022,0.35824184304781587,31,train,0,0,0.12951561743638884,0.235016070172795,,,0.43539540435450724,0.1268621035961447,,,0.18964784356917117,0.1685939994786447,0.9386186234649968,HNMF,0.0,True,/home/jupyter/repos/SCoNE/output/models/signed_cov_effects/train_0
694,0.0017124468446297703,0.2726317495534092,0.216331570724544,0.3765403012533812,32,train,0,0,0.11038478204736565,0.1993690140530111,,,0.4368863273798705,0.1321577298700661,,,0.2043446743606244,0.17219562689275686,0.9386186234649968,HNMF,0.0,True,/home/jupyter/repos/SCoNE/output/models/signed_cov_effects/train_0
695,0.008288962760397254,0.3993480001915923,0.3430898922033176,0.30637896728727343,33,train,0,0,0.03259510885671095,0.13327761379082348,,,0.343358506259639,0.11043549950838777,,,0.15717557601731724,0.1492033912699562,0.9386186234649968,HNMF,0.0,True,/home/jupyter/repos/SCoNE/output/models/signed_cov_effects/train_0
696,0.0029348641050658416,0.2745942280386768,0.2438451788285099,0.38411320382735564,34,train,0,0,0.08345126702837757,0.2002586399126865,,,0.41750652866836924,0.12839809367515487,,,0.19203045856973605,0.1920827452576196,0.9386186234649968,HNMF,0.0,True,/home/jupyter/repos/SCoNE/output/models/signed_cov_effects/train_0
697,0.004929041217379241,0.3068435943158732,0.2453728438038189,0.31505099306945705,35,train,0,0,0.1480276015711202,0.20531275746565472,,,0.29865584182393606,0.09352908741116811,,,0.17474227546420965,0.14030871760524743,0.9386186234649968,HNMF,0.0,True,/home/jupyter/repos/SCoNE/output/models/signed_cov_effects/train_0
698,0.0011802456425902557,0.2908140999155123,0.24200503694806672,0.32674674394449843,36,train,0,0,0.12863066951289562,0.23082024108720375,,,0.33488013637226594,0.11734961672281831,,,0.17512806795896105,0.1516186759855374,0.9386186234649968,HNMF,0.0,True,/home/jupyter/repos/SCoNE/output/models/signed_cov_effects/train_0
699,0.0037269921222303397,0.34816065499287446,0.3062839936831306,0.29224769728939703,37,train,0,0,0.15196275220462704,0.1930002320346249,,,0.26235514359668194,0.07895053333750159,,,0.15482107840412454,0.1374266188852725,0.9386186234649968,HNMF,0.0,True,/home/jupyter/repos/SCoNE/output/models/signed_cov_effects/train_0
700,0.004448471169477161,0.38172121989659125,0.31995624234405895,0.30396208851156625,38,train,0,0,0.03048976035467882,0.13299318075493652,,,0.33929502031412456,0.09878729478598798,,,0.16997374564072582,0.1339883428708404,0.9386186234649968,HNMF,0.0,True,/home/jupyter/repos/SCoNE/output/models/signed_cov_effects/train_0
701,0.0015091787806799258,0.28108982943153416,0.22295264310901852,0.33442508348529665,39,train,0,0,0.08424227869544848,0.1921556837865447,,,0.4226560737633406,0.12812331475583152,,,0.19002074853774653,0.1444043349475501,0.9386186234649968,HNMF,0.0,True,/home/jupyter/repos/SCoNE/output/models/signed_cov_effects/train_0
702,0.0019698878909635213,0.29615683135068743,0.2366318484408617,0.34028294135024967,40,train,0,0,0.12193177074716081,0.20040341599520217,,,0.38874322392344435,0.11347210457499092,,,0.17855794422842788,0.16172499712182178,0.9386186234649968,HNMF,0.0,True,/home/jupyter/repos/SCoNE/output/models/signed_cov_effects/train_0
703,0.0010483902529316877,0.28899592497345644,0.2374987907505162,0.3635318848557055,41,train,0,0,0.12026298165999122,0.22585865439897518,,,0.43214682873400434,0.17160978986154896,,,0.18447511512330383,0.17905676973240164,0.9386186234649968,HNMF,0.0,True,/home/jupyter/repos/SCoNE/output/models/signed_cov_effects/train_0
704,0.18020369141399986,0.3929264697778695,0.24841343828643428,0.33059943385107027,42,train,0,0,0.0628307620844541,0.15584222791504596,,,0.3565441984692116,0.1150521053649776,,,0.19495750037393028,0.13564193347714,0.9386186234649968,HNMF,0.0,True,/home/jupyter/repos/SCoNE/output/models/signed_cov_effects/train_0
705,0.0014270581627821284,0.2875935043064926,0.23723583527656683,0.3479424791677642,43,train,0,0,0.11039467192896209,0.2147914620696747,,,0.41379851878256024,0.13308767594463786,,,0.1790337519703847,0.1689087271973795,0.9386186234649968,HNMF,0.0,True,/home/jupyter/repos/SCoNE/output/models/signed_cov_effects/train_0
706,0.0011161212846645837,0.28373717738420945,0.23241871147293947,0.36009843026579424,44,train,0,0,0.1308016392678079,0.20818965264672928,,,0.4374236238217785,0.13450865019421832,,,0.188225911615882,0.1718725186499122,0.9386186234649968,HNMF,0.0,True,/home/jupyter/repos/SCoNE/output/models/signed_cov_effects/train_0
707,0.000976784280127892,0.3072656252860832,0.27011565924075404,0.31529198582168905,45,train,0,0,0.1458869091241464,0.20334015093400792,,,0.2854188914532092,0.07539699840280349,,,0.1663601786063868,0.14893180721530222,0.9386186234649968,HNMF,0.0,True,/home/jupyter/repos/SCoNE/output/models/signed_cov_effects/train_0
708,0.0009365217134696412,0.2544629895008873,0.22035768615758566,0.360450805100644,46,train,0,0,0.08471441469279951,0.20029726597169958,,,0.38474075171517874,0.11179934516815247,,,0.20817945885650385,0.15227134624414015,0.9386186234649968,HNMF,0.0,True,/home/jupyter/repos/SCoNE/output/models/signed_cov_effects/train_0
709,0.0014286521537988904,0.23384232762727117,0.1875162168465629,0.39203733715320355,47,train,0,0,0.10305822780341724,0.20252855217965787,,,0.40878071398690435,0.11723960327230262,,,0.21759191868950525,0.17444541846369832,0.9386186234649968,HNMF,0.0,True,/home/jupyter/repos/SCoNE/output/models/signed_cov_effects/train_0
710,0.0007220892383576731,0.24338917058363246,0.20379787617884543,0.3542579563977688,48,train,0,0,0.11832120416076351,0.23339209767551458,,,0.35536169387152183,0.10393231998702633,,,0.19481548461354828,0.15944247178422052,0.9386186234649968,HNMF,0.0,True,/home/jupyter/repos/SCoNE/output/models/signed_cov_effects/train_0
711,0.0009385013600112922,0.29734122402169433,0.25603556144719375,0.33716992714899485,49,train,0,0,0.07710344497982875,0.1945463273127167,,,0.37454604467855407,0.1197550497085957,,,0.17248372780199886,0.16468619934699597,0.9386186234649968,HNMF,0.0,True,/home/jupyter/repos/SCoNE/output/models/signed_cov_effects/train_0
712,0.10063846363338404,0.2737739394763901,0.1496131064408476,0.01106660469508894,0,train,0,1,0.0532229865192802,0.15491063799241173,,,0.31028286526976373,0.0727364334935015,,,0.010868645377859476,0.00019795931722946402,0.9575163315773,HNMF(res),0.0,True,/home/jupyter/repos/SCoNE/output/models/signed_cov_effects/train_1
713,0.02414816137806567,0.11558370648075934,0.08175348120818673,0.007227969797830219,1,train,0,1,0.18424584976481945,0.16884458931006432,,,0.36823749474291745,0.10482514429695847,,,0.006866392609274757,0.00036157718855546256,0.9575163315773,HNMF(res),0.0,True,/home/jupyter/repos/SCoNE/output/models/signed_cov_effects/train_1
714,0.05746292906231112,0.11218156304299033,0.08054708717907488,0.0067379192699633245,2,train,0,1,0.17121627960455899,0.1873137788001739,,,0.3068424336678757,0.08471441072156369,,,0.006350284649366539,0.00038763462059678515,0.9575163315773,HNMF(res),0.0,True,/home/jupyter/repos/SCoNE/output/models/signed_cov_effects/train_1
715,0.07500939578761119,0.2605999099526616,0.15408360951044694,0.010610866407462805,3,train,0,1,0.051388431622124406,0.15860100783508696,,,0.30915471312328396,0.08728427678248601,,,0.010380206212529094,0.00023066019493370987,0.9575163315773,HNMF(res),0.0,True,/home/jupyter/repos/SCoNE/output/models/signed_cov_effects/train_1
716,0.07210514106473316,0.1210675633652205,0.08686752037340663,0.008026549995250726,4,train,0,1,0.1878294170215195,0.16502773889387506,,,0.31326194836783117,0.08854047048932802,,,0.007696816495137032,0.00032973350011369413,0.9575163315773,HNMF(res),0.0,True,/home/jupyter/repos/SCoNE/output/models/signed_cov_effects/train_1
717,0.07848300855528216,0.262211753641214,0.15176876658798705,0.010638723377358666,5,train,0,1,0.059848685669933,0.16640183825492233,,,0.309336151319271,0.07970082388437348,,,0.010412863359821509,0.00022586001753715647,0.9575163315773,HNMF(res),0.0,True,/home/jupyter/repos/SCoNE/output/models/signed_cov_effects/train_1
718,0.10018942713447296,0.27165844492633634,0.14560703015919993,0.01106208022337965,6,train,0,1,0.0729450644912159,0.16433511569445192,,,0.3107829073752537,0.09441430923171085,,,0.010863233632236971,0.00019884659114267984,0.9575163315773,HNMF(res),0.0,True,/home/jupyter/repos/SCoNE/output/models/signed_cov_effects/train_1
719,0.06766232876577206,0.12661248546766182,0.08164445140658878,0.008155802632342246,7,train,0,1,0.18424252014811698,0.15872955719831613,,,0.2834995970134838,0.05915851251506402,,,0.007827932438200041,0.0003278701941422052,0.9575163315773,HNMF(res),0.0,True,/home/jupyter/repos/SCoNE/output/models/signed_cov_effects/train_1
720,0.0693131651942445,0.2563877795694481,0.15627913869890875,0.01045297012005703,8,train,0,1,0.05420661009570704,0.1572464357663511,,,0.3086972659474324,0.0907992153344614,,,0.010212545947768652,0.00024042417228837697,0.9575163315773,HNMF(res),0.0,True,/home/jupyter/repos/SCoNE/output/models/signed_cov_effects/train_1
721,0.017623600178500634,0.13663461043040367,0.11826653734556163,0.009431005714885235,9,train,0,1,0.07137639502681901,0.1495988155844917,,,0.3017219570711865,0.07020409242537401,,,0.009015084204578666,0.000415921510306569,0.9575163315773,HNMF(res),0.0,True,/home/jupyter/repos/SCoNE/output/models/signed_cov_effects/train_1
722,0.023751100530963416,0.11635077705045731,0.08153028686783413,0.006871116478322708,10,train,0,1,0.17254580944638975,0.180267265066113,,,0.3333406020825195,0.08470616909543921,,,0.006511677412437234,0.00035943906588547386,0.9575163315773,HNMF(res),0.0,True,/home/jupyter/repos/SCoNE/output/models/signed_cov_effects/train_1
723,0.11078944616350521,0.28038892226360257,0.14978008502886653,0.011375424417775871,11,train,0,1,0.05002992299085471,0.16078343635362397,,,0.310937865867429,0.09507089964339013,,,0.01119129285999319,0.0001841315577826823,0.9575163315773,HNMF(res),0.0,True,/home/jupyter/repos/SCoNE/output/models/signed_cov_effects/train_1
724,0.08667410474693937,0.2683040646375966,0.1502089957809299,0.010812842937153323,12,train,0,1,0.060967269084878595,0.15897239684007763,,,0.309976592211209,0.08953989608829832,,,0.010602563419344515,0.0002102795178088095,0.9575163315773,HNMF(res),0.0,True,/home/jupyter/repos/SCoNE/output/models/signed_cov_effects/train_1
725,0.020695465020581155,0.11553864898163135,0.08209597982780849,0.007171409466461158,13,train,0,1,0.18561999757958111,0.1995515878728659,,,0.3532636311642131,0.08738199489857733,,,0.006801671050382882,0.0003697384160782755,0.9575163315773,HNMF(res),0.0,True,/home/jupyter/repos/SCoNE/output/models/signed_cov_effects/train_1
726,0.059762617672384735,0.12085591554002667,0.08484161123071515,0.007984507366126228,14,train,0,1,0.18444463620695586,0.17176780225397958,,,0.3286318656495988,0.0760707321426809,,,0.007654951621548977,0.0003295557445772517,0.9575163315773,HNMF(res),0.0,True,/home/jupyter/repos/SCoNE/output/models/signed_cov_effects/train_1
727,0.06348011168742759,0.2521907539961501,0.15480263498187372,0.01034362194840671,15,train,0,1,0.053251934228477786,0.13993490599657574,,,0.3081536805688792,0.07370451142446056,,,0.010089859647843867,0.00025376230056284386,0.9575163315773,HNMF(res),0.0,True,/home/jupyter/repos/SCoNE/output/models/signed_cov_effects/train_1
728,0.009212560474713785,0.09928650309007477,0.08075802286848457,0.007119670228740191,16,train,0,1,0.20469526757987894,0.179276068242641,,,0.34645056852598105,0.07002198881300994,,,0.006725320440657144,0.0003943497880830463,0.9575163315773,HNMF(res),0.0,True,/home/jupyter/repos/SCoNE/output/models/signed_cov_effects/train_1
729,0.07939099530888137,0.2624493378150777,0.15461732312352908,0.010691183065431148,17,train,0,1,0.0517418156440545,0.15128222343925304,,,0.3092834836002247,0.08806550185667801,,,0.010465179036269649,0.00022600402916149893,0.9575163315773,HNMF(res),0.0,True,/home/jupyter/repos/SCoNE/output/models/signed_cov_effects/train_1
730,0.07165596074875452,0.27604000366691905,0.15622667372465662,0.011225377046569755,18,train,0,1,0.04945642717507357,0.15136498182939978,,,0.3095489103325819,0.08688468974513779,,,0.011005778680170508,0.00021959836639924742,0.9575163315773,HNMF(res),0.0,True,/home/jupyter/repos/SCoNE/output/models/signed_cov_effects/train_1
731,0.09524547298451233,0.27470948918922494,0.1518158283269058,0.011074466781835593,19,train,0,1,0.051835371404090516,0.14121550210216532,,,0.3105774930441087,0.07917703054473568,,,0.010877043431366562,0.00019742335046903092,0.9575163315773,HNMF(res),0.0,True,/home/jupyter/repos/SCoNE/output/models/signed_cov_effects/train_1
732,0.08471737210852995,0.26764125467320077,0.15372579608327316,0.010799405542609017,20,train,0,1,0.05364003148557005,0.15875254633793487,,,0.30987302200544886,0.08069629751675313,,,0.010586107095736796,0.00021329844687222103,0.9575163315773,HNMF(res),0.0,True,/home/jupyter/repos/SCoNE/output/models/signed_cov_effects/train_1
733,0.04563640938405115,0.12019093202108568,0.08230351236172317,0.007934669471624033,21,train,0,1,0.18518187359625726,0.16750306565641637,,,0.3407071504183364,0.0861092722562736,,,0.007603868755394329,0.00033080071622970436,0.9575163315773,HNMF(res),0.0,True,/home/jupyter/repos/SCoNE/output/models/signed_cov_effects/train_1
734,0.07664119441281632,0.26219206414834345,0.15548354022589972,0.010664109447679666,22,train,0,1,0.050488299662281924,0.16179137369273175,,,0.3092158877011987,0.08091839465811904,,,0.010436922021355512,0.0002271874263241539,0.9575163315773,HNMF(res),0.0,True,/home/jupyter/repos/SCoNE/output/models/signed_cov_effects/train_1
735,0.06504556117379896,0.12708664279947043,0.08429110809771899,0.008149512185910915,23,train,0,1,0.18604173356596673,0.1829979456639682,,,0.2832656442925223,0.07067027709917605,,,0.007821214015798968,0.00032829817011194724,0.9575163315773,HNMF(res),0.0,True,/home/jupyter/repos/SCoNE/output/models/signed_cov_effects/train_1
736,0.07245246771063217,0.26694907058037803,0.15774328606117188,0.010768255518544465,24,train,0,1,0.05290084175427404,0.1803139755240276,,,0.31011015398789193,0.0836891078727506,,,0.010544668331295593,0.00022358718724887184,0.9575163315773,HNMF(res),0.0,True,/home/jupyter/repos/SCoNE/output/models/signed_cov_effects/train_1
737,0.07097447199943632,0.2586631309032164,0.15446680906978622,0.010498175603565012,25,train,0,1,0.05635738018538769,0.1488226721087046,,,0.3089689734576826,0.08345394836993604,,,0.010263057719093931,0.0002351178844710811,0.9575163315773,HNMF(res),0.0,True,/home/jupyter/repos/SCoNE/output/models/signed_cov_effects/train_1
738,0.12034756065347593,0.2784668015404043,0.14563968986166007,0.011265977666814165,26,train,0,1,0.05743602416780832,0.16244025797658204,,,0.31090759323260625,0.0944062593872885,,,0.011082605228396481,0.0001833724384176828,0.9575163315773,HNMF(res),0.0,True,/home/jupyter/repos/SCoNE/output/models/signed_cov_effects/train_1
739,0.04471626146254564,0.11617714253137243,0.08348696399923593,0.007828508510814883,27,train,0,1,0.19529624334424683,0.17534745119968329,,,0.35933022245434537,0.09701878663485891,,,0.007484572482636721,0.0003439360281781624,0.9575163315773,HNMF(res),0.0,True,/home/jupyter/repos/SCoNE/output/models/signed_cov_effects/train_1
740,0.056439684480016454,0.2519531838610092,0.1501611599582387,0.010433874265140858,28,train,0,1,0.07936139901269258,0.16158770286835356,,,0.3083358452473013,0.06374093808693009,,,0.01018881375237654,0.0002450605127643187,0.9575163315773,HNMF(res),0.0,True,/home/jupyter/repos/SCoNE/output/models/signed_cov_effects/train_1
741,0.032156071465816845,0.1143141631845849,0.08001383279972511,0.007723808372561557,29,train,0,1,0.19045982105641215,0.1866654374170616,,,0.3846242375419283,0.11308503377388045,,,0.0073745488605747676,0.000349259511986789,0.9575163315773,HNMF(res),0.0,True,/home/jupyter/repos/SCoNE/output/models/signed_cov_effects/train_1
742,0.08044665808137909,0.2641855039328136,0.1539506170377628,0.01069421406485644,30,train,0,1,0.05193883297125457,0.12921164861552614,,,0.3095448109831613,0.0865026006333001,,,0.01047131855678603,0.00022289550807040988,0.9575163315773,HNMF(res),0.0,True,/home/jupyter/repos/SCoNE/output/models/signed_cov_effects/train_1
743,0.08289774520054707,0.27386573647693296,0.1550658978441033,0.010994935693729578,31,train,0,1,0.05082550554835635,0.1507047924202779,,,0.3107650920232744,0.07365411813216526,,,0.01078935885678895,0.00020557683694062863,0.9575163315773,HNMF(res),0.0,True,/home/jupyter/repos/SCoNE/output/models/signed_cov_effects/train_1
744,0.023532369479942507,0.11217106007982255,0.08193723916643812,0.007253724651110449,32,train,0,1,0.18920915736440336,0.18011010721418072,,,0.3561753119741173,0.08742603508122922,,,0.006875981113626283,0.0003777435374841665,0.9575163315773,HNMF(res),0.0,True,/home/jupyter/repos/SCoNE/output/models/signed_cov_effects/train_1
745,0.07894271284534052,0.2690606481291649,0.15424764338707195,0.010837093460228552,33,train,0,1,0.05967048975397713,0.14827804672236045,,,0.3097256165817201,0.0897707242987633,,,0.01062023676979165,0.00021685669043690185,0.9575163315773,HNMF(res),0.0,True,/home/jupyter/repos/SCoNE/output/models/signed_cov_effects/train_1
746,0.0004985027614527736,0.28619342681110643,0.19471955061335355,0.012315895960085827,34,train,0,1,0.038409144800331,0.15846205742599898,,,0.30262101748140324,0.07412893562710737,,,0.01192482000557648,0.00039107595450934776,0.9575163315773,HNMF(res),0.0,True,/home/jupyter/repos/SCoNE/output/models/signed_cov_effects/train_1
747,0.11399559318746698,0.2793332559342004,0.14784689131912784,0.011262987870785252,35,train,0,1,0.056190224265661,0.15558075564717008,,,0.31116635586678937,0.08497315950886929,,,0.011078639407778581,0.0001843484630066707,0.9575163315773,HNMF(res),0.0,True,/home/jupyter/repos/SCoNE/output/models/signed_cov_effects/train_1
748,0.06534505391155243,0.26766994900694513,0.158308419574523,0.010842200158768746,36,train,0,1,0.059292498591629585,0.17711363416653086,,,0.3100162114243253,0.10097431088808567,,,0.010605925654342643,0.0002362745044261035,0.9575163315773,HNMF(res),0.0,True,/home/jupyter/repos/SCoNE/output/models/signed_cov_effects/train_1
749,0.06760159059128884,0.11527594690591621,0.08445504206791465,0.0066829082655639445,37,train,0,1,0.17066255452818757,0.20894320853413378,,,0.30307428096998495,0.09066954692738857,,,0.006300757639276145,0.00038215062628779945,0.9575163315773,HNMF(res),0.0,True,/home/jupyter/repos/SCoNE/output/models/signed_cov_effects/train_1
750,0.0878823903001695,0.272556108893974,0.15242370123771778,0.010961184265357955,38,train,0,1,0.05561642677569377,0.14649142188721767,,,0.3104166122380783,0.07907559451758805,,,0.010757543003978867,0.00020364126137908793,0.9575163315773,HNMF(res),0.0,True,/home/jupyter/repos/SCoNE/output/models/signed_cov_effects/train_1
751,0.026074793560256233,0.11349992520721243,0.07967831018052723,0.007370148860211708,39,train,0,1,0.1864923644999229,0.2153629894308958,,,0.3653278491950368,0.09430812813140324,,,0.007001201151772884,0.00036894770843882426,0.9575163315773,HNMF(res),0.0,True,/home/jupyter/repos/SCoNE/output/models/signed_cov_effects/train_1
752,0.04010590714554164,0.11778699397264462,0.08553231394334075,0.007838842696716693,40,train,0,1,0.18701308917403098,0.1790426065897247,,,0.3603764587042522,0.08633266807553712,,,0.007502172002001879,0.0003366706947148142,0.9575163315773,HNMF(res),0.0,True,/home/jupyter/repos/SCoNE/output/models/signed_cov_effects/train_1
753,0.024200312486856584,0.11574379497373727,0.08494723360269547,0.0075461025861137815,41,train,0,1,0.183907518023552,0.17201760628626975,,,0.3849019073833355,0.13695860086796435,,,0.007192787767316701,0.0003533148187970811,0.9575163315773,HNMF(res),0.0,True,/home/jupyter/repos/SCoNE/output/models/signed_cov_effects/train_1
754,0.06611160086626552,0.11666076971965873,0.08185393499851999,0.006702450561993628,42,train,0,1,0.1687679867638881,0.19557281904428475,,,0.3034106225798458,0.08547360683797635,,,0.006320489214873641,0.00038196134711998764,0.9575163315773,HNMF(res),0.0,True,/home/jupyter/repos/SCoNE/output/models/signed_cov_effects/train_1
755,0.021749972120547575,0.11237961396100417,0.08164054740389862,0.006769652472397705,43,train,0,1,0.18374936610061765,0.19270251916780382,,,0.32637867836659396,0.09018234580322652,,,0.006383584821434958,0.00038606765096274733,0.9575163315773,HNMF(res),0.0,True,/home/jupyter/repos/SCoNE/output/models/signed_cov_effects/train_1
756,0.08902353995670377,0.27618082956538587,0.15054678265679494,0.011124351868035084,44,train,0,1,0.058209011780693376,0.13554841912600876,,,0.3107594003128016,0.07667414503219966,,,0.010926001685760424,0.00019835018227466053,0.9575163315773,HNMF(res),0.0,True,/home/jupyter/repos/SCoNE/output/models/signed_cov_effects/train_1
757,0.06678514380689407,0.2546304791458676,0.15574231979989897,0.010405612090771572,45,train,0,1,0.05442243624803921,0.1592155292786757,,,0.3084369425894179,0.06603880724216207,,,0.010160011723217406,0.0002456003675541666,0.9575163315773,HNMF(res),0.0,True,/home/jupyter/repos/SCoNE/output/models/signed_cov_effects/train_1
758,0.10025088851348321,0.2761947877859731,0.1502248747631772,0.01112610835155958,46,train,0,1,0.053277583392711846,0.158290808493802,,,0.3107025404096403,0.07421684561114746,,,0.010932780044092821,0.00019332830746675905,0.9575163315773,HNMF(res),0.0,True,/home/jupyter/repos/SCoNE/output/models/signed_cov_effects/train_1
759,0.07807591008337632,0.2602605391488645,0.15148675771896675,0.01061119665106939,47,train,0,1,0.05489533747344308,0.1543608075766249,,,0.3088959283903296,0.07595711259487643,,,0.01037927999146386,0.00023191665960552887,0.9575163315773,HNMF(res),0.0,True,/home/jupyter/repos/SCoNE/output/models/signed_cov_effects/train_1
760,0.12041367611463488,0.2809937548552839,0.14758213567793285,0.01143650095030065,48,train,0,1,0.05149335190411017,0.14856012719268802,,,0.3110867420160814,0.07927330510857587,,,0.01125831014387306,0.00017819080642759026,0.9575163315773,HNMF(res),0.0,True,/home/jupyter/repos/SCoNE/output/models/signed_cov_effects/train_1
761,0.07159891979097253,0.2578792142517955,0.1529420027535167,0.010547410576474727,49,train,0,1,0.0497943136891681,0.1549290110175622,,,0.3088483237439865,0.08424375023337022,,,0.010310196749147536,0.00023721382732719084,0.9575163315773,HNMF(res),0.0,True,/home/jupyter/repos/SCoNE/output/models/signed_cov_effects/train_1
762,0.00016774501039834504,0.12954475078233194,0.09942580764657864,0.3153995964733677,0,train,0,7,0.11278399280016248,0.17999218982926612,0.5690253094706224,-0.04441158112592364,0.4121177097649528,0.10538279038070925,0.37445051784122135,-0.17555120121280518,0.19383722481546997,0.12156237165789772,0.9274175974375143,SCoNE,0.0,True,/home/jupyter/repos/SCoNE/output/models/signed_cov_effects/train_7
763,0.17005372553081238,0.14468375033396744,0.0763692800748066,0.27599270078343663,1,train,0,7,0.04184372192066227,0.10208749354657407,0.5121403423188955,-0.005785266909743054,0.43286920355455394,0.1203102720224056,0.35448430328681546,-0.14643737235120655,0.17474193430058702,0.10125076648284961,0.9274175974375143,SCoNE,0.0,True,/home/jupyter/repos/SCoNE/output/models/signed_cov_effects/train_7
764,0.00047582658646869814,0.18041905578891326,0.13276969655769857,0.29166219878822786,2,train,0,7,0.08870740306531934,0.1552366773194071,0.5575464895849704,-0.028227947835018096,0.41877743398871636,0.1246189513130649,0.34658198237765175,-0.13305280650921938,0.17644991122359643,0.11521228756463141,0.9274175974375143,SCoNE,0.0,True,/home/jupyter/repos/SCoNE/output/models/signed_cov_effects/train_7
765,0.03932591006285837,0.1381599807307874,0.09518339608737145,0.2843243980617943,3,train,0,7,0.12505458677971767,0.20260951426573662,0.49093778246967823,-0.0408549652640724,0.31716321580697865,0.07939702355136564,0.31791574548780027,-0.2060055274528249,0.17665017834452695,0.10767421971726737,0.9274175974375143,SCoNE,0.0,True,/home/jupyter/repos/SCoNE/output/models/signed_cov_effects/train_7
766,0.0028658890820608047,0.09384148309787801,0.0839635650038825,0.30244209762115604,4,train,0,7,0.09817273091163585,0.18154294990837258,0.4994478375258996,-0.007445646307643681,0.3390686379476045,0.0836939170722013,0.28878614050960666,-0.14999609274398648,0.17260821227648226,0.12983388534467377,0.9274175974375143,SCoNE,0.0,True,/home/jupyter/repos/SCoNE/output/models/signed_cov_effects/train_7
767,0.3229120313601116,0.15430259797740062,0.09365673905502782,0.2689442441923,5,train,0,7,0.13931016775348942,0.16315913169540136,0.46285499505883554,-0.0338496451790606,0.28099180504638815,0.07101271570369194,0.30286689949554035,-0.20896550005474612,0.17360563793601194,0.09533860625628807,0.9274175974375143,SCoNE,0.0,True,/home/jupyter/repos/SCoNE/output/models/signed_cov_effects/train_7
768,0.0005170343959521703,0.17806324656433997,0.13387275133859736,0.2702393361115487,6,train,0,7,0.10164976294498532,0.14805416691845594,0.48280066967087554,-0.013044564429393866,0.2850039859380182,0.07430789969159267,0.2801549354620178,-0.1870567506752323,0.1659416459661778,0.10429769014537088,0.9274175974375143,SCoNE,0.0,True,/home/jupyter/repos/SCoNE/output/models/signed_cov_effects/train_7
769,0.0037612948457543998,0.11956927938059975,0.08887228833965696,0.2926347859274496,7,train,0,7,0.15149022769710171,0.15925746460798795,0.5326566790234774,-0.022786604084288183,0.35712953994267177,0.09446875944550459,0.29954116132966996,-0.17532844295805233,0.17381977952368857,0.11881500640376107,0.9274175974375143,SCoNE,0.0,True,/home/jupyter/repos/SCoNE/output/models/signed_cov_effects/train_7
770,0.0003068311993500385,0.18341272113362378,0.13588960474963638,0.29313573256391434,8,train,0,7,0.0577759073943306,0.14742572351320585,0.5188749849995019,-0.023715277240536327,0.430035308366775,0.10592636775887994,0.3596601534721487,-0.16076469600350207,0.17422532107600283,0.11891041148791154,0.9274175974375143,SCoNE,0.0,True,/home/jupyter/repos/SCoNE/output/models/signed_cov_effects/train_7
771,0.007049917214555386,0.22386786054162888,0.17029132419192286,0.2924847853218245,9,train,0,7,0.06865337429677042,0.12723743089348127,0.46338757779279643,-0.00837746194913055,0.35870678143641826,0.09803648418437566,0.32751536902152895,-0.1311232859020437,0.16813129741718447,0.12435348790464003,0.9274175974375143,SCoNE,0.0,True,/home/jupyter/repos/SCoNE/output/models/signed_cov_effects/train_7
772,0.00039246180335925443,0.14387778944254465,0.09876999053367345,0.3001388781108938,10,train,0,7,0.15624194694243657,0.17140276018659556,0.5456547616824016,-0.03524901321725696,0.3413676858719935,0.0890312912706413,0.36001753013702537,-0.1521427363912775,0.18710084852817468,0.11303802958271914,0.9274175974375143,SCoNE,0.0,True,/home/jupyter/repos/SCoNE/output/models/signed_cov_effects/train_7
773,-1.1101649250491254e-05,0.22551862894284533,0.165121477411535,0.2744884201703951,11,train,0,7,0.12359962416116933,0.1359983372315981,0.5614678411199104,-0.022408317898583278,0.4019814129567573,0.1061927695177084,0.3459339168695242,-0.12346666199010099,0.16799363040086504,0.10649478976953006,0.9274175974375143,SCoNE,0.0,True,/home/jupyter/repos/SCoNE/output/models/signed_cov_effects/train_7
774,0.0014112481780929294,0.18258154327699044,0.14241433275077034,0.27479952370190663,12,train,0,7,0.13050624193978833,0.17966362008981457,0.45474117095734445,-0.0325784304130226,0.2704111399042881,0.07728311644598979,0.30921502794015376,-0.1684183429445367,0.16900852028259455,0.10579100341931205,0.9274175974375143,SCoNE,0.0,True,/home/jupyter/repos/SCoNE/output/models/signed_cov_effects/train_7
775,0.0008957296693871747,0.15050166188220576,0.11169843320847939,0.28778761093620436,13,train,0,7,0.09975397040545747,0.12991110401397182,0.49594684185157983,-0.01790934668922369,0.3820878450211986,0.11398181886181258,0.30497547037969197,-0.17819072111320014,0.17166730431798088,0.11612030661822348,0.9274175974375143,SCoNE,0.0,True,/home/jupyter/repos/SCoNE/output/models/signed_cov_effects/train_7
776,0.014381692071881995,0.09491207692906556,0.07024746064847194,0.31277508799260073,14,train,0,7,0.062416378409476274,0.13697409613277198,0.5273985877855192,-0.03595279563585355,0.41622321583836697,0.13040866560531456,0.330558409581334,-0.1699105618608497,0.18562163643805346,0.12715345155454727,0.9274175974375143,SCoNE,0.0,True,/home/jupyter/repos/SCoNE/output/models/signed_cov_effects/train_7
777,0.002383077537709161,0.21690309689691212,0.13961101391013642,0.26269451520581305,15,train,0,7,0.12905198958601852,0.17282811600625883,0.5270630414755477,-0.03682614155460745,0.2721592057763751,0.07948448634072382,0.36417685084971574,-0.14077672959431534,0.16524072623314107,0.09745378897267197,0.9274175974375143,SCoNE,0.0,True,/home/jupyter/repos/SCoNE/output/models/signed_cov_effects/train_7
778,0.21161006125974272,0.2152869512840855,0.15082569660894074,0.2818173142763526,16,train,0,7,0.1772051585944647,0.157728425792531,0.5367946885797574,-0.026788655268123178,0.269341477383227,0.05640713337337012,0.33409202322762244,-0.13495993620452157,0.16969488750970213,0.11212242676665048,0.9274175974375143,SCoNE,0.0,True,/home/jupyter/repos/SCoNE/output/models/signed_cov_effects/train_7
779,0.004578489934217033,0.10903364949672083,0.08255266821329059,0.2942335254584395,17,train,0,7,0.10364555497117009,0.14294789067685584,0.5288991274572862,-0.028384516028593713,0.4171034794711242,0.09863085932617066,0.3000283465978585,-0.1775758574084325,0.17193445573646793,0.12229906972197158,0.9274175974375143,SCoNE,0.0,True,/home/jupyter/repos/SCoNE/output/models/signed_cov_effects/train_7
780,0.0005732179491918343,0.17368017108230108,0.12935902070641653,0.2893122396311662,18,train,0,7,0.07675567370884726,0.1216201853206252,0.5254487773816021,-0.025992251384797056,0.42905094122814724,0.1194994486186782,0.3229111876727164,-0.16522961058381977,0.17286445709783912,0.11644778253332709,0.9274175974375143,SCoNE,0.0,True,/home/jupyter/repos/SCoNE/output/models/signed_cov_effects/train_7
781,0.0012090729096423311,0.18273037733163133,0.11839102075328994,0.2905720731059065,19,train,0,7,0.047572550126199105,0.13036690225883507,0.529491762418579,-0.042841763725891,0.43842732863100675,0.12007626926757137,0.34416371731978046,-0.15978322242293364,0.17856803338257995,0.11200403972332656,0.9274175974375143,SCoNE,0.0,True,/home/jupyter/repos/SCoNE/output/models/signed_cov_effects/train_7
782,0.00045103362765935563,0.1549210462234307,0.110191886112639,0.30237898767968385,20,train,0,7,0.08207583980410735,0.1755241338286622,0.5324644979997362,-0.040896546060315765,0.4244755565531475,0.1190522586341555,0.35267565165570114,-0.16827426336828719,0.18243855856942529,0.11994042911025855,0.9274175974375143,SCoNE,0.0,True,/home/jupyter/repos/SCoNE/output/models/signed_cov_effects/train_7
783,0.0006454293652652035,0.14285370240768294,0.10595675207396078,0.29240954978249845,21,train,0,7,0.02956526901474089,0.11783696747457233,0.5348070205412312,-0.024570337659677702,0.42600868368253186,0.1149240926310216,0.34943248577665115,-0.14917065328198725,0.1793761875496353,0.11303336223286317,0.9274175974375143,SCoNE,0.0,True,/home/jupyter/repos/SCoNE/output/models/signed_cov_effects/train_7
784,0.04193557968319519,0.05363196553986257,0.046714802037659445,0.31507740900602343,22,train,0,7,0.10441941738397544,0.16082046523397645,0.5073025447568954,-0.044855455187567346,0.3349413202060418,0.14058136844977911,0.30791065639753207,-0.13142015785694472,0.18375793448108618,0.13131947452493728,0.9274175974375143,SCoNE,0.0,True,/home/jupyter/repos/SCoNE/output/models/signed_cov_effects/train_7
785,8.170504510684608e-05,0.1122313865757742,0.09067741383036428,0.3202583947829183,23,train,0,7,0.04980426732358184,0.1631521143322829,0.5538855392193801,-0.050577565224865145,0.38118350475123447,0.0957982418470481,0.3316668315590659,-0.18464857634467208,0.1971442529175418,0.12311414186537646,0.9274175974375143,SCoNE,0.0,True,/home/jupyter/repos/SCoNE/output/models/signed_cov_effects/train_7
786,0.0006979312884751631,0.1739818883103566,0.11675256635515371,0.28656937026659335,24,train,0,7,0.1265217541318347,0.15264957925394781,0.5725887281510155,-0.035312333496205495,0.43652589900793387,0.11085988801247876,0.3554643402491344,-0.11142229606535435,0.17626516997561806,0.1103042002909753,0.9274175974375143,SCoNE,0.0,True,/home/jupyter/repos/SCoNE/output/models/signed_cov_effects/train_7
787,0.0014301758164783935,0.16587695527819257,0.11200649477570707,0.2943769345206665,25,train,0,7,0.07528752442639991,0.16043318478707827,0.5334422439572795,-0.035393339328946984,0.4179738807953005,0.09806834813723128,0.3263698295500926,-0.18455986151292034,0.18340617663485953,0.11097075788580699,0.9274175974375143,SCoNE,0.0,True,/home/jupyter/repos/SCoNE/output/models/signed_cov_effects/train_7
788,0.05205728391366592,0.189589076178832,0.09879782691305719,0.2878548980326017,26,train,0,7,0.13712251205486656,0.1611053108938418,0.568853096764115,-0.016302126361275256,0.35756127867717363,0.09554629847906963,0.3885212111394668,-0.13911723253153357,0.18560108184300372,0.10225381618959802,0.9274175974375143,SCoNE,0.0,True,/home/jupyter/repos/SCoNE/output/models/signed_cov_effects/train_7
789,0.00026903342348962305,0.14758709535168207,0.1081113443452959,0.3038867679161155,27,train,0,7,0.02471109151125095,0.12513068334032978,0.5654901851463614,-0.02923615176448945,0.38826959337965933,0.11671899121989378,0.34544165574882546,-0.11344228131521138,0.18827524436385254,0.11561152355226297,0.9274175974375143,SCoNE,0.0,True,/home/jupyter/repos/SCoNE/output/models/signed_cov_effects/train_7
790,0.04241669892538588,0.09346149030118879,0.07574253157502536,0.29291558923976085,28,train,0,7,0.2033526556880244,0.21567261184423836,0.47447487476568795,-0.03121830091887653,0.34272666039740557,0.09403653080296642,0.2655631661180494,-0.16487435853337973,0.17230066309341546,0.12061492614634538,0.9274175974375143,SCoNE,0.0,True,/home/jupyter/repos/SCoNE/output/models/signed_cov_effects/train_7
791,0.0009745682931129937,0.12947206290484603,0.09922690548815083,0.3090025008496259,29,train,0,7,0.030379326499596983,0.11630111164225623,0.5293829289080506,-0.021496191899312723,0.43198686418992654,0.12052500763670115,0.3443227251150825,-0.14768742025348736,0.18441173485767257,0.1245907659919533,0.9274175974375143,SCoNE,0.0,True,/home/jupyter/repos/SCoNE/output/models/signed_cov_effects/train_7
792,0.0016262263537562469,0.10325614918947111,0.08679151299962587,0.3088463154672192,30,train,0,7,0.026553695095140422,0.1377814053010599,0.5709389995596602,-0.022022822236719312,0.3654049261191226,0.07971495176171917,0.35629213967526313,-0.1671693427716424,0.18010862278981424,0.12873769267740492,0.9274175974375143,SCoNE,0.0,True,/home/jupyter/repos/SCoNE/output/models/signed_cov_effects/train_7
793,0.03947004112482232,0.16118194801640223,0.09447120442283198,0.28229059800407197,31,train,0,7,0.16021421948651884,0.16137790998209667,0.533000733506604,-0.021840619441544515,0.4267153872864303,0.1171596130231841,0.35939057127289803,-0.13068441837759723,0.17480665713760984,0.10748394086646214,0.9274175974375143,SCoNE,0.0,True,/home/jupyter/repos/SCoNE/output/models/signed_cov_effects/train_7
794,0.08074120219271637,0.10433829616819691,0.08548029341727097,0.2789766380225617,32,train,0,7,0.13469060304707078,0.18103952074129948,0.4885169830726667,-0.019589534138437073,0.3148877262975231,0.08622638981871888,0.2756523581066653,-0.1458398963435267,0.15836754459354105,0.12060909342902061,0.9274175974375143,SCoNE,0.0,True,/home/jupyter/repos/SCoNE/output/models/signed_cov_effects/train_7
795,0.04510167355972381,0.2668503951016196,0.15801277714494674,0.27789438869939753,33,train,0,7,0.12003497902261483,0.16325179816179916,0.44190493290218225,-0.035962886588447956,0.26509692614523306,0.07741423329871248,0.33564838136429287,-0.12225362201198652,0.1760120898415582,0.10188229885783932,0.9274175974375143,SCoNE,0.0,True,/home/jupyter/repos/SCoNE/output/models/signed_cov_effects/train_7
796,0.0005077358635533386,0.1327536848361505,0.10142082925537134,0.3071710674609137,34,train,0,7,0.13933761067088088,0.17037253773636102,0.5486209669001199,-0.025854176114664836,0.35526572431636894,0.08924310056927963,0.33686339599744775,-0.14843103363857024,0.1861712444018428,0.1209998230590709,0.9274175974375143,SCoNE,0.0,True,/home/jupyter/repos/SCoNE/output/models/signed_cov_effects/train_7
797,0.00024342131704676632,0.18903783949615688,0.141876900387816,0.29059764702228863,35,train,0,7,0.09332725287330698,0.17124418906350558,0.5168930055088043,-0.03814612411515321,0.35743723317795545,0.10221014415316089,0.31779257506187125,-0.16267962097247823,0.17851704308965022,0.11208060393263844,0.9274175974375143,SCoNE,0.0,True,/home/jupyter/repos/SCoNE/output/models/signed_cov_effects/train_7
798,0.2540431537668045,0.2691852813662291,0.1755828828831887,0.28807150309580803,36,train,0,7,0.03201256059613882,0.11160111332958816,0.5267587995744043,-0.042836488470894614,0.3407535495480413,0.1067590137952904,0.36484626005371007,-0.15740291759346317,0.17056318977372562,0.11750831332208243,0.9274175974375143,SCoNE,0.0,True,/home/jupyter/repos/SCoNE/output/models/signed_cov_effects/train_7
799,0.0021325648906932275,0.09242010171090068,0.08200068609752086,0.32234259822335903,37,train,0,7,0.10994413893266539,0.14846872854427942,0.568123346831893,-0.031790956635528216,0.3080900754522858,0.11490927164404491,0.3104060774008577,-0.1238486542024903,0.17365363966699734,0.1486889585563617,0.9274175974375143,SCoNE,0.0,True,/home/jupyter/repos/SCoNE/output/models/signed_cov_effects/train_7
800,0.41764795771179536,0.2248913142014516,0.12753372042046027,0.28219713294325066,38,train,0,7,0.1423092614670518,0.1686072497290681,0.5337394229761089,-0.047043877900612756,0.2640724440254876,0.06581971976228514,0.34829899389623614,-0.16064724357686566,0.1818282781259182,0.10036885481733246,0.9274175974375143,SCoNE,0.0,True,/home/jupyter/repos/SCoNE/output/models/signed_cov_effects/train_7
801,0.0010268662628462092,0.11755725066830888,0.08958026734498072,0.30652417735636184,39,train,0,7,0.046935615254505465,0.13387737074449402,0.5337048421892572,-0.020819407083064956,0.42049704330746124,0.1011965107832037,0.3179597527691531,-0.16629725934418255,0.1822074715078672,0.12431670584849461,0.9274175974375143,SCoNE,0.0,True,/home/jupyter/repos/SCoNE/output/models/signed_cov_effects/train_7
802,0.0007840236773541548,0.17150358171105645,0.12071412210069081,0.2917000676583842,40,train,0,7,0.11295671014318838,0.17678071606317963,0.5456864802211615,-0.048869129786145354,0.3919366431503853,0.0989487196855322,0.3370263512712696,-0.17195250358357142,0.17855052291972423,0.11314954473865996,0.9274175974375143,SCoNE,0.0,True,/home/jupyter/repos/SCoNE/output/models/signed_cov_effects/train_7
803,0.0011418957330733182,0.12213919566101758,0.08825291722995007,0.28706785224440895,41,train,0,7,0.029103596890158623,0.11559576982499309,0.5352968610683172,-0.04670071290419378,0.41367867013225657,0.1120628470013173,0.3395275788142297,-0.17183900595185805,0.17589432774899239,0.11117352449541655,0.9274175974375143,SCoNE,0.0,True,/home/jupyter/repos/SCoNE/output/models/signed_cov_effects/train_7
804,-9.719825454985797e-06,0.2582895909139652,0.19251567915269324,0.2838294024006709,42,train,0,7,0.015522036405700166,0.11773535368634828,0.5331452855520418,-0.005972700011115972,0.40136116469430244,0.11750683890209655,0.3411492109434251,-0.1496055008782144,0.1752211589774832,0.10860824342318771,0.9274175974375143,SCoNE,0.0,True,/home/jupyter/repos/SCoNE/output/models/signed_cov_effects/train_7
805,0.0026814840769175214,0.3137700406462037,0.203226910373618,0.2672555422514953,43,train,0,7,0.12203596982161428,0.15682976581226035,0.3672668911570919,-0.026049838850038417,0.26324278484716024,0.07384597443028701,0.27835958946031913,-0.15304298914649822,0.16976948321579116,0.09748605903570413,0.9274175974375143,SCoNE,0.0,True,/home/jupyter/repos/SCoNE/output/models/signed_cov_effects/train_7
806,0.0028638594258567967,0.11008188795642379,0.0866293809165397,0.3225433377897842,44,train,0,7,0.03545188588717139,0.13028154831525499,0.545340730061739,-0.03630911823376341,0.3625883807116065,0.10255062015471074,0.3480607646951106,-0.16525065027436894,0.19764900032915492,0.12489433746062932,0.9274175974375143,SCoNE,0.0,True,/home/jupyter/repos/SCoNE/output/models/signed_cov_effects/train_7
807,0.000756335714849465,0.10075623047310857,0.08101929403584673,0.32158672602522104,45,train,0,7,0.05504400199074415,0.18305675346277547,0.5532553725196935,-0.04477207562464616,0.4250983949293651,0.11187181328022323,0.34441824845646396,-0.11336279521404,0.19510170049796235,0.12648502552725868,0.9274175974375143,SCoNE,0.0,True,/home/jupyter/repos/SCoNE/output/models/signed_cov_effects/train_7
808,0.0007463118964229869,0.11678364918305935,0.09849057172700715,0.29645793558326544,46,train,0,7,0.1157003719685054,0.17265018746287825,0.5134628440457023,-0.02405216475805705,0.3038881739964207,0.07948178196444877,0.3306541330732699,-0.1913284132845828,0.1745969278310296,0.12186100775223585,0.9274175974375143,SCoNE,0.0,True,/home/jupyter/repos/SCoNE/output/models/signed_cov_effects/train_7
809,0.008643207411097397,0.1176011263724144,0.09909385707729096,0.29946405570651996,47,train,0,7,0.06883881429252504,0.14373082232675027,0.5554881900503479,-0.0251886935597677,0.319546933440832,0.07968419858017102,0.30398923491161267,-0.16506553172560146,0.1720386771356301,0.12742537857088987,0.9274175974375143,SCoNE,0.0,True,/home/jupyter/repos/SCoNE/output/models/signed_cov_effects/train_7
810,0.0011817826464512351,0.12002457412182754,0.10473883435965542,0.3308694840395604,48,train,0,7,0.11855736164025256,0.16504572875548895,0.5185645803734389,-0.05053251236989992,0.31999979802026424,0.09984757223607334,0.29519158804257933,-0.17907895002329352,0.17464748485756906,0.15622199918199134,0.9274175974375143,SCoNE,0.0,True,/home/jupyter/repos/SCoNE/output/models/signed_cov_effects/train_7
811,0.059259166991094084,0.11542112202715007,0.0799475632971134,0.3244866833065162,49,train,0,7,0.04344160439224558,0.11702820123149396,0.584689016374269,-0.026361504465042197,0.36856501067859176,0.10196951809429738,0.34225988109068906,-0.1785776394943955,0.19873831533172512,0.12574836797479105,0.9274175974375143,SCoNE,0.0,True,/home/jupyter/repos/SCoNE/output/models/signed_cov_effects/train_7
